/opt/conda/envs/marionette/lib/python3.10/site-packages/lightning_fabric/__init__.py:29: UserWarning: pkg_resources is deprecated as an API. See https://setuptools.pypa.io/en/latest/pkg_resources.html. The pkg_resources package is slated for removal as early as 2025-11-30. Refrain from using this package or pin to Setuptools<81.
  __import__("pkg_resources").declare_namespace(__name__)
[DEBUG] Force updated projector.projection_existence_weight to 0.8
[DEBUG] sample.py forced use_constraint_projection=True
[DEBUG] projection params: {'freq': 2, 'tau': 0.0, 'lambda_init': 0.0, 'mu_init': 1.0, 'mu_alpha': 1.3, 'mu_max': 1000.0, 'outer_iterations': 20, 'inner_iterations': 25, 'eta': 0.15, 'delta_tol': 1e-08, 'projection_existence_weight': 0.8, 'use_gumbel_softmax': True, 'gumbel_temperature': 1.0, 'mu': 1.0}
[GPU 2] Processing 1198 sequences (Range: 2396 -> 3594)
po_matrix shape: torch.Size([512, 9, 9]) sum0: 26.0
tau before cond_encoder: torch.Size([512, 17]) time: torch.Size([512, 17])
tau after  cond_encoder: torch.Size([512, 17]) time: torch.Size([512, 17])

[Projection Start] Batch: 512, Constraints: 33
  [Outer 01/20] Loss (KL=nan, Const=nan) | Viol_Order(max=2.00, mean=0.0023) | Viol_Exist(max=2.00, mean=1.8322) | Mu_O(max=1.0) Mu_E(max=1.0) | Lam_O(max=0.00) Lam_E(max=0.00)
  [Outer 10/20] Loss (KL=nan, Const=nan) | Viol_Order(max=2.00, mean=0.0769) | Viol_Exist(max=2.00, mean=1.0804) | Mu_O(max=10.6) Mu_E(max=10.6) | Lam_O(max=32.01) Lam_E(max=64.03)
  [Outer 20/20] Loss (KL=nan, Const=nan) | Viol_Order(max=2.00, mean=0.0674) | Viol_Exist(max=2.00, mean=1.0808) | Mu_O(max=146.2) Mu_E(max=146.2) | Lam_O(max=483.97) Lam_E(max=967.95)

[Projection Start] Batch: 512, Constraints: 33
  [Outer 01/20] Loss (KL=nan, Const=nan) | Viol_Order(max=3.00, mean=0.0058) | Viol_Exist(max=2.00, mean=1.7620) | Mu_O(max=1.0) Mu_E(max=1.0) | Lam_O(max=0.00) Lam_E(max=0.00)
  [Outer 10/20] Loss (KL=nan, Const=nan) | Viol_Order(max=2.00, mean=0.0681) | Viol_Exist(max=2.00, mean=1.0797) | Mu_O(max=10.6) Mu_E(max=10.6) | Lam_O(max=34.01) Lam_E(max=64.03)
  [Outer 20/20] Loss (KL=nan, Const=nan) | Viol_Order(max=1.00, mean=0.0630) | Viol_Exist(max=2.00, mean=1.0772) | Mu_O(max=146.2) Mu_E(max=146.2) | Lam_O(max=485.97) Lam_E(max=967.95)

[Projection Start] Batch: 512, Constraints: 33
  [Outer 01/20] Loss (KL=nan, Const=nan) | Viol_Order(max=3.00, mean=0.0076) | Viol_Exist(max=2.00, mean=1.7114) | Mu_O(max=1.0) Mu_E(max=1.0) | Lam_O(max=0.00) Lam_E(max=0.00)
  [Outer 10/20] Loss (KL=nan, Const=nan) | Viol_Order(max=2.00, mean=0.0679) | Viol_Exist(max=2.00, mean=1.0816) | Mu_O(max=10.6) Mu_E(max=10.6) | Lam_O(max=32.01) Lam_E(max=64.03)
  [Outer 20/20] Loss (KL=nan, Const=nan) | Viol_Order(max=2.00, mean=0.0614) | Viol_Exist(max=2.00, mean=1.0787) | Mu_O(max=146.2) Mu_E(max=146.2) | Lam_O(max=483.97) Lam_E(max=967.95)

[Projection Start] Batch: 512, Constraints: 33
  [Outer 01/20] Loss (KL=nan, Const=nan) | Viol_Order(max=5.00, mean=0.0086) | Viol_Exist(max=2.00, mean=1.6958) | Mu_O(max=1.0) Mu_E(max=1.0) | Lam_O(max=0.00) Lam_E(max=0.00)
  [Outer 10/20] Loss (KL=nan, Const=nan) | Viol_Order(max=2.00, mean=0.0650) | Viol_Exist(max=2.00, mean=1.0810) | Mu_O(max=10.6) Mu_E(max=10.6) | Lam_O(max=33.31) Lam_E(max=64.03)
  [Outer 20/20] Loss (KL=nan, Const=nan) | Viol_Order(max=2.00, mean=0.0598) | Viol_Exist(max=2.00, mean=1.0797) | Mu_O(max=146.2) Mu_E(max=146.2) | Lam_O(max=485.27) Lam_E(max=967.95)

[Projection Start] Batch: 512, Constraints: 33
  [Outer 01/20] Loss (KL=nan, Const=nan) | Viol_Order(max=5.00, mean=0.0123) | Viol_Exist(max=2.00, mean=1.6561) | Mu_O(max=1.0) Mu_E(max=1.0) | Lam_O(max=0.00) Lam_E(max=0.00)
  [Outer 10/20] Loss (KL=nan, Const=nan) | Viol_Order(max=2.00, mean=0.0685) | Viol_Exist(max=2.00, mean=1.0821) | Mu_O(max=10.6) Mu_E(max=10.6) | Lam_O(max=32.01) Lam_E(max=64.03)
  [Outer 20/20] Loss (KL=nan, Const=nan) | Viol_Order(max=2.00, mean=0.0653) | Viol_Exist(max=2.00, mean=1.0821) | Mu_O(max=146.2) Mu_E(max=146.2) | Lam_O(max=483.97) Lam_E(max=967.95)

[Projection Start] Batch: 512, Constraints: 33
  [Outer 01/20] Loss (KL=nan, Const=nan) | Viol_Order(max=4.00, mean=0.0154) | Viol_Exist(max=2.00, mean=1.6341) | Mu_O(max=1.0) Mu_E(max=1.0) | Lam_O(max=0.00) Lam_E(max=0.00)
  [Outer 10/20] Loss (KL=nan, Const=nan) | Viol_Order(max=2.00, mean=0.0643) | Viol_Exist(max=2.00, mean=1.0855) | Mu_O(max=10.6) Mu_E(max=10.6) | Lam_O(max=32.01) Lam_E(max=64.03)
  [Outer 20/20] Loss (KL=nan, Const=nan) | Viol_Order(max=2.00, mean=0.0613) | Viol_Exist(max=2.00, mean=1.0909) | Mu_O(max=146.2) Mu_E(max=146.2) | Lam_O(max=483.97) Lam_E(max=967.95)

[Projection Start] Batch: 512, Constraints: 33
  [Outer 01/20] Loss (KL=nan, Const=nan) | Viol_Order(max=4.00, mean=0.0166) | Viol_Exist(max=2.00, mean=1.6028) | Mu_O(max=1.0) Mu_E(max=1.0) | Lam_O(max=0.00) Lam_E(max=0.00)
  [Outer 10/20] Loss (KL=nan, Const=nan) | Viol_Order(max=2.00, mean=0.0666) | Viol_Exist(max=2.00, mean=1.0929) | Mu_O(max=10.6) Mu_E(max=10.6) | Lam_O(max=33.70) Lam_E(max=64.03)
  [Outer 20/20] Loss (KL=nan, Const=nan) | Viol_Order(max=2.00, mean=0.0618) | Viol_Exist(max=2.00, mean=1.0919) | Mu_O(max=146.2) Mu_E(max=146.2) | Lam_O(max=483.97) Lam_E(max=967.95)

[Projection Start] Batch: 512, Constraints: 33
  [Outer 01/20] Loss (KL=nan, Const=nan) | Viol_Order(max=3.00, mean=0.0224) | Viol_Exist(max=2.00, mean=1.5688) | Mu_O(max=1.0) Mu_E(max=1.0) | Lam_O(max=0.00) Lam_E(max=0.00)
  [Outer 10/20] Loss (KL=nan, Const=nan) | Viol_Order(max=2.00, mean=0.0650) | Viol_Exist(max=2.00, mean=1.0857) | Mu_O(max=10.6) Mu_E(max=10.6) | Lam_O(max=33.31) Lam_E(max=64.03)
  [Outer 20/20] Loss (KL=nan, Const=nan) | Viol_Order(max=1.00, mean=0.0609) | Viol_Exist(max=2.00, mean=1.0927) | Mu_O(max=146.2) Mu_E(max=146.2) | Lam_O(max=484.97) Lam_E(max=967.95)

[Projection Start] Batch: 512, Constraints: 33
  [Outer 01/20] Loss (KL=nan, Const=nan) | Viol_Order(max=6.00, mean=0.0257) | Viol_Exist(max=2.00, mean=1.5362) | Mu_O(max=1.0) Mu_E(max=1.0) | Lam_O(max=0.00) Lam_E(max=0.00)
  [Outer 10/20] Loss (KL=nan, Const=nan) | Viol_Order(max=2.00, mean=0.0626) | Viol_Exist(max=2.00, mean=1.0910) | Mu_O(max=10.6) Mu_E(max=10.6) | Lam_O(max=37.20) Lam_E(max=64.03)
  [Outer 20/20] Loss (KL=nan, Const=nan) | Viol_Order(max=1.00, mean=0.0594) | Viol_Exist(max=2.00, mean=1.0935) | Mu_O(max=146.2) Mu_E(max=146.2) | Lam_O(max=489.16) Lam_E(max=967.95)

[Projection Start] Batch: 512, Constraints: 33
  [Outer 01/20] Loss (KL=nan, Const=nan) | Viol_Order(max=4.00, mean=0.0291) | Viol_Exist(max=2.00, mean=1.4870) | Mu_O(max=1.0) Mu_E(max=1.0) | Lam_O(max=0.00) Lam_E(max=0.00)
  [Outer 10/20] Loss (KL=nan, Const=nan) | Viol_Order(max=2.00, mean=0.0629) | Viol_Exist(max=2.00, mean=1.0920) | Mu_O(max=10.6) Mu_E(max=10.6) | Lam_O(max=37.07) Lam_E(max=64.03)
  [Outer 20/20] Loss (KL=nan, Const=nan) | Viol_Order(max=2.00, mean=0.0604) | Viol_Exist(max=2.00, mean=1.0968) | Mu_O(max=146.2) Mu_E(max=146.2) | Lam_O(max=489.03) Lam_E(max=967.95)

[Projection Start] Batch: 512, Constraints: 33
  [Outer 01/20] Loss (KL=nan, Const=nan) | Viol_Order(max=5.00, mean=0.0318) | Viol_Exist(max=2.00, mean=1.4692) | Mu_O(max=1.0) Mu_E(max=1.0) | Lam_O(max=0.00) Lam_E(max=0.00)
  [Outer 10/20] Loss (KL=nan, Const=nan) | Viol_Order(max=2.00, mean=0.0578) | Viol_Exist(max=2.00, mean=1.0952) | Mu_O(max=10.6) Mu_E(max=10.6) | Lam_O(max=35.90) Lam_E(max=64.03)
  [Outer 20/20] Loss (KL=nan, Const=nan) | Viol_Order(max=1.00, mean=0.0550) | Viol_Exist(max=2.00, mean=1.0956) | Mu_O(max=146.2) Mu_E(max=146.2) | Lam_O(max=486.27) Lam_E(max=967.95)

[Projection Start] Batch: 512, Constraints: 33
  [Outer 01/20] Loss (KL=nan, Const=nan) | Viol_Order(max=4.00, mean=0.0349) | Viol_Exist(max=2.00, mean=1.4365) | Mu_O(max=1.0) Mu_E(max=1.0) | Lam_O(max=0.00) Lam_E(max=0.00)
  [Outer 10/20] Loss (KL=nan, Const=nan) | Viol_Order(max=2.00, mean=0.0575) | Viol_Exist(max=2.00, mean=1.0953) | Mu_O(max=10.6) Mu_E(max=10.6) | Lam_O(max=38.20) Lam_E(max=64.03)
  [Outer 20/20] Loss (KL=nan, Const=nan) | Viol_Order(max=2.00, mean=0.0562) | Viol_Exist(max=2.00, mean=1.1011) | Mu_O(max=146.2) Mu_E(max=146.2) | Lam_O(max=486.96) Lam_E(max=967.95)

[Projection Start] Batch: 512, Constraints: 33
  [Outer 01/20] Loss (KL=nan, Const=nan) | Viol_Order(max=4.00, mean=0.0329) | Viol_Exist(max=2.00, mean=1.3863) | Mu_O(max=1.0) Mu_E(max=1.0) | Lam_O(max=0.00) Lam_E(max=0.00)
  [Outer 10/20] Loss (KL=nan, Const=nan) | Viol_Order(max=2.00, mean=0.0568) | Viol_Exist(max=2.00, mean=1.0971) | Mu_O(max=10.6) Mu_E(max=10.6) | Lam_O(max=34.31) Lam_E(max=64.03)
  [Outer 20/20] Loss (KL=nan, Const=nan) | Viol_Order(max=1.00, mean=0.0559) | Viol_Exist(max=2.00, mean=1.0981) | Mu_O(max=146.2) Mu_E(max=146.2) | Lam_O(max=486.27) Lam_E(max=967.95)

[Projection Start] Batch: 512, Constraints: 33
  [Outer 01/20] Loss (KL=nan, Const=nan) | Viol_Order(max=6.00, mean=0.0415) | Viol_Exist(max=2.00, mean=1.3525) | Mu_O(max=1.0) Mu_E(max=1.0) | Lam_O(max=0.00) Lam_E(max=0.00)
  [Outer 10/20] Loss (KL=nan, Const=nan) | Viol_Order(max=3.00, mean=0.0572) | Viol_Exist(max=2.00, mean=1.1014) | Mu_O(max=10.6) Mu_E(max=10.6) | Lam_O(max=37.99) Lam_E(max=64.03)
  [Outer 20/20] Loss (KL=nan, Const=nan) | Viol_Order(max=1.00, mean=0.0574) | Viol_Exist(max=2.00, mean=1.1017) | Mu_O(max=146.2) Mu_E(max=146.2) | Lam_O(max=487.27) Lam_E(max=967.95)

[Projection Start] Batch: 512, Constraints: 33
  [Outer 01/20] Loss (KL=nan, Const=nan) | Viol_Order(max=4.00, mean=0.0481) | Viol_Exist(max=2.00, mean=1.3166) | Mu_O(max=1.0) Mu_E(max=1.0) | Lam_O(max=0.00) Lam_E(max=0.00)
  [Outer 10/20] Loss (KL=nan, Const=nan) | Viol_Order(max=2.00, mean=0.0568) | Viol_Exist(max=2.00, mean=1.1026) | Mu_O(max=10.6) Mu_E(max=10.6) | Lam_O(max=36.90) Lam_E(max=64.03)
  [Outer 20/20] Loss (KL=nan, Const=nan) | Viol_Order(max=1.00, mean=0.0579) | Viol_Exist(max=2.00, mean=1.1065) | Mu_O(max=146.2) Mu_E(max=146.2) | Lam_O(max=488.86) Lam_E(max=967.95)

[Projection Start] Batch: 512, Constraints: 33
  [Outer 01/20] Loss (KL=nan, Const=nan) | Viol_Order(max=4.00, mean=0.0549) | Viol_Exist(max=2.00, mean=1.2871) | Mu_O(max=1.0) Mu_E(max=1.0) | Lam_O(max=0.00) Lam_E(max=0.00)
  [Outer 10/20] Loss (KL=nan, Const=nan) | Viol_Order(max=2.00, mean=0.0569) | Viol_Exist(max=2.00, mean=1.1042) | Mu_O(max=10.6) Mu_E(max=10.6) | Lam_O(max=36.00) Lam_E(max=64.03)
  [Outer 20/20] Loss (KL=nan, Const=nan) | Viol_Order(max=1.00, mean=0.0578) | Viol_Exist(max=2.00, mean=1.1067) | Mu_O(max=146.2) Mu_E(max=146.2) | Lam_O(max=487.96) Lam_E(max=967.95)

[Projection Start] Batch: 512, Constraints: 33
  [Outer 01/20] Loss (KL=nan, Const=nan) | Viol_Order(max=4.00, mean=0.0604) | Viol_Exist(max=2.00, mean=1.2634) | Mu_O(max=1.0) Mu_E(max=1.0) | Lam_O(max=0.00) Lam_E(max=0.00)
  [Outer 10/20] Loss (KL=nan, Const=nan) | Viol_Order(max=2.00, mean=0.0521) | Viol_Exist(max=2.00, mean=1.1118) | Mu_O(max=10.6) Mu_E(max=10.6) | Lam_O(max=39.50) Lam_E(max=64.03)
  [Outer 20/20] Loss (KL=nan, Const=nan) | Viol_Order(max=2.00, mean=0.0524) | Viol_Exist(max=2.00, mean=1.1166) | Mu_O(max=146.2) Mu_E(max=146.2) | Lam_O(max=491.46) Lam_E(max=967.95)

[Projection Start] Batch: 512, Constraints: 33
  [Outer 01/20] Loss (KL=nan, Const=nan) | Viol_Order(max=3.00, mean=0.0566) | Viol_Exist(max=2.00, mean=1.2379) | Mu_O(max=1.0) Mu_E(max=1.0) | Lam_O(max=0.00) Lam_E(max=0.00)
  [Outer 10/20] Loss (KL=nan, Const=nan) | Viol_Order(max=2.00, mean=0.0524) | Viol_Exist(max=2.00, mean=1.1137) | Mu_O(max=10.6) Mu_E(max=10.6) | Lam_O(max=34.31) Lam_E(max=64.03)
  [Outer 20/20] Loss (KL=nan, Const=nan) | Viol_Order(max=2.00, mean=0.0506) | Viol_Exist(max=2.00, mean=1.1191) | Mu_O(max=146.2) Mu_E(max=146.2) | Lam_O(max=486.27) Lam_E(max=967.95)

[Projection Start] Batch: 512, Constraints: 33
  [Outer 01/20] Loss (KL=nan, Const=nan) | Viol_Order(max=4.00, mean=0.0626) | Viol_Exist(max=2.00, mean=1.2175) | Mu_O(max=1.0) Mu_E(max=1.0) | Lam_O(max=0.00) Lam_E(max=0.00)
  [Outer 10/20] Loss (KL=nan, Const=nan) | Viol_Order(max=2.00, mean=0.0487) | Viol_Exist(max=2.00, mean=1.1146) | Mu_O(max=10.6) Mu_E(max=10.6) | Lam_O(max=35.31) Lam_E(max=64.03)
  [Outer 20/20] Loss (KL=nan, Const=nan) | Viol_Order(max=1.00, mean=0.0511) | Viol_Exist(max=2.00, mean=1.1167) | Mu_O(max=146.2) Mu_E(max=146.2) | Lam_O(max=486.27) Lam_E(max=967.95)

[Projection Start] Batch: 512, Constraints: 33
  [Outer 01/20] Loss (KL=nan, Const=nan) | Viol_Order(max=4.00, mean=0.0668) | Viol_Exist(max=2.00, mean=1.1917) | Mu_O(max=1.0) Mu_E(max=1.0) | Lam_O(max=0.00) Lam_E(max=0.00)
  [Outer 10/20] Loss (KL=nan, Const=nan) | Viol_Order(max=1.00, mean=0.0487) | Viol_Exist(max=2.00, mean=1.1166) | Mu_O(max=10.6) Mu_E(max=10.6) | Lam_O(max=35.00) Lam_E(max=64.03)
  [Outer 20/20] Loss (KL=nan, Const=nan) | Viol_Order(max=2.00, mean=0.0474) | Viol_Exist(max=2.00, mean=1.1191) | Mu_O(max=146.2) Mu_E(max=146.2) | Lam_O(max=486.96) Lam_E(max=967.95)

[Projection Start] Batch: 512, Constraints: 33
  [Outer 01/20] Loss (KL=nan, Const=nan) | Viol_Order(max=4.00, mean=0.0697) | Viol_Exist(max=2.00, mean=1.1742) | Mu_O(max=1.0) Mu_E(max=1.0) | Lam_O(max=0.00) Lam_E(max=0.00)
  [Outer 10/20] Loss (KL=nan, Const=nan) | Viol_Order(max=1.00, mean=0.0450) | Viol_Exist(max=2.00, mean=1.1195) | Mu_O(max=10.6) Mu_E(max=10.6) | Lam_O(max=38.20) Lam_E(max=64.03)
  [Outer 20/20] Loss (KL=nan, Const=nan) | Viol_Order(max=1.00, mean=0.0459) | Viol_Exist(max=2.00, mean=1.1212) | Mu_O(max=146.2) Mu_E(max=146.2) | Lam_O(max=486.66) Lam_E(max=967.95)

[Projection Start] Batch: 512, Constraints: 33
  [Outer 01/20] Loss (KL=nan, Const=nan) | Viol_Order(max=3.00, mean=0.0665) | Viol_Exist(max=2.00, mean=1.1630) | Mu_O(max=1.0) Mu_E(max=1.0) | Lam_O(max=0.00) Lam_E(max=0.00)
  [Outer 10/20] Loss (KL=nan, Const=nan) | Viol_Order(max=2.00, mean=0.0444) | Viol_Exist(max=2.00, mean=1.1251) | Mu_O(max=10.6) Mu_E(max=10.6) | Lam_O(max=34.31) Lam_E(max=64.03)
  [Outer 20/20] Loss (KL=nan, Const=nan) | Viol_Order(max=2.00, mean=0.0447) | Viol_Exist(max=2.00, mean=1.1240) | Mu_O(max=146.2) Mu_E(max=146.2) | Lam_O(max=486.27) Lam_E(max=967.95)

[Projection Start] Batch: 512, Constraints: 33
  [Outer 01/20] Loss (KL=nan, Const=nan) | Viol_Order(max=4.00, mean=0.0665) | Viol_Exist(max=2.00, mean=1.1491) | Mu_O(max=1.0) Mu_E(max=1.0) | Lam_O(max=0.00) Lam_E(max=0.00)
  [Outer 10/20] Loss (KL=nan, Const=nan) | Viol_Order(max=2.00, mean=0.0379) | Viol_Exist(max=2.00, mean=1.1282) | Mu_O(max=10.6) Mu_E(max=10.6) | Lam_O(max=35.87) Lam_E(max=64.03)
  [Outer 20/20] Loss (KL=nan, Const=nan) | Viol_Order(max=2.00, mean=0.0398) | Viol_Exist(max=2.00, mean=1.1273) | Mu_O(max=146.2) Mu_E(max=146.2) | Lam_O(max=487.83) Lam_E(max=967.95)

[Projection Start] Batch: 512, Constraints: 33
  [Outer 01/20] Loss (KL=nan, Const=nan) | Viol_Order(max=3.00, mean=0.0614) | Viol_Exist(max=2.00, mean=1.1426) | Mu_O(max=1.0) Mu_E(max=1.0) | Lam_O(max=0.00) Lam_E(max=0.00)
  [Outer 10/20] Loss (KL=nan, Const=nan) | Viol_Order(max=2.00, mean=0.0392) | Viol_Exist(max=2.00, mean=1.1266) | Mu_O(max=10.6) Mu_E(max=10.6) | Lam_O(max=37.03) Lam_E(max=64.03)
  [Outer 20/20] Loss (KL=nan, Const=nan) | Viol_Order(max=2.00, mean=0.0389) | Viol_Exist(max=2.00, mean=1.1297) | Mu_O(max=146.2) Mu_E(max=146.2) | Lam_O(max=488.99) Lam_E(max=967.95)

[Projection Start] Batch: 512, Constraints: 33
  [Outer 01/20] Loss (KL=nan, Const=nan) | Viol_Order(max=4.00, mean=0.0584) | Viol_Exist(max=2.00, mean=1.1322) | Mu_O(max=1.0) Mu_E(max=1.0) | Lam_O(max=0.00) Lam_E(max=0.00)
  [Outer 10/20] Loss (KL=nan, Const=nan) | Viol_Order(max=2.00, mean=0.0330) | Viol_Exist(max=2.00, mean=1.1374) | Mu_O(max=10.6) Mu_E(max=10.6) | Lam_O(max=37.00) Lam_E(max=64.03)
  [Outer 20/20] Loss (KL=nan, Const=nan) | Viol_Order(max=1.00, mean=0.0354) | Viol_Exist(max=2.00, mean=1.1358) | Mu_O(max=146.2) Mu_E(max=146.2) | Lam_O(max=488.96) Lam_E(max=967.95)

[Projection Start] Batch: 512, Constraints: 33
  [Outer 01/20] Loss (KL=nan, Const=nan) | Viol_Order(max=5.00, mean=0.0526) | Viol_Exist(max=2.00, mean=1.1283) | Mu_O(max=1.0) Mu_E(max=1.0) | Lam_O(max=0.00) Lam_E(max=0.00)
  [Outer 10/20] Loss (KL=nan, Const=nan) | Viol_Order(max=2.00, mean=0.0369) | Viol_Exist(max=2.00, mean=1.1400) | Mu_O(max=10.6) Mu_E(max=10.6) | Lam_O(max=101.62) Lam_E(max=64.03)
  [Outer 20/20] Loss (KL=nan, Const=nan) | Viol_Order(max=2.00, mean=0.0233) | Viol_Exist(max=2.00, mean=1.1564) | Mu_O(max=146.2) Mu_E(max=146.2) | Lam_O(max=540.38) Lam_E(max=967.95)

[Projection Start] Batch: 512, Constraints: 33
  [Outer 01/20] Loss (KL=nan, Const=nan) | Viol_Order(max=4.00, mean=0.0439) | Viol_Exist(max=2.00, mean=1.1386) | Mu_O(max=1.0) Mu_E(max=1.0) | Lam_O(max=0.00) Lam_E(max=0.00)
  [Outer 10/20] Loss (KL=nan, Const=nan) | Viol_Order(max=2.00, mean=0.0305) | Viol_Exist(max=2.00, mean=1.1467) | Mu_O(max=10.6) Mu_E(max=10.6) | Lam_O(max=71.57) Lam_E(max=64.03)
  [Outer 20/20] Loss (KL=nan, Const=nan) | Viol_Order(max=1.00, mean=0.0221) | Viol_Exist(max=2.00, mean=1.1547) | Mu_O(max=146.2) Mu_E(max=146.2) | Lam_O(max=540.38) Lam_E(max=967.95)

[Projection Start] Batch: 512, Constraints: 33
  [Outer 01/20] Loss (KL=nan, Const=nan) | Viol_Order(max=4.00, mean=0.0369) | Viol_Exist(max=2.00, mean=1.1431) | Mu_O(max=1.0) Mu_E(max=1.0) | Lam_O(max=0.00) Lam_E(max=0.00)
  [Outer 10/20] Loss (KL=nan, Const=nan) | Viol_Order(max=2.00, mean=0.0275) | Viol_Exist(max=2.00, mean=1.1503) | Mu_O(max=10.6) Mu_E(max=10.6) | Lam_O(max=87.89) Lam_E(max=64.03)
  [Outer 20/20] Loss (KL=nan, Const=nan) | Viol_Order(max=2.00, mean=0.0205) | Viol_Exist(max=2.00, mean=1.1560) | Mu_O(max=146.2) Mu_E(max=146.2) | Lam_O(max=611.89) Lam_E(max=967.95)

[Projection Start] Batch: 512, Constraints: 33
  [Outer 01/20] Loss (KL=nan, Const=nan) | Viol_Order(max=3.00, mean=0.0323) | Viol_Exist(max=2.00, mean=1.1495) | Mu_O(max=1.0) Mu_E(max=1.0) | Lam_O(max=0.00) Lam_E(max=0.00)
  [Outer 10/20] Loss (KL=nan, Const=nan) | Viol_Order(max=2.00, mean=0.0233) | Viol_Exist(max=2.00, mean=1.1565) | Mu_O(max=10.6) Mu_E(max=10.6) | Lam_O(max=81.61) Lam_E(max=64.03)
  [Outer 20/20] Loss (KL=nan, Const=nan) | Viol_Order(max=2.00, mean=0.0198) | Viol_Exist(max=2.00, mean=1.1556) | Mu_O(max=146.2) Mu_E(max=146.2) | Lam_O(max=581.60) Lam_E(max=967.95)

[Projection Start] Batch: 512, Constraints: 33
  [Outer 01/20] Loss (KL=nan, Const=nan) | Viol_Order(max=4.00, mean=0.0304) | Viol_Exist(max=2.00, mean=1.1502) | Mu_O(max=1.0) Mu_E(max=1.0) | Lam_O(max=0.00) Lam_E(max=0.00)
  [Outer 10/20] Loss (KL=nan, Const=nan) | Viol_Order(max=2.00, mean=0.0230) | Viol_Exist(max=2.00, mean=1.1539) | Mu_O(max=10.6) Mu_E(max=10.6) | Lam_O(max=81.38) Lam_E(max=64.03)
  [Outer 20/20] Loss (KL=nan, Const=nan) | Viol_Order(max=2.00, mean=0.0193) | Viol_Exist(max=2.00, mean=1.1557) | Mu_O(max=146.2) Mu_E(max=146.2) | Lam_O(max=651.26) Lam_E(max=967.95)

[Projection Start] Batch: 512, Constraints: 33
  [Outer 01/20] Loss (KL=nan, Const=nan) | Viol_Order(max=4.00, mean=0.0289) | Viol_Exist(max=2.00, mean=1.1499) | Mu_O(max=1.0) Mu_E(max=1.0) | Lam_O(max=0.00) Lam_E(max=0.00)
  [Outer 10/20] Loss (KL=nan, Const=nan) | Viol_Order(max=2.00, mean=0.0230) | Viol_Exist(max=2.00, mean=1.1533) | Mu_O(max=10.6) Mu_E(max=10.6) | Lam_O(max=89.54) Lam_E(max=64.03)
  [Outer 20/20] Loss (KL=nan, Const=nan) | Viol_Order(max=2.00, mean=0.0191) | Viol_Exist(max=2.00, mean=1.1551) | Mu_O(max=146.2) Mu_E(max=146.2) | Lam_O(max=558.30) Lam_E(max=967.95)

[Projection Start] Batch: 512, Constraints: 33
  [Outer 01/20] Loss (KL=nan, Const=nan) | Viol_Order(max=2.00, mean=0.0276) | Viol_Exist(max=2.00, mean=1.1500) | Mu_O(max=1.0) Mu_E(max=1.0) | Lam_O(max=0.00) Lam_E(max=0.00)
  [Outer 10/20] Loss (KL=nan, Const=nan) | Viol_Order(max=2.00, mean=0.0230) | Viol_Exist(max=2.00, mean=1.1532) | Mu_O(max=10.6) Mu_E(max=10.6) | Lam_O(max=64.03) Lam_E(max=64.03)
  [Outer 20/20] Loss (KL=nan, Const=nan) | Viol_Order(max=2.00, mean=0.0164) | Viol_Exist(max=2.00, mean=1.1589) | Mu_O(max=146.2) Mu_E(max=146.2) | Lam_O(max=540.38) Lam_E(max=967.95)

[Projection Start] Batch: 512, Constraints: 33
  [Outer 01/20] Loss (KL=nan, Const=nan) | Viol_Order(max=3.00, mean=0.0256) | Viol_Exist(max=2.00, mean=1.1540) | Mu_O(max=1.0) Mu_E(max=1.0) | Lam_O(max=0.00) Lam_E(max=0.00)
  [Outer 10/20] Loss (KL=nan, Const=nan) | Viol_Order(max=2.00, mean=0.0205) | Viol_Exist(max=2.00, mean=1.1565) | Mu_O(max=10.6) Mu_E(max=10.6) | Lam_O(max=81.61) Lam_E(max=64.03)
  [Outer 20/20] Loss (KL=nan, Const=nan) | Viol_Order(max=2.00, mean=0.0166) | Viol_Exist(max=2.00, mean=1.1578) | Mu_O(max=146.2) Mu_E(max=146.2) | Lam_O(max=540.38) Lam_E(max=967.95)

[Projection Start] Batch: 512, Constraints: 33
  [Outer 01/20] Loss (KL=nan, Const=nan) | Viol_Order(max=3.00, mean=0.0250) | Viol_Exist(max=2.00, mean=1.1530) | Mu_O(max=1.0) Mu_E(max=1.0) | Lam_O(max=0.00) Lam_E(max=0.00)
  [Outer 10/20] Loss (KL=nan, Const=nan) | Viol_Order(max=2.00, mean=0.0206) | Viol_Exist(max=2.00, mean=1.1557) | Mu_O(max=10.6) Mu_E(max=10.6) | Lam_O(max=67.18) Lam_E(max=64.03)
  [Outer 20/20] Loss (KL=nan, Const=nan) | Viol_Order(max=2.00, mean=0.0166) | Viol_Exist(max=2.00, mean=1.1570) | Mu_O(max=146.2) Mu_E(max=146.2) | Lam_O(max=540.38) Lam_E(max=967.95)

[Projection Start] Batch: 512, Constraints: 33
  [Outer 01/20] Loss (KL=nan, Const=nan) | Viol_Order(max=4.00, mean=0.0238) | Viol_Exist(max=2.00, mean=1.1522) | Mu_O(max=1.0) Mu_E(max=1.0) | Lam_O(max=0.00) Lam_E(max=0.00)
  [Outer 10/20] Loss (KL=nan, Const=nan) | Viol_Order(max=2.00, mean=0.0191) | Viol_Exist(max=2.00, mean=1.1561) | Mu_O(max=10.6) Mu_E(max=10.6) | Lam_O(max=87.89) Lam_E(max=64.03)
  [Outer 20/20] Loss (KL=nan, Const=nan) | Viol_Order(max=2.00, mean=0.0166) | Viol_Exist(max=2.00, mean=1.1564) | Mu_O(max=146.2) Mu_E(max=146.2) | Lam_O(max=526.59) Lam_E(max=967.95)

[Projection Start] Batch: 512, Constraints: 33
  [Outer 01/20] Loss (KL=nan, Const=nan) | Viol_Order(max=2.00, mean=0.0225) | Viol_Exist(max=2.00, mean=1.1537) | Mu_O(max=1.0) Mu_E(max=1.0) | Lam_O(max=0.00) Lam_E(max=0.00)
  [Outer 10/20] Loss (KL=nan, Const=nan) | Viol_Order(max=2.00, mean=0.0190) | Viol_Exist(max=2.00, mean=1.1562) | Mu_O(max=10.6) Mu_E(max=10.6) | Lam_O(max=64.03) Lam_E(max=64.03)
  [Outer 20/20] Loss (KL=nan, Const=nan) | Viol_Order(max=1.00, mean=0.0155) | Viol_Exist(max=2.00, mean=1.1574) | Mu_O(max=146.2) Mu_E(max=146.2) | Lam_O(max=611.89) Lam_E(max=967.95)

[Projection Start] Batch: 512, Constraints: 33
  [Outer 01/20] Loss (KL=nan, Const=nan) | Viol_Order(max=2.00, mean=0.0201) | Viol_Exist(max=2.00, mean=1.1555) | Mu_O(max=1.0) Mu_E(max=1.0) | Lam_O(max=0.00) Lam_E(max=0.00)
  [Outer 10/20] Loss (KL=nan, Const=nan) | Viol_Order(max=2.00, mean=0.0181) | Viol_Exist(max=2.00, mean=1.1564) | Mu_O(max=10.6) Mu_E(max=10.6) | Lam_O(max=64.03) Lam_E(max=64.03)
  [Outer 20/20] Loss (KL=nan, Const=nan) | Viol_Order(max=1.00, mean=0.0146) | Viol_Exist(max=2.00, mean=1.1577) | Mu_O(max=146.2) Mu_E(max=146.2) | Lam_O(max=651.26) Lam_E(max=967.95)

[Projection Start] Batch: 512, Constraints: 33
  [Outer 01/20] Loss (KL=nan, Const=nan) | Viol_Order(max=4.00, mean=0.0196) | Viol_Exist(max=2.00, mean=1.1544) | Mu_O(max=1.0) Mu_E(max=1.0) | Lam_O(max=0.00) Lam_E(max=0.00)
  [Outer 10/20] Loss (KL=nan, Const=nan) | Viol_Order(max=2.00, mean=0.0172) | Viol_Exist(max=2.00, mean=1.1567) | Mu_O(max=10.6) Mu_E(max=10.6) | Lam_O(max=64.03) Lam_E(max=64.03)
  [Outer 20/20] Loss (KL=nan, Const=nan) | Viol_Order(max=1.00, mean=0.0152) | Viol_Exist(max=2.00, mean=1.1581) | Mu_O(max=146.2) Mu_E(max=146.2) | Lam_O(max=526.59) Lam_E(max=967.95)

[Projection Start] Batch: 512, Constraints: 33
  [Outer 01/20] Loss (KL=nan, Const=nan) | Viol_Order(max=2.00, mean=0.0185) | Viol_Exist(max=2.00, mean=1.1559) | Mu_O(max=1.0) Mu_E(max=1.0) | Lam_O(max=0.00) Lam_E(max=0.00)
  [Outer 10/20] Loss (KL=nan, Const=nan) | Viol_Order(max=2.00, mean=0.0165) | Viol_Exist(max=2.00, mean=1.1573) | Mu_O(max=10.6) Mu_E(max=10.6) | Lam_O(max=64.03) Lam_E(max=64.03)
  [Outer 20/20] Loss (KL=nan, Const=nan) | Viol_Order(max=2.00, mean=0.0148) | Viol_Exist(max=2.00, mean=1.1577) | Mu_O(max=146.2) Mu_E(max=146.2) | Lam_O(max=540.38) Lam_E(max=967.95)

[Projection Start] Batch: 512, Constraints: 33
  [Outer 01/20] Loss (KL=nan, Const=nan) | Viol_Order(max=2.00, mean=0.0182) | Viol_Exist(max=2.00, mean=1.1553) | Mu_O(max=1.0) Mu_E(max=1.0) | Lam_O(max=0.00) Lam_E(max=0.00)
  [Outer 10/20] Loss (KL=nan, Const=nan) | Viol_Order(max=2.00, mean=0.0167) | Viol_Exist(max=2.00, mean=1.1568) | Mu_O(max=10.6) Mu_E(max=10.6) | Lam_O(max=64.03) Lam_E(max=64.03)
  [Outer 20/20] Loss (KL=nan, Const=nan) | Viol_Order(max=3.00, mean=0.0144) | Viol_Exist(max=2.00, mean=1.1584) | Mu_O(max=146.2) Mu_E(max=146.2) | Lam_O(max=558.30) Lam_E(max=967.95)

[Projection Start] Batch: 512, Constraints: 33
  [Outer 01/20] Loss (KL=nan, Const=nan) | Viol_Order(max=3.00, mean=0.0179) | Viol_Exist(max=2.00, mean=1.1562) | Mu_O(max=1.0) Mu_E(max=1.0) | Lam_O(max=0.00) Lam_E(max=0.00)
  [Outer 10/20] Loss (KL=nan, Const=nan) | Viol_Order(max=2.00, mean=0.0157) | Viol_Exist(max=2.00, mean=1.1577) | Mu_O(max=10.6) Mu_E(max=10.6) | Lam_O(max=64.03) Lam_E(max=64.03)
  [Outer 20/20] Loss (KL=nan, Const=nan) | Viol_Order(max=2.00, mean=0.0143) | Viol_Exist(max=2.00, mean=1.1578) | Mu_O(max=146.2) Mu_E(max=146.2) | Lam_O(max=558.30) Lam_E(max=967.95)

[Projection Start] Batch: 512, Constraints: 33
  [Outer 01/20] Loss (KL=nan, Const=nan) | Viol_Order(max=3.00, mean=0.0182) | Viol_Exist(max=2.00, mean=1.1551) | Mu_O(max=1.0) Mu_E(max=1.0) | Lam_O(max=0.00) Lam_E(max=0.00)
  [Outer 10/20] Loss (KL=nan, Const=nan) | Viol_Order(max=2.00, mean=0.0159) | Viol_Exist(max=2.00, mean=1.1577) | Mu_O(max=10.6) Mu_E(max=10.6) | Lam_O(max=64.03) Lam_E(max=64.03)
  [Outer 20/20] Loss (KL=nan, Const=nan) | Viol_Order(max=2.00, mean=0.0147) | Viol_Exist(max=2.00, mean=1.1577) | Mu_O(max=146.2) Mu_E(max=146.2) | Lam_O(max=540.38) Lam_E(max=967.95)

[Projection Start] Batch: 512, Constraints: 33
  [Outer 01/20] Loss (KL=nan, Const=nan) | Viol_Order(max=3.00, mean=0.0179) | Viol_Exist(max=2.00, mean=1.1561) | Mu_O(max=1.0) Mu_E(max=1.0) | Lam_O(max=0.00) Lam_E(max=0.00)
  [Outer 10/20] Loss (KL=nan, Const=nan) | Viol_Order(max=2.00, mean=0.0163) | Viol_Exist(max=2.00, mean=1.1578) | Mu_O(max=10.6) Mu_E(max=10.6) | Lam_O(max=87.89) Lam_E(max=64.03)
  [Outer 20/20] Loss (KL=nan, Const=nan) | Viol_Order(max=2.00, mean=0.0146) | Viol_Exist(max=2.00, mean=1.1573) | Mu_O(max=146.2) Mu_E(max=146.2) | Lam_O(max=540.38) Lam_E(max=967.95)

[Projection Start] Batch: 512, Constraints: 33
  [Outer 01/20] Loss (KL=nan, Const=nan) | Viol_Order(max=4.00, mean=0.0169) | Viol_Exist(max=2.00, mean=1.1558) | Mu_O(max=1.0) Mu_E(max=1.0) | Lam_O(max=0.00) Lam_E(max=0.00)
  [Outer 10/20] Loss (KL=nan, Const=nan) | Viol_Order(max=2.00, mean=0.0158) | Viol_Exist(max=2.00, mean=1.1566) | Mu_O(max=10.6) Mu_E(max=10.6) | Lam_O(max=64.03) Lam_E(max=64.03)
  [Outer 20/20] Loss (KL=nan, Const=nan) | Viol_Order(max=2.00, mean=0.0146) | Viol_Exist(max=2.00, mean=1.1581) | Mu_O(max=146.2) Mu_E(max=146.2) | Lam_O(max=651.26) Lam_E(max=967.95)

[Projection Start] Batch: 512, Constraints: 33
  [Outer 01/20] Loss (KL=nan, Const=nan) | Viol_Order(max=2.00, mean=0.0168) | Viol_Exist(max=2.00, mean=1.1577) | Mu_O(max=1.0) Mu_E(max=1.0) | Lam_O(max=0.00) Lam_E(max=0.00)
  [Outer 10/20] Loss (KL=nan, Const=nan) | Viol_Order(max=2.00, mean=0.0153) | Viol_Exist(max=2.00, mean=1.1589) | Mu_O(max=10.6) Mu_E(max=10.6) | Lam_O(max=64.03) Lam_E(max=64.03)
  [Outer 20/20] Loss (KL=nan, Const=nan) | Viol_Order(max=2.00, mean=0.0133) | Viol_Exist(max=2.00, mean=1.1592) | Mu_O(max=146.2) Mu_E(max=146.2) | Lam_O(max=540.38) Lam_E(max=967.95)

[Projection Start] Batch: 512, Constraints: 33
  [Outer 01/20] Loss (KL=nan, Const=nan) | Viol_Order(max=2.00, mean=0.0166) | Viol_Exist(max=2.00, mean=1.1578) | Mu_O(max=1.0) Mu_E(max=1.0) | Lam_O(max=0.00) Lam_E(max=0.00)
  [Outer 10/20] Loss (KL=nan, Const=nan) | Viol_Order(max=2.00, mean=0.0147) | Viol_Exist(max=2.00, mean=1.1589) | Mu_O(max=10.6) Mu_E(max=10.6) | Lam_O(max=64.03) Lam_E(max=64.03)
  [Outer 20/20] Loss (KL=nan, Const=nan) | Viol_Order(max=2.00, mean=0.0139) | Viol_Exist(max=2.00, mean=1.1583) | Mu_O(max=146.2) Mu_E(max=146.2) | Lam_O(max=611.89) Lam_E(max=967.95)

[Projection Start] Batch: 512, Constraints: 33
  [Outer 01/20] Loss (KL=nan, Const=nan) | Viol_Order(max=2.00, mean=0.0168) | Viol_Exist(max=2.00, mean=1.1553) | Mu_O(max=1.0) Mu_E(max=1.0) | Lam_O(max=0.00) Lam_E(max=0.00)
  [Outer 10/20] Loss (KL=nan, Const=nan) | Viol_Order(max=2.00, mean=0.0154) | Viol_Exist(max=2.00, mean=1.1560) | Mu_O(max=10.6) Mu_E(max=10.6) | Lam_O(max=64.03) Lam_E(max=64.03)
  [Outer 20/20] Loss (KL=nan, Const=nan) | Viol_Order(max=1.00, mean=0.0138) | Viol_Exist(max=2.00, mean=1.1573) | Mu_O(max=146.2) Mu_E(max=146.2) | Lam_O(max=540.38) Lam_E(max=967.95)

[Projection Start] Batch: 512, Constraints: 33
  [Outer 01/20] Loss (KL=nan, Const=nan) | Viol_Order(max=2.00, mean=0.0162) | Viol_Exist(max=2.00, mean=1.1552) | Mu_O(max=1.0) Mu_E(max=1.0) | Lam_O(max=0.00) Lam_E(max=0.00)
  [Outer 10/20] Loss (KL=nan, Const=nan) | Viol_Order(max=2.00, mean=0.0154) | Viol_Exist(max=2.00, mean=1.1557) | Mu_O(max=10.6) Mu_E(max=10.6) | Lam_O(max=64.03) Lam_E(max=64.03)
  [Outer 20/20] Loss (KL=nan, Const=nan) | Viol_Order(max=4.00, mean=0.0136) | Viol_Exist(max=2.00, mean=1.1575) | Mu_O(max=146.2) Mu_E(max=146.2) | Lam_O(max=702.45) Lam_E(max=967.95)

[Projection Start] Batch: 512, Constraints: 33
  [Outer 01/20] Loss (KL=nan, Const=nan) | Viol_Order(max=4.00, mean=0.0159) | Viol_Exist(max=2.00, mean=1.1570) | Mu_O(max=1.0) Mu_E(max=1.0) | Lam_O(max=0.00) Lam_E(max=0.00)
  [Outer 10/20] Loss (KL=nan, Const=nan) | Viol_Order(max=2.00, mean=0.0147) | Viol_Exist(max=2.00, mean=1.1570) | Mu_O(max=10.6) Mu_E(max=10.6) | Lam_O(max=64.03) Lam_E(max=64.03)
  [Outer 20/20] Loss (KL=nan, Const=nan) | Viol_Order(max=3.00, mean=0.0145) | Viol_Exist(max=2.00, mean=1.1567) | Mu_O(max=146.2) Mu_E(max=146.2) | Lam_O(max=526.59) Lam_E(max=967.95)

[Projection Start] Batch: 512, Constraints: 33
  [Outer 01/20] Loss (KL=nan, Const=nan) | Viol_Order(max=3.00, mean=0.0164) | Viol_Exist(max=2.00, mean=1.1553) | Mu_O(max=1.0) Mu_E(max=1.0) | Lam_O(max=0.00) Lam_E(max=0.00)
  [Outer 10/20] Loss (KL=nan, Const=nan) | Viol_Order(max=2.00, mean=0.0147) | Viol_Exist(max=2.00, mean=1.1562) | Mu_O(max=10.6) Mu_E(max=10.6) | Lam_O(max=64.03) Lam_E(max=64.03)
  [Outer 20/20] Loss (KL=nan, Const=nan) | Viol_Order(max=2.00, mean=0.0127) | Viol_Exist(max=2.00, mean=1.1584) | Mu_O(max=146.2) Mu_E(max=146.2) | Lam_O(max=507.83) Lam_E(max=967.95)

[Projection Start] Batch: 512, Constraints: 33
  [Outer 01/20] Loss (KL=nan, Const=nan) | Viol_Order(max=2.00, mean=0.0150) | Viol_Exist(max=2.00, mean=1.1559) | Mu_O(max=1.0) Mu_E(max=1.0) | Lam_O(max=0.00) Lam_E(max=0.00)
  [Outer 10/20] Loss (KL=nan, Const=nan) | Viol_Order(max=2.00, mean=0.0137) | Viol_Exist(max=2.00, mean=1.1565) | Mu_O(max=10.6) Mu_E(max=10.6) | Lam_O(max=64.03) Lam_E(max=64.03)
  [Outer 20/20] Loss (KL=nan, Const=nan) | Viol_Order(max=2.00, mean=0.0136) | Viol_Exist(max=2.00, mean=1.1560) | Mu_O(max=146.2) Mu_E(max=146.2) | Lam_O(max=581.60) Lam_E(max=967.95)

[Projection Start] Batch: 512, Constraints: 33
  [Outer 01/20] Loss (KL=nan, Const=nan) | Viol_Order(max=2.00, mean=0.0152) | Viol_Exist(max=2.00, mean=1.1549) | Mu_O(max=1.0) Mu_E(max=1.0) | Lam_O(max=0.00) Lam_E(max=0.00)
  [Outer 10/20] Loss (KL=nan, Const=nan) | Viol_Order(max=2.00, mean=0.0140) | Viol_Exist(max=2.00, mean=1.1560) | Mu_O(max=10.6) Mu_E(max=10.6) | Lam_O(max=64.03) Lam_E(max=64.03)
  [Outer 20/20] Loss (KL=nan, Const=nan) | Viol_Order(max=2.00, mean=0.0126) | Viol_Exist(max=2.00, mean=1.1575) | Mu_O(max=146.2) Mu_E(max=146.2) | Lam_O(max=581.60) Lam_E(max=967.95)

[Projection Start] Batch: 512, Constraints: 33
  [Outer 01/20] Loss (KL=nan, Const=nan) | Viol_Order(max=2.00, mean=0.0143) | Viol_Exist(max=2.00, mean=1.1559) | Mu_O(max=1.0) Mu_E(max=1.0) | Lam_O(max=0.00) Lam_E(max=0.00)
  [Outer 10/20] Loss (KL=nan, Const=nan) | Viol_Order(max=2.00, mean=0.0134) | Viol_Exist(max=2.00, mean=1.1561) | Mu_O(max=10.6) Mu_E(max=10.6) | Lam_O(max=64.03) Lam_E(max=64.03)
  [Outer 20/20] Loss (KL=nan, Const=nan) | Viol_Order(max=2.00, mean=0.0127) | Viol_Exist(max=2.00, mean=1.1570) | Mu_O(max=146.2) Mu_E(max=146.2) | Lam_O(max=581.60) Lam_E(max=967.95)

[Projection Start] Batch: 512, Constraints: 33
  [Outer 01/20] Loss (KL=nan, Const=nan) | Viol_Order(max=4.00, mean=0.0157) | Viol_Exist(max=2.00, mean=1.1558) | Mu_O(max=1.0) Mu_E(max=1.0) | Lam_O(max=0.00) Lam_E(max=0.00)
  [Outer 10/20] Loss (KL=nan, Const=nan) | Viol_Order(max=2.00, mean=0.0135) | Viol_Exist(max=2.00, mean=1.1568) | Mu_O(max=10.6) Mu_E(max=10.6) | Lam_O(max=94.37) Lam_E(max=64.03)
  [Outer 20/20] Loss (KL=nan, Const=nan) | Viol_Order(max=2.00, mean=0.0130) | Viol_Exist(max=2.00, mean=1.1573) | Mu_O(max=146.2) Mu_E(max=146.2) | Lam_O(max=540.38) Lam_E(max=967.95)

[Projection Start] Batch: 512, Constraints: 33
  [Outer 01/20] Loss (KL=nan, Const=nan) | Viol_Order(max=3.00, mean=0.0152) | Viol_Exist(max=2.00, mean=1.1558) | Mu_O(max=1.0) Mu_E(max=1.0) | Lam_O(max=0.00) Lam_E(max=0.00)
  [Outer 10/20] Loss (KL=nan, Const=nan) | Viol_Order(max=2.00, mean=0.0141) | Viol_Exist(max=2.00, mean=1.1567) | Mu_O(max=10.6) Mu_E(max=10.6) | Lam_O(max=64.03) Lam_E(max=64.03)
  [Outer 20/20] Loss (KL=nan, Const=nan) | Viol_Order(max=2.00, mean=0.0128) | Viol_Exist(max=2.00, mean=1.1580) | Mu_O(max=146.2) Mu_E(max=146.2) | Lam_O(max=581.60) Lam_E(max=967.95)

[Projection Start] Batch: 512, Constraints: 33
  [Outer 01/20] Loss (KL=nan, Const=nan) | Viol_Order(max=2.00, mean=0.0149) | Viol_Exist(max=2.00, mean=1.1567) | Mu_O(max=1.0) Mu_E(max=1.0) | Lam_O(max=0.00) Lam_E(max=0.00)
  [Outer 10/20] Loss (KL=nan, Const=nan) | Viol_Order(max=2.00, mean=0.0142) | Viol_Exist(max=2.00, mean=1.1571) | Mu_O(max=10.6) Mu_E(max=10.6) | Lam_O(max=64.03) Lam_E(max=64.03)
  [Outer 20/20] Loss (KL=nan, Const=nan) | Viol_Order(max=3.00, mean=0.0134) | Viol_Exist(max=2.00, mean=1.1571) | Mu_O(max=146.2) Mu_E(max=146.2) | Lam_O(max=526.59) Lam_E(max=967.95)

[Projection Start] Batch: 512, Constraints: 33
  [Outer 01/20] Loss (KL=nan, Const=nan) | Viol_Order(max=3.00, mean=0.0153) | Viol_Exist(max=2.00, mean=1.1562) | Mu_O(max=1.0) Mu_E(max=1.0) | Lam_O(max=0.00) Lam_E(max=0.00)
  [Outer 10/20] Loss (KL=nan, Const=nan) | Viol_Order(max=2.00, mean=0.0136) | Viol_Exist(max=2.00, mean=1.1574) | Mu_O(max=10.6) Mu_E(max=10.6) | Lam_O(max=71.57) Lam_E(max=64.03)
  [Outer 20/20] Loss (KL=nan, Const=nan) | Viol_Order(max=1.00, mean=0.0123) | Viol_Exist(max=2.00, mean=1.1594) | Mu_O(max=146.2) Mu_E(max=146.2) | Lam_O(max=515.99) Lam_E(max=967.95)

[Projection Start] Batch: 512, Constraints: 33
  [Outer 01/20] Loss (KL=nan, Const=nan) | Viol_Order(max=3.00, mean=0.0150) | Viol_Exist(max=2.00, mean=1.1578) | Mu_O(max=1.0) Mu_E(max=1.0) | Lam_O(max=0.00) Lam_E(max=0.00)
  [Outer 10/20] Loss (KL=nan, Const=nan) | Viol_Order(max=2.00, mean=0.0138) | Viol_Exist(max=2.00, mean=1.1586) | Mu_O(max=10.6) Mu_E(max=10.6) | Lam_O(max=64.03) Lam_E(max=64.03)
  [Outer 20/20] Loss (KL=nan, Const=nan) | Viol_Order(max=2.00, mean=0.0125) | Viol_Exist(max=2.00, mean=1.1598) | Mu_O(max=146.2) Mu_E(max=146.2) | Lam_O(max=526.59) Lam_E(max=967.95)

[Projection Start] Batch: 512, Constraints: 33
  [Outer 01/20] Loss (KL=nan, Const=nan) | Viol_Order(max=3.00, mean=0.0138) | Viol_Exist(max=2.00, mean=1.1591) | Mu_O(max=1.0) Mu_E(max=1.0) | Lam_O(max=0.00) Lam_E(max=0.00)
  [Outer 10/20] Loss (KL=nan, Const=nan) | Viol_Order(max=2.00, mean=0.0130) | Viol_Exist(max=2.00, mean=1.1593) | Mu_O(max=10.6) Mu_E(max=10.6) | Lam_O(max=64.03) Lam_E(max=64.03)
  [Outer 20/20] Loss (KL=nan, Const=nan) | Viol_Order(max=3.00, mean=0.0130) | Viol_Exist(max=2.00, mean=1.1589) | Mu_O(max=146.2) Mu_E(max=146.2) | Lam_O(max=558.30) Lam_E(max=967.95)

[Projection Start] Batch: 512, Constraints: 33
  [Outer 01/20] Loss (KL=nan, Const=nan) | Viol_Order(max=3.00, mean=0.0137) | Viol_Exist(max=2.00, mean=1.1589) | Mu_O(max=1.0) Mu_E(max=1.0) | Lam_O(max=0.00) Lam_E(max=0.00)
  [Outer 10/20] Loss (KL=nan, Const=nan) | Viol_Order(max=2.00, mean=0.0131) | Viol_Exist(max=2.00, mean=1.1595) | Mu_O(max=10.6) Mu_E(max=10.6) | Lam_O(max=96.04) Lam_E(max=64.03)
  [Outer 20/20] Loss (KL=nan, Const=nan) | Viol_Order(max=3.00, mean=0.0132) | Viol_Exist(max=2.00, mean=1.1581) | Mu_O(max=146.2) Mu_E(max=146.2) | Lam_O(max=526.59) Lam_E(max=967.95)

[Projection Start] Batch: 512, Constraints: 33
  [Outer 01/20] Loss (KL=nan, Const=nan) | Viol_Order(max=3.00, mean=0.0144) | Viol_Exist(max=2.00, mean=1.1577) | Mu_O(max=1.0) Mu_E(max=1.0) | Lam_O(max=0.00) Lam_E(max=0.00)
  [Outer 10/20] Loss (KL=nan, Const=nan) | Viol_Order(max=2.00, mean=0.0137) | Viol_Exist(max=2.00, mean=1.1581) | Mu_O(max=10.6) Mu_E(max=10.6) | Lam_O(max=96.04) Lam_E(max=64.03)
  [Outer 20/20] Loss (KL=nan, Const=nan) | Viol_Order(max=2.00, mean=0.0124) | Viol_Exist(max=2.00, mean=1.1594) | Mu_O(max=146.2) Mu_E(max=146.2) | Lam_O(max=501.56) Lam_E(max=967.95)

[Projection Start] Batch: 512, Constraints: 33
  [Outer 01/20] Loss (KL=nan, Const=nan) | Viol_Order(max=2.00, mean=0.0135) | Viol_Exist(max=2.00, mean=1.1589) | Mu_O(max=1.0) Mu_E(max=1.0) | Lam_O(max=0.00) Lam_E(max=0.00)
  [Outer 10/20] Loss (KL=nan, Const=nan) | Viol_Order(max=2.00, mean=0.0130) | Viol_Exist(max=2.00, mean=1.1594) | Mu_O(max=10.6) Mu_E(max=10.6) | Lam_O(max=64.03) Lam_E(max=64.03)
  [Outer 20/20] Loss (KL=nan, Const=nan) | Viol_Order(max=2.00, mean=0.0133) | Viol_Exist(max=2.00, mean=1.1586) | Mu_O(max=146.2) Mu_E(max=146.2) | Lam_O(max=540.38) Lam_E(max=967.95)

[Projection Start] Batch: 512, Constraints: 33
  [Outer 01/20] Loss (KL=nan, Const=nan) | Viol_Order(max=2.00, mean=0.0139) | Viol_Exist(max=2.00, mean=1.1582) | Mu_O(max=1.0) Mu_E(max=1.0) | Lam_O(max=0.00) Lam_E(max=0.00)
  [Outer 10/20] Loss (KL=nan, Const=nan) | Viol_Order(max=2.00, mean=0.0131) | Viol_Exist(max=2.00, mean=1.1596) | Mu_O(max=10.6) Mu_E(max=10.6) | Lam_O(max=64.03) Lam_E(max=64.03)
  [Outer 20/20] Loss (KL=nan, Const=nan) | Viol_Order(max=2.00, mean=0.0125) | Viol_Exist(max=2.00, mean=1.1594) | Mu_O(max=146.2) Mu_E(max=146.2) | Lam_O(max=507.83) Lam_E(max=967.95)

[Projection Start] Batch: 512, Constraints: 33
  [Outer 01/20] Loss (KL=nan, Const=nan) | Viol_Order(max=2.00, mean=0.0138) | Viol_Exist(max=2.00, mean=1.1586) | Mu_O(max=1.0) Mu_E(max=1.0) | Lam_O(max=0.00) Lam_E(max=0.00)
  [Outer 10/20] Loss (KL=nan, Const=nan) | Viol_Order(max=2.00, mean=0.0129) | Viol_Exist(max=2.00, mean=1.1584) | Mu_O(max=10.6) Mu_E(max=10.6) | Lam_O(max=64.03) Lam_E(max=64.03)
  [Outer 20/20] Loss (KL=nan, Const=nan) | Viol_Order(max=2.00, mean=0.0124) | Viol_Exist(max=2.00, mean=1.1593) | Mu_O(max=146.2) Mu_E(max=146.2) | Lam_O(max=493.02) Lam_E(max=967.95)

[Projection Start] Batch: 512, Constraints: 33
  [Outer 01/20] Loss (KL=nan, Const=nan) | Viol_Order(max=4.00, mean=0.0141) | Viol_Exist(max=2.00, mean=1.1583) | Mu_O(max=1.0) Mu_E(max=1.0) | Lam_O(max=0.00) Lam_E(max=0.00)
  [Outer 10/20] Loss (KL=nan, Const=nan) | Viol_Order(max=2.00, mean=0.0131) | Viol_Exist(max=2.00, mean=1.1591) | Mu_O(max=10.6) Mu_E(max=10.6) | Lam_O(max=68.25) Lam_E(max=64.03)
  [Outer 20/20] Loss (KL=nan, Const=nan) | Viol_Order(max=2.00, mean=0.0131) | Viol_Exist(max=2.00, mean=1.1581) | Mu_O(max=146.2) Mu_E(max=146.2) | Lam_O(max=526.59) Lam_E(max=967.95)

[Projection Start] Batch: 512, Constraints: 33
  [Outer 01/20] Loss (KL=nan, Const=nan) | Viol_Order(max=2.00, mean=0.0143) | Viol_Exist(max=2.00, mean=1.1576) | Mu_O(max=1.0) Mu_E(max=1.0) | Lam_O(max=0.00) Lam_E(max=0.00)
  [Outer 10/20] Loss (KL=nan, Const=nan) | Viol_Order(max=2.00, mean=0.0134) | Viol_Exist(max=2.00, mean=1.1578) | Mu_O(max=10.6) Mu_E(max=10.6) | Lam_O(max=64.03) Lam_E(max=64.03)
  [Outer 20/20] Loss (KL=nan, Const=nan) | Viol_Order(max=1.00, mean=0.0123) | Viol_Exist(max=2.00, mean=1.1586) | Mu_O(max=146.2) Mu_E(max=146.2) | Lam_O(max=483.97) Lam_E(max=967.95)

[Projection Start] Batch: 512, Constraints: 33
  [Outer 01/20] Loss (KL=nan, Const=nan) | Viol_Order(max=2.00, mean=0.0142) | Viol_Exist(max=2.00, mean=1.1568) | Mu_O(max=1.0) Mu_E(max=1.0) | Lam_O(max=0.00) Lam_E(max=0.00)
  [Outer 10/20] Loss (KL=nan, Const=nan) | Viol_Order(max=2.00, mean=0.0134) | Viol_Exist(max=2.00, mean=1.1574) | Mu_O(max=10.6) Mu_E(max=10.6) | Lam_O(max=64.03) Lam_E(max=64.03)
  [Outer 20/20] Loss (KL=nan, Const=nan) | Viol_Order(max=2.00, mean=0.0127) | Viol_Exist(max=2.00, mean=1.1584) | Mu_O(max=146.2) Mu_E(max=146.2) | Lam_O(max=526.59) Lam_E(max=967.95)

[Projection Start] Batch: 512, Constraints: 33
  [Outer 01/20] Loss (KL=nan, Const=nan) | Viol_Order(max=4.00, mean=0.0142) | Viol_Exist(max=2.00, mean=1.1575) | Mu_O(max=1.0) Mu_E(max=1.0) | Lam_O(max=0.00) Lam_E(max=0.00)
  [Outer 10/20] Loss (KL=nan, Const=nan) | Viol_Order(max=4.00, mean=0.0133) | Viol_Exist(max=2.00, mean=1.1582) | Mu_O(max=10.6) Mu_E(max=10.6) | Lam_O(max=64.03) Lam_E(max=64.03)
  [Outer 20/20] Loss (KL=nan, Const=nan) | Viol_Order(max=1.00, mean=0.0122) | Viol_Exist(max=2.00, mean=1.1586) | Mu_O(max=146.2) Mu_E(max=146.2) | Lam_O(max=558.30) Lam_E(max=967.95)

[Projection Start] Batch: 512, Constraints: 33
  [Outer 01/20] Loss (KL=nan, Const=nan) | Viol_Order(max=4.00, mean=0.0143) | Viol_Exist(max=2.00, mean=1.1573) | Mu_O(max=1.0) Mu_E(max=1.0) | Lam_O(max=0.00) Lam_E(max=0.00)
  [Outer 10/20] Loss (KL=nan, Const=nan) | Viol_Order(max=2.00, mean=0.0135) | Viol_Exist(max=2.00, mean=1.1574) | Mu_O(max=10.6) Mu_E(max=10.6) | Lam_O(max=76.40) Lam_E(max=64.03)
  [Outer 20/20] Loss (KL=nan, Const=nan) | Viol_Order(max=2.00, mean=0.0125) | Viol_Exist(max=2.00, mean=1.1590) | Mu_O(max=146.2) Mu_E(max=146.2) | Lam_O(max=526.59) Lam_E(max=967.95)

[Projection Start] Batch: 512, Constraints: 33
  [Outer 01/20] Loss (KL=nan, Const=nan) | Viol_Order(max=2.00, mean=0.0141) | Viol_Exist(max=2.00, mean=1.1577) | Mu_O(max=1.0) Mu_E(max=1.0) | Lam_O(max=0.00) Lam_E(max=0.00)
  [Outer 10/20] Loss (KL=nan, Const=nan) | Viol_Order(max=2.00, mean=0.0130) | Viol_Exist(max=2.00, mean=1.1583) | Mu_O(max=10.6) Mu_E(max=10.6) | Lam_O(max=64.03) Lam_E(max=64.03)
  [Outer 20/20] Loss (KL=nan, Const=nan) | Viol_Order(max=1.00, mean=0.0120) | Viol_Exist(max=2.00, mean=1.1586) | Mu_O(max=146.2) Mu_E(max=146.2) | Lam_O(max=483.97) Lam_E(max=967.95)

[Projection Start] Batch: 512, Constraints: 33
  [Outer 01/20] Loss (KL=nan, Const=nan) | Viol_Order(max=4.00, mean=0.0140) | Viol_Exist(max=2.00, mean=1.1574) | Mu_O(max=1.0) Mu_E(max=1.0) | Lam_O(max=0.00) Lam_E(max=0.00)
  [Outer 10/20] Loss (KL=nan, Const=nan) | Viol_Order(max=3.00, mean=0.0131) | Viol_Exist(max=2.00, mean=1.1587) | Mu_O(max=10.6) Mu_E(max=10.6) | Lam_O(max=99.20) Lam_E(max=64.03)
  [Outer 20/20] Loss (KL=nan, Const=nan) | Viol_Order(max=1.00, mean=0.0118) | Viol_Exist(max=2.00, mean=1.1597) | Mu_O(max=146.2) Mu_E(max=146.2) | Lam_O(max=507.83) Lam_E(max=967.95)

[Projection Start] Batch: 512, Constraints: 33
  [Outer 01/20] Loss (KL=nan, Const=nan) | Viol_Order(max=3.00, mean=0.0137) | Viol_Exist(max=2.00, mean=1.1588) | Mu_O(max=1.0) Mu_E(max=1.0) | Lam_O(max=0.00) Lam_E(max=0.00)
  [Outer 10/20] Loss (KL=nan, Const=nan) | Viol_Order(max=2.00, mean=0.0129) | Viol_Exist(max=2.00, mean=1.1593) | Mu_O(max=10.6) Mu_E(max=10.6) | Lam_O(max=87.89) Lam_E(max=64.03)
  [Outer 20/20] Loss (KL=nan, Const=nan) | Viol_Order(max=1.00, mean=0.0113) | Viol_Exist(max=2.00, mean=1.1606) | Mu_O(max=146.2) Mu_E(max=146.2) | Lam_O(max=526.59) Lam_E(max=967.95)

[Projection Start] Batch: 512, Constraints: 33
  [Outer 01/20] Loss (KL=nan, Const=nan) | Viol_Order(max=2.00, mean=0.0132) | Viol_Exist(max=2.00, mean=1.1591) | Mu_O(max=1.0) Mu_E(max=1.0) | Lam_O(max=0.00) Lam_E(max=0.00)
  [Outer 10/20] Loss (KL=nan, Const=nan) | Viol_Order(max=2.00, mean=0.0127) | Viol_Exist(max=2.00, mean=1.1593) | Mu_O(max=10.6) Mu_E(max=10.6) | Lam_O(max=64.03) Lam_E(max=64.03)
  [Outer 20/20] Loss (KL=nan, Const=nan) | Viol_Order(max=2.00, mean=0.0124) | Viol_Exist(max=2.00, mean=1.1585) | Mu_O(max=146.2) Mu_E(max=146.2) | Lam_O(max=526.59) Lam_E(max=967.95)

[Projection Start] Batch: 512, Constraints: 33
  [Outer 01/20] Loss (KL=nan, Const=nan) | Viol_Order(max=2.00, mean=0.0140) | Viol_Exist(max=2.00, mean=1.1574) | Mu_O(max=1.0) Mu_E(max=1.0) | Lam_O(max=0.00) Lam_E(max=0.00)
  [Outer 10/20] Loss (KL=nan, Const=nan) | Viol_Order(max=2.00, mean=0.0127) | Viol_Exist(max=2.00, mean=1.1585) | Mu_O(max=10.6) Mu_E(max=10.6) | Lam_O(max=64.03) Lam_E(max=64.03)
  [Outer 20/20] Loss (KL=nan, Const=nan) | Viol_Order(max=1.00, mean=0.0114) | Viol_Exist(max=2.00, mean=1.1598) | Mu_O(max=146.2) Mu_E(max=146.2) | Lam_O(max=483.97) Lam_E(max=967.95)

[Projection Start] Batch: 512, Constraints: 33
  [Outer 01/20] Loss (KL=nan, Const=nan) | Viol_Order(max=2.00, mean=0.0125) | Viol_Exist(max=2.00, mean=1.1592) | Mu_O(max=1.0) Mu_E(max=1.0) | Lam_O(max=0.00) Lam_E(max=0.00)
  [Outer 10/20] Loss (KL=nan, Const=nan) | Viol_Order(max=1.00, mean=0.0118) | Viol_Exist(max=2.00, mean=1.1598) | Mu_O(max=10.6) Mu_E(max=10.6) | Lam_O(max=49.60) Lam_E(max=64.03)
  [Outer 20/20] Loss (KL=nan, Const=nan) | Viol_Order(max=1.00, mean=0.0115) | Viol_Exist(max=2.00, mean=1.1596) | Mu_O(max=146.2) Mu_E(max=146.2) | Lam_O(max=501.56) Lam_E(max=967.95)

[Projection Start] Batch: 512, Constraints: 33
  [Outer 01/20] Loss (KL=nan, Const=nan) | Viol_Order(max=2.00, mean=0.0131) | Viol_Exist(max=2.00, mean=1.1578) | Mu_O(max=1.0) Mu_E(max=1.0) | Lam_O(max=0.00) Lam_E(max=0.00)
  [Outer 10/20] Loss (KL=nan, Const=nan) | Viol_Order(max=1.00, mean=0.0124) | Viol_Exist(max=2.00, mean=1.1584) | Mu_O(max=10.6) Mu_E(max=10.6) | Lam_O(max=64.03) Lam_E(max=64.03)
  [Outer 20/20] Loss (KL=nan, Const=nan) | Viol_Order(max=1.00, mean=0.0111) | Viol_Exist(max=2.00, mean=1.1602) | Mu_O(max=146.2) Mu_E(max=146.2) | Lam_O(max=483.97) Lam_E(max=967.95)

[Projection Start] Batch: 512, Constraints: 33
  [Outer 01/20] Loss (KL=nan, Const=nan) | Viol_Order(max=2.00, mean=0.0125) | Viol_Exist(max=2.00, mean=1.1593) | Mu_O(max=1.0) Mu_E(max=1.0) | Lam_O(max=0.00) Lam_E(max=0.00)
  [Outer 10/20] Loss (KL=nan, Const=nan) | Viol_Order(max=2.00, mean=0.0117) | Viol_Exist(max=2.00, mean=1.1603) | Mu_O(max=10.6) Mu_E(max=10.6) | Lam_O(max=64.03) Lam_E(max=64.03)
  [Outer 20/20] Loss (KL=nan, Const=nan) | Viol_Order(max=2.00, mean=0.0114) | Viol_Exist(max=2.00, mean=1.1596) | Mu_O(max=146.2) Mu_E(max=146.2) | Lam_O(max=483.97) Lam_E(max=967.95)

[Projection Start] Batch: 512, Constraints: 33
  [Outer 01/20] Loss (KL=nan, Const=nan) | Viol_Order(max=2.00, mean=0.0124) | Viol_Exist(max=2.00, mean=1.1590) | Mu_O(max=1.0) Mu_E(max=1.0) | Lam_O(max=0.00) Lam_E(max=0.00)
  [Outer 10/20] Loss (KL=nan, Const=nan) | Viol_Order(max=2.00, mean=0.0123) | Viol_Exist(max=2.00, mean=1.1585) | Mu_O(max=10.6) Mu_E(max=10.6) | Lam_O(max=64.03) Lam_E(max=64.03)
  [Outer 20/20] Loss (KL=nan, Const=nan) | Viol_Order(max=1.00, mean=0.0109) | Viol_Exist(max=2.00, mean=1.1598) | Mu_O(max=146.2) Mu_E(max=146.2) | Lam_O(max=483.97) Lam_E(max=967.95)

[Projection Start] Batch: 512, Constraints: 33
  [Outer 01/20] Loss (KL=nan, Const=nan) | Viol_Order(max=4.00, mean=0.0121) | Viol_Exist(max=2.00, mean=1.1599) | Mu_O(max=1.0) Mu_E(max=1.0) | Lam_O(max=0.00) Lam_E(max=0.00)
  [Outer 10/20] Loss (KL=nan, Const=nan) | Viol_Order(max=2.00, mean=0.0120) | Viol_Exist(max=2.00, mean=1.1592) | Mu_O(max=10.6) Mu_E(max=10.6) | Lam_O(max=64.03) Lam_E(max=64.03)
  [Outer 20/20] Loss (KL=nan, Const=nan) | Viol_Order(max=2.00, mean=0.0118) | Viol_Exist(max=2.00, mean=1.1585) | Mu_O(max=146.2) Mu_E(max=146.2) | Lam_O(max=515.99) Lam_E(max=967.95)

[Projection Start] Batch: 512, Constraints: 33
  [Outer 01/20] Loss (KL=nan, Const=nan) | Viol_Order(max=4.00, mean=0.0131) | Viol_Exist(max=2.00, mean=1.1581) | Mu_O(max=1.0) Mu_E(max=1.0) | Lam_O(max=0.00) Lam_E(max=0.00)
  [Outer 10/20] Loss (KL=nan, Const=nan) | Viol_Order(max=2.00, mean=0.0121) | Viol_Exist(max=2.00, mean=1.1584) | Mu_O(max=10.6) Mu_E(max=10.6) | Lam_O(max=64.03) Lam_E(max=64.03)
  [Outer 20/20] Loss (KL=nan, Const=nan) | Viol_Order(max=4.00, mean=0.0116) | Viol_Exist(max=2.00, mean=1.1589) | Mu_O(max=146.2) Mu_E(max=146.2) | Lam_O(max=501.56) Lam_E(max=967.95)

[Projection Start] Batch: 512, Constraints: 33
  [Outer 01/20] Loss (KL=nan, Const=nan) | Viol_Order(max=4.00, mean=0.0138) | Viol_Exist(max=2.00, mean=1.1568) | Mu_O(max=1.0) Mu_E(max=1.0) | Lam_O(max=0.00) Lam_E(max=0.00)
  [Outer 10/20] Loss (KL=nan, Const=nan) | Viol_Order(max=2.00, mean=0.0132) | Viol_Exist(max=2.00, mean=1.1574) | Mu_O(max=10.6) Mu_E(max=10.6) | Lam_O(max=64.03) Lam_E(max=64.03)
  [Outer 20/20] Loss (KL=nan, Const=nan) | Viol_Order(max=3.00, mean=0.0118) | Viol_Exist(max=2.00, mean=1.1591) | Mu_O(max=146.2) Mu_E(max=146.2) | Lam_O(max=589.99) Lam_E(max=967.95)

[Projection Start] Batch: 512, Constraints: 33
  [Outer 01/20] Loss (KL=nan, Const=nan) | Viol_Order(max=4.00, mean=0.0137) | Viol_Exist(max=2.00, mean=1.1578) | Mu_O(max=1.0) Mu_E(max=1.0) | Lam_O(max=0.00) Lam_E(max=0.00)
  [Outer 10/20] Loss (KL=nan, Const=nan) | Viol_Order(max=2.00, mean=0.0123) | Viol_Exist(max=2.00, mean=1.1586) | Mu_O(max=10.6) Mu_E(max=10.6) | Lam_O(max=96.04) Lam_E(max=64.03)
  [Outer 20/20] Loss (KL=nan, Const=nan) | Viol_Order(max=4.00, mean=0.0122) | Viol_Exist(max=2.00, mean=1.1586) | Mu_O(max=146.2) Mu_E(max=146.2) | Lam_O(max=507.83) Lam_E(max=967.95)

[Projection Start] Batch: 512, Constraints: 33
  [Outer 01/20] Loss (KL=nan, Const=nan) | Viol_Order(max=4.00, mean=0.0133) | Viol_Exist(max=2.00, mean=1.1579) | Mu_O(max=1.0) Mu_E(max=1.0) | Lam_O(max=0.00) Lam_E(max=0.00)
  [Outer 10/20] Loss (KL=nan, Const=nan) | Viol_Order(max=4.00, mean=0.0127) | Viol_Exist(max=2.00, mean=1.1585) | Mu_O(max=10.6) Mu_E(max=10.6) | Lam_O(max=64.03) Lam_E(max=64.03)
  [Outer 20/20] Loss (KL=nan, Const=nan) | Viol_Order(max=1.00, mean=0.0118) | Viol_Exist(max=2.00, mean=1.1583) | Mu_O(max=146.2) Mu_E(max=146.2) | Lam_O(max=483.97) Lam_E(max=967.95)

[Projection Start] Batch: 512, Constraints: 33
  [Outer 01/20] Loss (KL=nan, Const=nan) | Viol_Order(max=3.00, mean=0.0134) | Viol_Exist(max=2.00, mean=1.1576) | Mu_O(max=1.0) Mu_E(max=1.0) | Lam_O(max=0.00) Lam_E(max=0.00)
  [Outer 10/20] Loss (KL=nan, Const=nan) | Viol_Order(max=2.00, mean=0.0128) | Viol_Exist(max=2.00, mean=1.1581) | Mu_O(max=10.6) Mu_E(max=10.6) | Lam_O(max=64.03) Lam_E(max=64.03)
  [Outer 20/20] Loss (KL=nan, Const=nan) | Viol_Order(max=3.00, mean=0.0123) | Viol_Exist(max=2.00, mean=1.1586) | Mu_O(max=146.2) Mu_E(max=146.2) | Lam_O(max=581.60) Lam_E(max=967.95)

[Projection Start] Batch: 512, Constraints: 33
  [Outer 01/20] Loss (KL=nan, Const=nan) | Viol_Order(max=3.00, mean=0.0134) | Viol_Exist(max=2.00, mean=1.1576) | Mu_O(max=1.0) Mu_E(max=1.0) | Lam_O(max=0.00) Lam_E(max=0.00)
  [Outer 10/20] Loss (KL=nan, Const=nan) | Viol_Order(max=2.00, mean=0.0128) | Viol_Exist(max=2.00, mean=1.1576) | Mu_O(max=10.6) Mu_E(max=10.6) | Lam_O(max=64.03) Lam_E(max=64.03)
  [Outer 20/20] Loss (KL=nan, Const=nan) | Viol_Order(max=1.00, mean=0.0118) | Viol_Exist(max=2.00, mean=1.1579) | Mu_O(max=146.2) Mu_E(max=146.2) | Lam_O(max=490.25) Lam_E(max=967.95)

[Projection Start] Batch: 512, Constraints: 33
  [Outer 01/20] Loss (KL=nan, Const=nan) | Viol_Order(max=2.00, mean=0.0132) | Viol_Exist(max=2.00, mean=1.1565) | Mu_O(max=1.0) Mu_E(max=1.0) | Lam_O(max=0.00) Lam_E(max=0.00)
  [Outer 10/20] Loss (KL=nan, Const=nan) | Viol_Order(max=1.00, mean=0.0128) | Viol_Exist(max=2.00, mean=1.1568) | Mu_O(max=10.6) Mu_E(max=10.6) | Lam_O(max=35.17) Lam_E(max=64.03)
  [Outer 20/20] Loss (KL=nan, Const=nan) | Viol_Order(max=2.00, mean=0.0117) | Viol_Exist(max=2.00, mean=1.1586) | Mu_O(max=146.2) Mu_E(max=146.2) | Lam_O(max=483.97) Lam_E(max=967.95)

[Projection Start] Batch: 512, Constraints: 33
  [Outer 01/20] Loss (KL=nan, Const=nan) | Viol_Order(max=2.00, mean=0.0130) | Viol_Exist(max=2.00, mean=1.1576) | Mu_O(max=1.0) Mu_E(max=1.0) | Lam_O(max=0.00) Lam_E(max=0.00)
  [Outer 10/20] Loss (KL=nan, Const=nan) | Viol_Order(max=2.00, mean=0.0130) | Viol_Exist(max=2.00, mean=1.1576) | Mu_O(max=10.6) Mu_E(max=10.6) | Lam_O(max=64.03) Lam_E(max=64.03)
  [Outer 20/20] Loss (KL=nan, Const=nan) | Viol_Order(max=1.00, mean=0.0109) | Viol_Exist(max=2.00, mean=1.1592) | Mu_O(max=146.2) Mu_E(max=146.2) | Lam_O(max=581.60) Lam_E(max=967.95)

[Projection Start] Batch: 512, Constraints: 33
  [Outer 01/20] Loss (KL=nan, Const=nan) | Viol_Order(max=2.00, mean=0.0124) | Viol_Exist(max=2.00, mean=1.1580) | Mu_O(max=1.0) Mu_E(max=1.0) | Lam_O(max=0.00) Lam_E(max=0.00)
  [Outer 10/20] Loss (KL=nan, Const=nan) | Viol_Order(max=1.00, mean=0.0120) | Viol_Exist(max=2.00, mean=1.1582) | Mu_O(max=10.6) Mu_E(max=10.6) | Lam_O(max=64.03) Lam_E(max=64.03)
  [Outer 20/20] Loss (KL=nan, Const=nan) | Viol_Order(max=1.00, mean=0.0115) | Viol_Exist(max=2.00, mean=1.1584) | Mu_O(max=146.2) Mu_E(max=146.2) | Lam_O(max=483.97) Lam_E(max=967.95)

[Projection Start] Batch: 512, Constraints: 33
  [Outer 01/20] Loss (KL=nan, Const=nan) | Viol_Order(max=2.00, mean=0.0121) | Viol_Exist(max=2.00, mean=1.1584) | Mu_O(max=1.0) Mu_E(max=1.0) | Lam_O(max=0.00) Lam_E(max=0.00)
  [Outer 10/20] Loss (KL=nan, Const=nan) | Viol_Order(max=2.00, mean=0.0121) | Viol_Exist(max=2.00, mean=1.1584) | Mu_O(max=10.6) Mu_E(max=10.6) | Lam_O(max=64.03) Lam_E(max=64.03)
  [Outer 20/20] Loss (KL=nan, Const=nan) | Viol_Order(max=4.00, mean=0.0124) | Viol_Exist(max=2.00, mean=1.1578) | Mu_O(max=146.2) Mu_E(max=146.2) | Lam_O(max=540.38) Lam_E(max=967.95)

[Projection Start] Batch: 512, Constraints: 33
  [Outer 01/20] Loss (KL=nan, Const=nan) | Viol_Order(max=4.00, mean=0.0134) | Viol_Exist(max=2.00, mean=1.1571) | Mu_O(max=1.0) Mu_E(max=1.0) | Lam_O(max=0.00) Lam_E(max=0.00)
  [Outer 10/20] Loss (KL=nan, Const=nan) | Viol_Order(max=3.00, mean=0.0131) | Viol_Exist(max=2.00, mean=1.1573) | Mu_O(max=10.6) Mu_E(max=10.6) | Lam_O(max=128.06) Lam_E(max=64.03)
  [Outer 20/20] Loss (KL=nan, Const=nan) | Viol_Order(max=1.00, mean=0.0117) | Viol_Exist(max=2.00, mean=1.1581) | Mu_O(max=146.2) Mu_E(max=146.2) | Lam_O(max=490.16) Lam_E(max=967.95)

[Projection Start] Batch: 512, Constraints: 33
  [Outer 01/20] Loss (KL=nan, Const=nan) | Viol_Order(max=3.00, mean=0.0130) | Viol_Exist(max=2.00, mean=1.1570) | Mu_O(max=1.0) Mu_E(max=1.0) | Lam_O(max=0.00) Lam_E(max=0.00)
  [Outer 10/20] Loss (KL=nan, Const=nan) | Viol_Order(max=2.00, mean=0.0124) | Viol_Exist(max=2.00, mean=1.1576) | Mu_O(max=10.6) Mu_E(max=10.6) | Lam_O(max=81.61) Lam_E(max=64.03)
  [Outer 20/20] Loss (KL=nan, Const=nan) | Viol_Order(max=1.00, mean=0.0110) | Viol_Exist(max=2.00, mean=1.1588) | Mu_O(max=146.2) Mu_E(max=146.2) | Lam_O(max=656.53) Lam_E(max=967.95)

[Projection Start] Batch: 512, Constraints: 33
  [Outer 01/20] Loss (KL=nan, Const=nan) | Viol_Order(max=3.00, mean=0.0125) | Viol_Exist(max=2.00, mean=1.1583) | Mu_O(max=1.0) Mu_E(max=1.0) | Lam_O(max=0.00) Lam_E(max=0.00)
  [Outer 10/20] Loss (KL=nan, Const=nan) | Viol_Order(max=2.00, mean=0.0121) | Viol_Exist(max=2.00, mean=1.1588) | Mu_O(max=10.6) Mu_E(max=10.6) | Lam_O(max=71.57) Lam_E(max=64.03)
  [Outer 20/20] Loss (KL=nan, Const=nan) | Viol_Order(max=2.00, mean=0.0121) | Viol_Exist(max=2.00, mean=1.1586) | Mu_O(max=146.2) Mu_E(max=146.2) | Lam_O(max=526.59) Lam_E(max=967.95)

[Projection Start] Batch: 512, Constraints: 33
  [Outer 01/20] Loss (KL=nan, Const=nan) | Viol_Order(max=3.00, mean=0.0134) | Viol_Exist(max=2.00, mean=1.1578) | Mu_O(max=1.0) Mu_E(max=1.0) | Lam_O(max=0.00) Lam_E(max=0.00)
  [Outer 10/20] Loss (KL=nan, Const=nan) | Viol_Order(max=2.00, mean=0.0129) | Viol_Exist(max=2.00, mean=1.1583) | Mu_O(max=10.6) Mu_E(max=10.6) | Lam_O(max=75.31) Lam_E(max=64.03)
  [Outer 20/20] Loss (KL=nan, Const=nan) | Viol_Order(max=3.00, mean=0.0123) | Viol_Exist(max=2.00, mean=1.1590) | Mu_O(max=146.2) Mu_E(max=146.2) | Lam_O(max=558.30) Lam_E(max=967.95)

[Projection Start] Batch: 512, Constraints: 33
  [Outer 01/20] Loss (KL=nan, Const=nan) | Viol_Order(max=3.00, mean=0.0134) | Viol_Exist(max=2.00, mean=1.1588) | Mu_O(max=1.0) Mu_E(max=1.0) | Lam_O(max=0.00) Lam_E(max=0.00)
  [Outer 10/20] Loss (KL=nan, Const=nan) | Viol_Order(max=3.00, mean=0.0126) | Viol_Exist(max=2.00, mean=1.1593) | Mu_O(max=10.6) Mu_E(max=10.6) | Lam_O(max=96.04) Lam_E(max=64.03)
  [Outer 20/20] Loss (KL=nan, Const=nan) | Viol_Order(max=2.00, mean=0.0112) | Viol_Exist(max=2.00, mean=1.1603) | Mu_O(max=146.2) Mu_E(max=146.2) | Lam_O(max=581.60) Lam_E(max=967.95)

[Projection Start] Batch: 512, Constraints: 33
  [Outer 01/20] Loss (KL=nan, Const=nan) | Viol_Order(max=2.00, mean=0.0127) | Viol_Exist(max=2.00, mean=1.1590) | Mu_O(max=1.0) Mu_E(max=1.0) | Lam_O(max=0.00) Lam_E(max=0.00)
  [Outer 10/20] Loss (KL=nan, Const=nan) | Viol_Order(max=2.00, mean=0.0121) | Viol_Exist(max=2.00, mean=1.1594) | Mu_O(max=10.6) Mu_E(max=10.6) | Lam_O(max=64.03) Lam_E(max=64.03)
  [Outer 20/20] Loss (KL=nan, Const=nan) | Viol_Order(max=2.00, mean=0.0116) | Viol_Exist(max=2.00, mean=1.1597) | Mu_O(max=146.2) Mu_E(max=146.2) | Lam_O(max=526.59) Lam_E(max=967.95)

[Projection Start] Batch: 512, Constraints: 33
  [Outer 01/20] Loss (KL=nan, Const=nan) | Viol_Order(max=3.00, mean=0.0131) | Viol_Exist(max=2.00, mean=1.1587) | Mu_O(max=1.0) Mu_E(max=1.0) | Lam_O(max=0.00) Lam_E(max=0.00)
  [Outer 10/20] Loss (KL=nan, Const=nan) | Viol_Order(max=3.00, mean=0.0129) | Viol_Exist(max=2.00, mean=1.1590) | Mu_O(max=10.6) Mu_E(max=10.6) | Lam_O(max=96.04) Lam_E(max=64.03)
  [Outer 20/20] Loss (KL=nan, Const=nan) | Viol_Order(max=1.00, mean=0.0105) | Viol_Exist(max=2.00, mean=1.1613) | Mu_O(max=146.2) Mu_E(max=146.2) | Lam_O(max=611.89) Lam_E(max=967.95)

[Projection Start] Batch: 512, Constraints: 33
  [Outer 01/20] Loss (KL=nan, Const=nan) | Viol_Order(max=3.00, mean=0.0126) | Viol_Exist(max=2.00, mean=1.1603) | Mu_O(max=1.0) Mu_E(max=1.0) | Lam_O(max=0.00) Lam_E(max=0.00)
  [Outer 10/20] Loss (KL=nan, Const=nan) | Viol_Order(max=2.00, mean=0.0123) | Viol_Exist(max=2.00, mean=1.1603) | Mu_O(max=10.6) Mu_E(max=10.6) | Lam_O(max=96.04) Lam_E(max=64.03)
  [Outer 20/20] Loss (KL=nan, Const=nan) | Viol_Order(max=2.00, mean=0.0111) | Viol_Exist(max=2.00, mean=1.1606) | Mu_O(max=146.2) Mu_E(max=146.2) | Lam_O(max=581.60) Lam_E(max=967.95)

[Projection Start] Batch: 512, Constraints: 33
  [Outer 01/20] Loss (KL=nan, Const=nan) | Viol_Order(max=2.00, mean=0.0125) | Viol_Exist(max=2.00, mean=1.1593) | Mu_O(max=1.0) Mu_E(max=1.0) | Lam_O(max=0.00) Lam_E(max=0.00)
  [Outer 10/20] Loss (KL=nan, Const=nan) | Viol_Order(max=2.00, mean=0.0123) | Viol_Exist(max=2.00, mean=1.1595) | Mu_O(max=10.6) Mu_E(max=10.6) | Lam_O(max=64.03) Lam_E(max=64.03)
  [Outer 20/20] Loss (KL=nan, Const=nan) | Viol_Order(max=2.00, mean=0.0113) | Viol_Exist(max=2.00, mean=1.1601) | Mu_O(max=146.2) Mu_E(max=146.2) | Lam_O(max=483.97) Lam_E(max=967.95)

[Projection Start] Batch: 512, Constraints: 33
  [Outer 01/20] Loss (KL=nan, Const=nan) | Viol_Order(max=2.00, mean=0.0128) | Viol_Exist(max=2.00, mean=1.1588) | Mu_O(max=1.0) Mu_E(max=1.0) | Lam_O(max=0.00) Lam_E(max=0.00)
  [Outer 10/20] Loss (KL=nan, Const=nan) | Viol_Order(max=2.00, mean=0.0125) | Viol_Exist(max=2.00, mean=1.1590) | Mu_O(max=10.6) Mu_E(max=10.6) | Lam_O(max=64.03) Lam_E(max=64.03)
  [Outer 20/20] Loss (KL=nan, Const=nan) | Viol_Order(max=2.00, mean=0.0115) | Viol_Exist(max=2.00, mean=1.1599) | Mu_O(max=146.2) Mu_E(max=146.2) | Lam_O(max=611.89) Lam_E(max=967.95)

[Projection Start] Batch: 512, Constraints: 33
  [Outer 01/20] Loss (KL=nan, Const=nan) | Viol_Order(max=2.00, mean=0.0134) | Viol_Exist(max=2.00, mean=1.1583) | Mu_O(max=1.0) Mu_E(max=1.0) | Lam_O(max=0.00) Lam_E(max=0.00)
  [Outer 10/20] Loss (KL=nan, Const=nan) | Viol_Order(max=2.00, mean=0.0128) | Viol_Exist(max=2.00, mean=1.1586) | Mu_O(max=10.6) Mu_E(max=10.6) | Lam_O(max=64.03) Lam_E(max=64.03)
  [Outer 20/20] Loss (KL=nan, Const=nan) | Viol_Order(max=2.00, mean=0.0111) | Viol_Exist(max=2.00, mean=1.1596) | Mu_O(max=146.2) Mu_E(max=146.2) | Lam_O(max=483.97) Lam_E(max=967.95)

[Projection Start] Batch: 512, Constraints: 33
  [Outer 01/20] Loss (KL=nan, Const=nan) | Viol_Order(max=3.00, mean=0.0125) | Viol_Exist(max=2.00, mean=1.1596) | Mu_O(max=1.0) Mu_E(max=1.0) | Lam_O(max=0.00) Lam_E(max=0.00)
  [Outer 10/20] Loss (KL=nan, Const=nan) | Viol_Order(max=2.00, mean=0.0118) | Viol_Exist(max=2.00, mean=1.1599) | Mu_O(max=10.6) Mu_E(max=10.6) | Lam_O(max=67.18) Lam_E(max=64.03)
  [Outer 20/20] Loss (KL=nan, Const=nan) | Viol_Order(max=1.00, mean=0.0111) | Viol_Exist(max=2.00, mean=1.1584) | Mu_O(max=146.2) Mu_E(max=146.2) | Lam_O(max=581.60) Lam_E(max=967.95)

[Projection Start] Batch: 512, Constraints: 33
  [Outer 01/20] Loss (KL=nan, Const=nan) | Viol_Order(max=2.00, mean=0.0127) | Viol_Exist(max=2.00, mean=1.1581) | Mu_O(max=1.0) Mu_E(max=1.0) | Lam_O(max=0.00) Lam_E(max=0.00)
  [Outer 10/20] Loss (KL=nan, Const=nan) | Viol_Order(max=2.00, mean=0.0121) | Viol_Exist(max=2.00, mean=1.1583) | Mu_O(max=10.6) Mu_E(max=10.6) | Lam_O(max=64.03) Lam_E(max=64.03)
  [Outer 20/20] Loss (KL=nan, Const=nan) | Viol_Order(max=2.00, mean=0.0108) | Viol_Exist(max=2.00, mean=1.1586) | Mu_O(max=146.2) Mu_E(max=146.2) | Lam_O(max=855.49) Lam_E(max=967.95)

[Projection Start] Batch: 512, Constraints: 33
  [Outer 01/20] Loss (KL=nan, Const=nan) | Viol_Order(max=2.00, mean=0.0121) | Viol_Exist(max=2.00, mean=1.1579) | Mu_O(max=1.0) Mu_E(max=1.0) | Lam_O(max=0.00) Lam_E(max=0.00)
  [Outer 10/20] Loss (KL=nan, Const=nan) | Viol_Order(max=2.00, mean=0.0119) | Viol_Exist(max=2.00, mean=1.1582) | Mu_O(max=10.6) Mu_E(max=10.6) | Lam_O(max=64.03) Lam_E(max=64.03)
  [Outer 20/20] Loss (KL=nan, Const=nan) | Viol_Order(max=2.00, mean=0.0108) | Viol_Exist(max=2.00, mean=1.1589) | Mu_O(max=146.2) Mu_E(max=146.2) | Lam_O(max=702.45) Lam_E(max=967.95)

[Projection Start] Batch: 512, Constraints: 33
  [Outer 01/20] Loss (KL=nan, Const=nan) | Viol_Order(max=2.00, mean=0.0118) | Viol_Exist(max=2.00, mean=1.1580) | Mu_O(max=1.0) Mu_E(max=1.0) | Lam_O(max=0.00) Lam_E(max=0.00)
  [Outer 10/20] Loss (KL=nan, Const=nan) | Viol_Order(max=2.00, mean=0.0116) | Viol_Exist(max=2.00, mean=1.1580) | Mu_O(max=10.6) Mu_E(max=10.6) | Lam_O(max=64.03) Lam_E(max=64.03)
  [Outer 20/20] Loss (KL=nan, Const=nan) | Viol_Order(max=1.00, mean=0.0102) | Viol_Exist(max=2.00, mean=1.1590) | Mu_O(max=146.2) Mu_E(max=146.2) | Lam_O(max=507.83) Lam_E(max=967.95)

[Projection Start] Batch: 512, Constraints: 33
  [Outer 01/20] Loss (KL=nan, Const=nan) | Viol_Order(max=2.00, mean=0.0115) | Viol_Exist(max=2.00, mean=1.1583) | Mu_O(max=1.0) Mu_E(max=1.0) | Lam_O(max=0.00) Lam_E(max=0.00)
  [Outer 10/20] Loss (KL=nan, Const=nan) | Viol_Order(max=2.00, mean=0.0112) | Viol_Exist(max=2.00, mean=1.1587) | Mu_O(max=10.6) Mu_E(max=10.6) | Lam_O(max=64.03) Lam_E(max=64.03)
  [Outer 20/20] Loss (KL=nan, Const=nan) | Viol_Order(max=2.00, mean=0.0105) | Viol_Exist(max=2.00, mean=1.1585) | Mu_O(max=146.2) Mu_E(max=146.2) | Lam_O(max=611.89) Lam_E(max=967.95)

[Projection Start] Batch: 512, Constraints: 33
  [Outer 01/20] Loss (KL=nan, Const=nan) | Viol_Order(max=2.00, mean=0.0118) | Viol_Exist(max=2.00, mean=1.1576) | Mu_O(max=1.0) Mu_E(max=1.0) | Lam_O(max=0.00) Lam_E(max=0.00)
  [Outer 10/20] Loss (KL=nan, Const=nan) | Viol_Order(max=2.00, mean=0.0113) | Viol_Exist(max=2.00, mean=1.1583) | Mu_O(max=10.6) Mu_E(max=10.6) | Lam_O(max=64.03) Lam_E(max=64.03)
  [Outer 20/20] Loss (KL=nan, Const=nan) | Viol_Order(max=1.00, mean=0.0111) | Viol_Exist(max=2.00, mean=1.1576) | Mu_O(max=146.2) Mu_E(max=146.2) | Lam_O(max=499.43) Lam_E(max=967.95)

[Projection Start] Batch: 512, Constraints: 33
  [Outer 01/20] Loss (KL=nan, Const=nan) | Viol_Order(max=2.00, mean=0.0119) | Viol_Exist(max=2.00, mean=1.1573) | Mu_O(max=1.0) Mu_E(max=1.0) | Lam_O(max=0.00) Lam_E(max=0.00)
  [Outer 10/20] Loss (KL=nan, Const=nan) | Viol_Order(max=2.00, mean=0.0119) | Viol_Exist(max=2.00, mean=1.1573) | Mu_O(max=10.6) Mu_E(max=10.6) | Lam_O(max=64.03) Lam_E(max=64.03)
  [Outer 20/20] Loss (KL=nan, Const=nan) | Viol_Order(max=1.00, mean=0.0106) | Viol_Exist(max=2.00, mean=1.1584) | Mu_O(max=146.2) Mu_E(max=146.2) | Lam_O(max=483.97) Lam_E(max=967.95)

[Projection Start] Batch: 512, Constraints: 33
  [Outer 01/20] Loss (KL=nan, Const=nan) | Viol_Order(max=2.00, mean=0.0117) | Viol_Exist(max=2.00, mean=1.1576) | Mu_O(max=1.0) Mu_E(max=1.0) | Lam_O(max=0.00) Lam_E(max=0.00)
  [Outer 10/20] Loss (KL=nan, Const=nan) | Viol_Order(max=2.00, mean=0.0115) | Viol_Exist(max=2.00, mean=1.1576) | Mu_O(max=10.6) Mu_E(max=10.6) | Lam_O(max=64.03) Lam_E(max=64.03)
  [Outer 20/20] Loss (KL=nan, Const=nan) | Viol_Order(max=1.00, mean=0.0111) | Viol_Exist(max=2.00, mean=1.1590) | Mu_O(max=146.2) Mu_E(max=146.2) | Lam_O(max=515.99) Lam_E(max=967.95)

[Projection Start] Batch: 512, Constraints: 33
  [Outer 01/20] Loss (KL=nan, Const=nan) | Viol_Order(max=1.00, mean=0.0120) | Viol_Exist(max=2.00, mean=1.1584) | Mu_O(max=1.0) Mu_E(max=1.0) | Lam_O(max=0.00) Lam_E(max=0.00)
  [Outer 10/20] Loss (KL=nan, Const=nan) | Viol_Order(max=1.00, mean=0.0117) | Viol_Exist(max=2.00, mean=1.1587) | Mu_O(max=10.6) Mu_E(max=10.6) | Lam_O(max=32.01) Lam_E(max=64.03)
  [Outer 20/20] Loss (KL=nan, Const=nan) | Viol_Order(max=4.00, mean=0.0112) | Viol_Exist(max=2.00, mean=1.1591) | Mu_O(max=146.2) Mu_E(max=146.2) | Lam_O(max=483.97) Lam_E(max=967.95)

[Projection Start] Batch: 512, Constraints: 33
  [Outer 01/20] Loss (KL=nan, Const=nan) | Viol_Order(max=4.00, mean=0.0116) | Viol_Exist(max=2.00, mean=1.1591) | Mu_O(max=1.0) Mu_E(max=1.0) | Lam_O(max=0.00) Lam_E(max=0.00)
  [Outer 10/20] Loss (KL=nan, Const=nan) | Viol_Order(max=4.00, mean=0.0115) | Viol_Exist(max=2.00, mean=1.1593) | Mu_O(max=10.6) Mu_E(max=10.6) | Lam_O(max=128.06) Lam_E(max=64.03)
  [Outer 20/20] Loss (KL=nan, Const=nan) | Viol_Order(max=2.00, mean=0.0112) | Viol_Exist(max=2.00, mean=1.1586) | Mu_O(max=146.2) Mu_E(max=146.2) | Lam_O(max=492.13) Lam_E(max=967.95)

[Projection Start] Batch: 512, Constraints: 33
  [Outer 01/20] Loss (KL=nan, Const=nan) | Viol_Order(max=4.00, mean=0.0118) | Viol_Exist(max=2.00, mean=1.1581) | Mu_O(max=1.0) Mu_E(max=1.0) | Lam_O(max=0.00) Lam_E(max=0.00)
  [Outer 10/20] Loss (KL=nan, Const=nan) | Viol_Order(max=2.00, mean=0.0112) | Viol_Exist(max=2.00, mean=1.1587) | Mu_O(max=10.6) Mu_E(max=10.6) | Lam_O(max=70.33) Lam_E(max=64.03)
  [Outer 20/20] Loss (KL=nan, Const=nan) | Viol_Order(max=3.00, mean=0.0117) | Viol_Exist(max=2.00, mean=1.1585) | Mu_O(max=146.2) Mu_E(max=146.2) | Lam_O(max=526.59) Lam_E(max=967.95)

[Projection Start] Batch: 512, Constraints: 33
  [Outer 01/20] Loss (KL=nan, Const=nan) | Viol_Order(max=3.00, mean=0.0118) | Viol_Exist(max=2.00, mean=1.1585) | Mu_O(max=1.0) Mu_E(max=1.0) | Lam_O(max=0.00) Lam_E(max=0.00)
  [Outer 10/20] Loss (KL=nan, Const=nan) | Viol_Order(max=2.00, mean=0.0118) | Viol_Exist(max=2.00, mean=1.1584) | Mu_O(max=10.6) Mu_E(max=10.6) | Lam_O(max=81.61) Lam_E(max=64.03)
  [Outer 20/20] Loss (KL=nan, Const=nan) | Viol_Order(max=2.00, mean=0.0110) | Viol_Exist(max=2.00, mean=1.1594) | Mu_O(max=146.2) Mu_E(max=146.2) | Lam_O(max=483.97) Lam_E(max=967.95)

[Projection Start] Batch: 512, Constraints: 33
  [Outer 01/20] Loss (KL=nan, Const=nan) | Viol_Order(max=4.00, mean=0.0117) | Viol_Exist(max=2.00, mean=1.1592) | Mu_O(max=1.0) Mu_E(max=1.0) | Lam_O(max=0.00) Lam_E(max=0.00)
  [Outer 10/20] Loss (KL=nan, Const=nan) | Viol_Order(max=4.00, mean=0.0118) | Viol_Exist(max=2.00, mean=1.1592) | Mu_O(max=10.6) Mu_E(max=10.6) | Lam_O(max=128.06) Lam_E(max=64.03)
  [Outer 20/20] Loss (KL=nan, Const=nan) | Viol_Order(max=2.00, mean=0.0110) | Viol_Exist(max=2.00, mean=1.1594) | Mu_O(max=146.2) Mu_E(max=146.2) | Lam_O(max=594.50) Lam_E(max=967.95)

[Projection Start] Batch: 512, Constraints: 33
  [Outer 01/20] Loss (KL=nan, Const=nan) | Viol_Order(max=2.00, mean=0.0120) | Viol_Exist(max=2.00, mean=1.1588) | Mu_O(max=1.0) Mu_E(max=1.0) | Lam_O(max=0.00) Lam_E(max=0.00)
  [Outer 10/20] Loss (KL=nan, Const=nan) | Viol_Order(max=2.00, mean=0.0120) | Viol_Exist(max=2.00, mean=1.1587) | Mu_O(max=10.6) Mu_E(max=10.6) | Lam_O(max=64.03) Lam_E(max=64.03)
  [Outer 20/20] Loss (KL=nan, Const=nan) | Viol_Order(max=1.00, mean=0.0105) | Viol_Exist(max=2.00, mean=1.1591) | Mu_O(max=146.2) Mu_E(max=146.2) | Lam_O(max=611.89) Lam_E(max=967.95)

[Projection Start] Batch: 512, Constraints: 33
  [Outer 01/20] Loss (KL=nan, Const=nan) | Viol_Order(max=2.00, mean=0.0114) | Viol_Exist(max=2.00, mean=1.1591) | Mu_O(max=1.0) Mu_E(max=1.0) | Lam_O(max=0.00) Lam_E(max=0.00)
  [Outer 10/20] Loss (KL=nan, Const=nan) | Viol_Order(max=2.00, mean=0.0113) | Viol_Exist(max=2.00, mean=1.1591) | Mu_O(max=10.6) Mu_E(max=10.6) | Lam_O(max=64.03) Lam_E(max=64.03)
  [Outer 20/20] Loss (KL=nan, Const=nan) | Viol_Order(max=1.00, mean=0.0104) | Viol_Exist(max=2.00, mean=1.1592) | Mu_O(max=146.2) Mu_E(max=146.2) | Lam_O(max=483.97) Lam_E(max=967.95)

[Projection Start] Batch: 512, Constraints: 33
  [Outer 01/20] Loss (KL=nan, Const=nan) | Viol_Order(max=2.00, mean=0.0113) | Viol_Exist(max=2.00, mean=1.1585) | Mu_O(max=1.0) Mu_E(max=1.0) | Lam_O(max=0.00) Lam_E(max=0.00)
  [Outer 10/20] Loss (KL=nan, Const=nan) | Viol_Order(max=2.00, mean=0.0112) | Viol_Exist(max=2.00, mean=1.1587) | Mu_O(max=10.6) Mu_E(max=10.6) | Lam_O(max=64.03) Lam_E(max=64.03)
  [Outer 20/20] Loss (KL=nan, Const=nan) | Viol_Order(max=1.00, mean=0.0104) | Viol_Exist(max=2.00, mean=1.1587) | Mu_O(max=146.2) Mu_E(max=146.2) | Lam_O(max=483.97) Lam_E(max=967.95)

[Projection Start] Batch: 512, Constraints: 33
  [Outer 01/20] Loss (KL=nan, Const=nan) | Viol_Order(max=2.00, mean=0.0108) | Viol_Exist(max=2.00, mean=1.1586) | Mu_O(max=1.0) Mu_E(max=1.0) | Lam_O(max=0.00) Lam_E(max=0.00)
  [Outer 10/20] Loss (KL=nan, Const=nan) | Viol_Order(max=1.00, mean=0.0108) | Viol_Exist(max=2.00, mean=1.1586) | Mu_O(max=10.6) Mu_E(max=10.6) | Lam_O(max=55.87) Lam_E(max=64.03)
  [Outer 20/20] Loss (KL=nan, Const=nan) | Viol_Order(max=1.00, mean=0.0102) | Viol_Exist(max=2.00, mean=1.1590) | Mu_O(max=146.2) Mu_E(max=146.2) | Lam_O(max=483.97) Lam_E(max=967.95)

[Projection Start] Batch: 512, Constraints: 33
  [Outer 01/20] Loss (KL=nan, Const=nan) | Viol_Order(max=1.00, mean=0.0106) | Viol_Exist(max=2.00, mean=1.1589) | Mu_O(max=1.0) Mu_E(max=1.0) | Lam_O(max=0.00) Lam_E(max=0.00)
  [Outer 10/20] Loss (KL=nan, Const=nan) | Viol_Order(max=1.00, mean=0.0107) | Viol_Exist(max=2.00, mean=1.1586) | Mu_O(max=10.6) Mu_E(max=10.6) | Lam_O(max=32.01) Lam_E(max=64.03)
  [Outer 20/20] Loss (KL=nan, Const=nan) | Viol_Order(max=1.00, mean=0.0102) | Viol_Exist(max=2.00, mean=1.1597) | Mu_O(max=146.2) Mu_E(max=146.2) | Lam_O(max=483.97) Lam_E(max=967.95)

[Projection Start] Batch: 512, Constraints: 33
  [Outer 01/20] Loss (KL=nan, Const=nan) | Viol_Order(max=1.00, mean=0.0107) | Viol_Exist(max=2.00, mean=1.1593) | Mu_O(max=1.0) Mu_E(max=1.0) | Lam_O(max=0.00) Lam_E(max=0.00)
  [Outer 10/20] Loss (KL=nan, Const=nan) | Viol_Order(max=1.00, mean=0.0108) | Viol_Exist(max=2.00, mean=1.1595) | Mu_O(max=10.6) Mu_E(max=10.6) | Lam_O(max=32.01) Lam_E(max=64.03)
  [Outer 20/20] Loss (KL=nan, Const=nan) | Viol_Order(max=1.00, mean=0.0104) | Viol_Exist(max=2.00, mean=1.1594) | Mu_O(max=146.2) Mu_E(max=146.2) | Lam_O(max=483.97) Lam_E(max=967.95)

[Projection Start] Batch: 512, Constraints: 33
  [Outer 01/20] Loss (KL=nan, Const=nan) | Viol_Order(max=1.00, mean=0.0107) | Viol_Exist(max=2.00, mean=1.1592) | Mu_O(max=1.0) Mu_E(max=1.0) | Lam_O(max=0.00) Lam_E(max=0.00)
  [Outer 10/20] Loss (KL=nan, Const=nan) | Viol_Order(max=1.00, mean=0.0107) | Viol_Exist(max=2.00, mean=1.1592) | Mu_O(max=10.6) Mu_E(max=10.6) | Lam_O(max=32.01) Lam_E(max=64.03)
  [Outer 20/20] Loss (KL=nan, Const=nan) | Viol_Order(max=2.00, mean=0.0104) | Viol_Exist(max=2.00, mean=1.1592) | Mu_O(max=146.2) Mu_E(max=146.2) | Lam_O(max=483.97) Lam_E(max=967.95)

[Projection Start] Batch: 512, Constraints: 33
  [Outer 01/20] Loss (KL=nan, Const=nan) | Viol_Order(max=2.00, mean=0.0106) | Viol_Exist(max=2.00, mean=1.1592) | Mu_O(max=1.0) Mu_E(max=1.0) | Lam_O(max=0.00) Lam_E(max=0.00)
  [Outer 10/20] Loss (KL=nan, Const=nan) | Viol_Order(max=2.00, mean=0.0106) | Viol_Exist(max=2.00, mean=1.1592) | Mu_O(max=10.6) Mu_E(max=10.6) | Lam_O(max=64.03) Lam_E(max=64.03)
  [Outer 20/20] Loss (KL=nan, Const=nan) | Viol_Order(max=2.00, mean=0.0104) | Viol_Exist(max=2.00, mean=1.1592) | Mu_O(max=146.2) Mu_E(max=146.2) | Lam_O(max=768.99) Lam_E(max=967.95)

[Projection Start] Batch: 512, Constraints: 33
  [Outer 01/20] Loss (KL=nan, Const=nan) | Viol_Order(max=2.00, mean=0.0111) | Viol_Exist(max=2.00, mean=1.1584) | Mu_O(max=1.0) Mu_E(max=1.0) | Lam_O(max=0.00) Lam_E(max=0.00)
  [Outer 10/20] Loss (KL=nan, Const=nan) | Viol_Order(max=2.00, mean=0.0111) | Viol_Exist(max=2.00, mean=1.1584) | Mu_O(max=10.6) Mu_E(max=10.6) | Lam_O(max=64.03) Lam_E(max=64.03)
  [Outer 20/20] Loss (KL=nan, Const=nan) | Viol_Order(max=1.00, mean=0.0106) | Viol_Exist(max=2.00, mean=1.1591) | Mu_O(max=146.2) Mu_E(max=146.2) | Lam_O(max=570.03) Lam_E(max=967.95)

[Projection Start] Batch: 512, Constraints: 33
  [Outer 01/20] Loss (KL=nan, Const=nan) | Viol_Order(max=2.00, mean=0.0112) | Viol_Exist(max=2.00, mean=1.1589) | Mu_O(max=1.0) Mu_E(max=1.0) | Lam_O(max=0.00) Lam_E(max=0.00)
  [Outer 10/20] Loss (KL=nan, Const=nan) | Viol_Order(max=2.00, mean=0.0112) | Viol_Exist(max=2.00, mean=1.1589) | Mu_O(max=10.6) Mu_E(max=10.6) | Lam_O(max=64.03) Lam_E(max=64.03)
  [Outer 20/20] Loss (KL=nan, Const=nan) | Viol_Order(max=3.00, mean=0.0113) | Viol_Exist(max=2.00, mean=1.1584) | Mu_O(max=146.2) Mu_E(max=146.2) | Lam_O(max=611.89) Lam_E(max=967.95)

[Projection Start] Batch: 512, Constraints: 33
  [Outer 01/20] Loss (KL=nan, Const=nan) | Viol_Order(max=3.00, mean=0.0117) | Viol_Exist(max=2.00, mean=1.1582) | Mu_O(max=1.0) Mu_E(max=1.0) | Lam_O(max=0.00) Lam_E(max=0.00)
  [Outer 10/20] Loss (KL=nan, Const=nan) | Viol_Order(max=3.00, mean=0.0117) | Viol_Exist(max=2.00, mean=1.1583) | Mu_O(max=10.6) Mu_E(max=10.6) | Lam_O(max=96.04) Lam_E(max=64.03)
  [Outer 20/20] Loss (KL=nan, Const=nan) | Viol_Order(max=2.00, mean=0.0114) | Viol_Exist(max=2.00, mean=1.1583) | Mu_O(max=146.2) Mu_E(max=146.2) | Lam_O(max=483.97) Lam_E(max=967.95)

[Projection Start] Batch: 512, Constraints: 33
  [Outer 01/20] Loss (KL=nan, Const=nan) | Viol_Order(max=2.00, mean=0.0117) | Viol_Exist(max=2.00, mean=1.1578) | Mu_O(max=1.0) Mu_E(max=1.0) | Lam_O(max=0.00) Lam_E(max=0.00)
  [Outer 10/20] Loss (KL=nan, Const=nan) | Viol_Order(max=2.00, mean=0.0115) | Viol_Exist(max=2.00, mean=1.1580) | Mu_O(max=10.6) Mu_E(max=10.6) | Lam_O(max=64.03) Lam_E(max=64.03)
  [Outer 20/20] Loss (KL=nan, Const=nan) | Viol_Order(max=2.00, mean=0.0109) | Viol_Exist(max=2.00, mean=1.1590) | Mu_O(max=146.2) Mu_E(max=146.2) | Lam_O(max=483.97) Lam_E(max=967.95)

[Projection Start] Batch: 512, Constraints: 33
  [Outer 01/20] Loss (KL=nan, Const=nan) | Viol_Order(max=2.00, mean=0.0114) | Viol_Exist(max=2.00, mean=1.1590) | Mu_O(max=1.0) Mu_E(max=1.0) | Lam_O(max=0.00) Lam_E(max=0.00)
  [Outer 10/20] Loss (KL=nan, Const=nan) | Viol_Order(max=2.00, mean=0.0112) | Viol_Exist(max=2.00, mean=1.1587) | Mu_O(max=10.6) Mu_E(max=10.6) | Lam_O(max=64.03) Lam_E(max=64.03)
  [Outer 20/20] Loss (KL=nan, Const=nan) | Viol_Order(max=2.00, mean=0.0113) | Viol_Exist(max=2.00, mean=1.1588) | Mu_O(max=146.2) Mu_E(max=146.2) | Lam_O(max=702.45) Lam_E(max=967.95)

[Projection Start] Batch: 512, Constraints: 33
  [Outer 01/20] Loss (KL=nan, Const=nan) | Viol_Order(max=2.00, mean=0.0118) | Viol_Exist(max=2.00, mean=1.1583) | Mu_O(max=1.0) Mu_E(max=1.0) | Lam_O(max=0.00) Lam_E(max=0.00)
  [Outer 10/20] Loss (KL=nan, Const=nan) | Viol_Order(max=2.00, mean=0.0117) | Viol_Exist(max=2.00, mean=1.1584) | Mu_O(max=10.6) Mu_E(max=10.6) | Lam_O(max=64.03) Lam_E(max=64.03)
  [Outer 20/20] Loss (KL=nan, Const=nan) | Viol_Order(max=1.00, mean=0.0111) | Viol_Exist(max=2.00, mean=1.1583) | Mu_O(max=146.2) Mu_E(max=146.2) | Lam_O(max=651.26) Lam_E(max=967.95)

[Projection Start] Batch: 512, Constraints: 33
  [Outer 01/20] Loss (KL=nan, Const=nan) | Viol_Order(max=3.00, mean=0.0118) | Viol_Exist(max=2.00, mean=1.1576) | Mu_O(max=1.0) Mu_E(max=1.0) | Lam_O(max=0.00) Lam_E(max=0.00)
  [Outer 10/20] Loss (KL=nan, Const=nan) | Viol_Order(max=3.00, mean=0.0120) | Viol_Exist(max=2.00, mean=1.1574) | Mu_O(max=10.6) Mu_E(max=10.6) | Lam_O(max=96.04) Lam_E(max=64.03)
  [Outer 20/20] Loss (KL=nan, Const=nan) | Viol_Order(max=1.00, mean=0.0119) | Viol_Exist(max=2.00, mean=1.1570) | Mu_O(max=146.2) Mu_E(max=146.2) | Lam_O(max=739.80) Lam_E(max=967.95)
[DEBUG][shape] time torch.Size([512, 17])
[DEBUG][shape] mask torch.Size([512, 17])
[DEBUG][shape] tau  torch.Size([512, 17])
[DEBUG][shape] cond1 torch.Size([512, 17])
[DEBUG][shape] unpadded_length torch.Size([512]) 16
[DEBUG][shape] content_token torch.Size([512, 35])
po_matrix shape: torch.Size([512, 9, 9]) sum0: 27.0
tau before cond_encoder: torch.Size([512, 13]) time: torch.Size([512, 13])
tau after  cond_encoder: torch.Size([512, 13]) time: torch.Size([512, 13])

[Projection Start] Batch: 512, Constraints: 33
  [Outer 01/20] Loss (KL=1.8777, Const=6301.5137) | Viol_Order(max=2.00, mean=0.0016) | Viol_Exist(max=2.00, mean=1.8320) | Mu_O(max=1.0) Mu_E(max=1.0) | Lam_O(max=0.00) Lam_E(max=0.00)
  [Outer 10/20] Loss (KL=49.2509, Const=101237.4453) | Viol_Order(max=2.00, mean=0.0769) | Viol_Exist(max=2.00, mean=1.0874) | Mu_O(max=10.6) Mu_E(max=10.6) | Lam_O(max=35.90) Lam_E(max=64.03)
  [Outer 20/20] Loss (KL=71.3552, Const=927989.9375) | Viol_Order(max=2.00, mean=0.0695) | Viol_Exist(max=2.00, mean=1.0845) | Mu_O(max=146.2) Mu_E(max=146.2) | Lam_O(max=487.86) Lam_E(max=967.95)

[Projection Start] Batch: 512, Constraints: 33
  [Outer 01/20] Loss (KL=2.3909, Const=5210.3936) | Viol_Order(max=2.00, mean=0.0027) | Viol_Exist(max=2.00, mean=1.7745) | Mu_O(max=1.0) Mu_E(max=1.0) | Lam_O(max=0.00) Lam_E(max=0.00)
  [Outer 10/20] Loss (KL=47.0373, Const=101169.6094) | Viol_Order(max=2.00, mean=0.0698) | Viol_Exist(max=2.00, mean=1.0890) | Mu_O(max=10.6) Mu_E(max=10.6) | Lam_O(max=32.01) Lam_E(max=64.03)
  [Outer 20/20] Loss (KL=69.3063, Const=941854.3125) | Viol_Order(max=2.00, mean=0.0645) | Viol_Exist(max=2.00, mean=1.0839) | Mu_O(max=146.2) Mu_E(max=146.2) | Lam_O(max=483.97) Lam_E(max=967.95)

[Projection Start] Batch: 512, Constraints: 33
  [Outer 01/20] Loss (KL=2.6193, Const=4748.8950) | Viol_Order(max=2.00, mean=0.0057) | Viol_Exist(max=2.00, mean=1.7258) | Mu_O(max=1.0) Mu_E(max=1.0) | Lam_O(max=0.00) Lam_E(max=0.00)
  [Outer 10/20] Loss (KL=45.1151, Const=101078.7188) | Viol_Order(max=2.00, mean=0.0669) | Viol_Exist(max=2.00, mean=1.0903) | Mu_O(max=10.6) Mu_E(max=10.6) | Lam_O(max=32.01) Lam_E(max=64.03)
  [Outer 20/20] Loss (KL=66.5067, Const=961419.3750) | Viol_Order(max=2.00, mean=0.0645) | Viol_Exist(max=2.00, mean=1.0825) | Mu_O(max=146.2) Mu_E(max=146.2) | Lam_O(max=483.97) Lam_E(max=967.95)

[Projection Start] Batch: 512, Constraints: 33
  [Outer 01/20] Loss (KL=2.6234, Const=4604.7275) | Viol_Order(max=4.00, mean=0.0075) | Viol_Exist(max=2.00, mean=1.7105) | Mu_O(max=1.0) Mu_E(max=1.0) | Lam_O(max=0.00) Lam_E(max=0.00)
  [Outer 10/20] Loss (KL=43.1825, Const=103499.9375) | Viol_Order(max=2.00, mean=0.0646) | Viol_Exist(max=2.00, mean=1.0925) | Mu_O(max=10.6) Mu_E(max=10.6) | Lam_O(max=39.76) Lam_E(max=64.03)
  [Outer 20/20] Loss (KL=63.9654, Const=995537.1250) | Viol_Order(max=2.00, mean=0.0581) | Viol_Exist(max=2.00, mean=1.0885) | Mu_O(max=146.2) Mu_E(max=146.2) | Lam_O(max=491.72) Lam_E(max=967.95)

[Projection Start] Batch: 512, Constraints: 33
  [Outer 01/20] Loss (KL=2.6420, Const=4329.3159) | Viol_Order(max=3.00, mean=0.0101) | Viol_Exist(max=2.00, mean=1.6810) | Mu_O(max=1.0) Mu_E(max=1.0) | Lam_O(max=0.00) Lam_E(max=0.00)
  [Outer 10/20] Loss (KL=41.1533, Const=104278.7969) | Viol_Order(max=2.00, mean=0.0647) | Viol_Exist(max=2.00, mean=1.0927) | Mu_O(max=10.6) Mu_E(max=10.6) | Lam_O(max=38.20) Lam_E(max=64.03)
  [Outer 20/20] Loss (KL=61.4941, Const=991658.3750) | Viol_Order(max=1.00, mean=0.0571) | Viol_Exist(max=2.00, mean=1.0911) | Mu_O(max=146.2) Mu_E(max=146.2) | Lam_O(max=490.16) Lam_E(max=967.95)

[Projection Start] Batch: 512, Constraints: 33
  [Outer 01/20] Loss (KL=2.6251, Const=4225.8076) | Viol_Order(max=3.00, mean=0.0144) | Viol_Exist(max=2.00, mean=1.6270) | Mu_O(max=1.0) Mu_E(max=1.0) | Lam_O(max=0.00) Lam_E(max=0.00)
  [Outer 10/20] Loss (KL=39.6420, Const=105740.3984) | Viol_Order(max=2.00, mean=0.0618) | Viol_Exist(max=2.00, mean=1.0914) | Mu_O(max=10.6) Mu_E(max=10.6) | Lam_O(max=33.01) Lam_E(max=64.03)
  [Outer 20/20] Loss (KL=58.9478, Const=1056770.1250) | Viol_Order(max=2.00, mean=0.0584) | Viol_Exist(max=2.00, mean=1.0955) | Mu_O(max=146.2) Mu_E(max=146.2) | Lam_O(max=484.97) Lam_E(max=967.95)

[Projection Start] Batch: 512, Constraints: 33
  [Outer 01/20] Loss (KL=2.4831, Const=4183.1055) | Viol_Order(max=3.00, mean=0.0160) | Viol_Exist(max=2.00, mean=1.6033) | Mu_O(max=1.0) Mu_E(max=1.0) | Lam_O(max=0.00) Lam_E(max=0.00)
  [Outer 10/20] Loss (KL=37.4170, Const=109129.1641) | Viol_Order(max=3.00, mean=0.0625) | Viol_Exist(max=2.00, mean=1.0947) | Mu_O(max=10.6) Mu_E(max=10.6) | Lam_O(max=38.20) Lam_E(max=64.03)
  [Outer 20/20] Loss (KL=56.5290, Const=1097576.8750) | Viol_Order(max=1.00, mean=0.0591) | Viol_Exist(max=2.00, mean=1.0958) | Mu_O(max=146.2) Mu_E(max=146.2) | Lam_O(max=490.16) Lam_E(max=967.95)

[Projection Start] Batch: 512, Constraints: 33
  [Outer 01/20] Loss (KL=2.3714, Const=4097.4658) | Viol_Order(max=5.00, mean=0.0230) | Viol_Exist(max=2.00, mean=1.5757) | Mu_O(max=1.0) Mu_E(max=1.0) | Lam_O(max=0.00) Lam_E(max=0.00)
  [Outer 10/20] Loss (KL=35.5001, Const=110343.3594) | Viol_Order(max=2.00, mean=0.0597) | Viol_Exist(max=2.00, mean=1.0954) | Mu_O(max=10.6) Mu_E(max=10.6) | Lam_O(max=34.31) Lam_E(max=64.03)
  [Outer 20/20] Loss (KL=53.0965, Const=1126931.5000) | Viol_Order(max=1.00, mean=0.0569) | Viol_Exist(max=2.00, mean=1.1003) | Mu_O(max=146.2) Mu_E(max=146.2) | Lam_O(max=486.27) Lam_E(max=967.95)

[Projection Start] Batch: 512, Constraints: 33
  [Outer 01/20] Loss (KL=2.4267, Const=3995.4326) | Viol_Order(max=4.00, mean=0.0217) | Viol_Exist(max=2.00, mean=1.5379) | Mu_O(max=1.0) Mu_E(max=1.0) | Lam_O(max=0.00) Lam_E(max=0.00)
  [Outer 10/20] Loss (KL=33.5649, Const=113512.5156) | Viol_Order(max=2.00, mean=0.0602) | Viol_Exist(max=2.00, mean=1.0969) | Mu_O(max=10.6) Mu_E(max=10.6) | Lam_O(max=33.31) Lam_E(max=64.03)
  [Outer 20/20] Loss (KL=50.5894, Const=1188313.8750) | Viol_Order(max=1.00, mean=0.0532) | Viol_Exist(max=2.00, mean=1.1030) | Mu_O(max=146.2) Mu_E(max=146.2) | Lam_O(max=485.27) Lam_E(max=967.95)

[Projection Start] Batch: 512, Constraints: 33
  [Outer 01/20] Loss (KL=2.2088, Const=3931.9360) | Viol_Order(max=4.00, mean=0.0262) | Viol_Exist(max=2.00, mean=1.5169) | Mu_O(max=1.0) Mu_E(max=1.0) | Lam_O(max=0.00) Lam_E(max=0.00)
  [Outer 10/20] Loss (KL=31.6575, Const=115225.8281) | Viol_Order(max=2.00, mean=0.0593) | Viol_Exist(max=2.00, mean=1.0996) | Mu_O(max=10.6) Mu_E(max=10.6) | Lam_O(max=39.76) Lam_E(max=64.03)
  [Outer 20/20] Loss (KL=48.6063, Const=1230952.3750) | Viol_Order(max=2.00, mean=0.0549) | Viol_Exist(max=2.00, mean=1.1091) | Mu_O(max=146.2) Mu_E(max=146.2) | Lam_O(max=491.72) Lam_E(max=967.95)

[Projection Start] Batch: 512, Constraints: 33
  [Outer 01/20] Loss (KL=2.1686, Const=3850.0090) | Viol_Order(max=4.00, mean=0.0307) | Viol_Exist(max=2.00, mean=1.4840) | Mu_O(max=1.0) Mu_E(max=1.0) | Lam_O(max=0.00) Lam_E(max=0.00)
  [Outer 10/20] Loss (KL=29.8854, Const=119420.4219) | Viol_Order(max=2.00, mean=0.0562) | Viol_Exist(max=2.00, mean=1.1004) | Mu_O(max=10.6) Mu_E(max=10.6) | Lam_O(max=35.31) Lam_E(max=64.03)
  [Outer 20/20] Loss (KL=46.0309, Const=1306498.7500) | Viol_Order(max=1.00, mean=0.0534) | Viol_Exist(max=2.00, mean=1.1072) | Mu_O(max=146.2) Mu_E(max=146.2) | Lam_O(max=487.27) Lam_E(max=967.95)

[Projection Start] Batch: 512, Constraints: 33
  [Outer 01/20] Loss (KL=2.0443, Const=3832.0674) | Viol_Order(max=4.00, mean=0.0356) | Viol_Exist(max=2.00, mean=1.4561) | Mu_O(max=1.0) Mu_E(max=1.0) | Lam_O(max=0.00) Lam_E(max=0.00)
  [Outer 10/20] Loss (KL=27.9942, Const=121969.8906) | Viol_Order(max=2.00, mean=0.0584) | Viol_Exist(max=2.00, mean=1.1052) | Mu_O(max=10.6) Mu_E(max=10.6) | Lam_O(max=34.31) Lam_E(max=64.03)
  [Outer 20/20] Loss (KL=43.4402, Const=1339400.0000) | Viol_Order(max=1.00, mean=0.0546) | Viol_Exist(max=2.00, mean=1.1056) | Mu_O(max=146.2) Mu_E(max=146.2) | Lam_O(max=486.27) Lam_E(max=967.95)

[Projection Start] Batch: 512, Constraints: 33
  [Outer 01/20] Loss (KL=1.9352, Const=3765.4429) | Viol_Order(max=4.00, mean=0.0378) | Viol_Exist(max=2.00, mean=1.3981) | Mu_O(max=1.0) Mu_E(max=1.0) | Lam_O(max=0.00) Lam_E(max=0.00)
  [Outer 10/20] Loss (KL=25.9208, Const=124107.4844) | Viol_Order(max=2.00, mean=0.0539) | Viol_Exist(max=2.00, mean=1.1061) | Mu_O(max=10.6) Mu_E(max=10.6) | Lam_O(max=35.87) Lam_E(max=64.03)
  [Outer 20/20] Loss (KL=40.4179, Const=1395415.7500) | Viol_Order(max=1.00, mean=0.0498) | Viol_Exist(max=2.00, mean=1.1113) | Mu_O(max=146.2) Mu_E(max=146.2) | Lam_O(max=487.83) Lam_E(max=967.95)

[Projection Start] Batch: 512, Constraints: 33
  [Outer 01/20] Loss (KL=1.7398, Const=3741.8848) | Viol_Order(max=4.00, mean=0.0395) | Viol_Exist(max=2.00, mean=1.3662) | Mu_O(max=1.0) Mu_E(max=1.0) | Lam_O(max=0.00) Lam_E(max=0.00)
  [Outer 10/20] Loss (KL=24.5084, Const=126054.0625) | Viol_Order(max=2.00, mean=0.0552) | Viol_Exist(max=2.00, mean=1.1025) | Mu_O(max=10.6) Mu_E(max=10.6) | Lam_O(max=41.06) Lam_E(max=64.03)
  [Outer 20/20] Loss (KL=38.0739, Const=1424141.1250) | Viol_Order(max=2.00, mean=0.0536) | Viol_Exist(max=2.00, mean=1.1126) | Mu_O(max=146.2) Mu_E(max=146.2) | Lam_O(max=493.02) Lam_E(max=967.95)

[Projection Start] Batch: 512, Constraints: 33
  [Outer 01/20] Loss (KL=1.6509, Const=3726.3916) | Viol_Order(max=5.00, mean=0.0466) | Viol_Exist(max=2.00, mean=1.3223) | Mu_O(max=1.0) Mu_E(max=1.0) | Lam_O(max=0.00) Lam_E(max=0.00)
  [Outer 10/20] Loss (KL=22.0472, Const=129083.0625) | Viol_Order(max=2.00, mean=0.0532) | Viol_Exist(max=2.00, mean=1.1099) | Mu_O(max=10.6) Mu_E(max=10.6) | Lam_O(max=45.14) Lam_E(max=64.03)
  [Outer 20/20] Loss (KL=34.6549, Const=1519223.0000) | Viol_Order(max=1.00, mean=0.0544) | Viol_Exist(max=2.00, mean=1.1087) | Mu_O(max=146.2) Mu_E(max=146.2) | Lam_O(max=497.09) Lam_E(max=967.95)

[Projection Start] Batch: 512, Constraints: 33
  [Outer 01/20] Loss (KL=1.5224, Const=3661.8530) | Viol_Order(max=4.00, mean=0.0497) | Viol_Exist(max=2.00, mean=1.2964) | Mu_O(max=1.0) Mu_E(max=1.0) | Lam_O(max=0.00) Lam_E(max=0.00)
  [Outer 10/20] Loss (KL=20.4951, Const=133743.1562) | Viol_Order(max=2.00, mean=0.0550) | Viol_Exist(max=2.00, mean=1.1116) | Mu_O(max=10.6) Mu_E(max=10.6) | Lam_O(max=35.90) Lam_E(max=64.03)
  [Outer 20/20] Loss (KL=32.1764, Const=1585589.2500) | Viol_Order(max=1.00, mean=0.0529) | Viol_Exist(max=2.00, mean=1.1191) | Mu_O(max=146.2) Mu_E(max=146.2) | Lam_O(max=486.96) Lam_E(max=967.95)

[Projection Start] Batch: 512, Constraints: 33
  [Outer 01/20] Loss (KL=1.3830, Const=3695.1130) | Viol_Order(max=4.00, mean=0.0558) | Viol_Exist(max=2.00, mean=1.2741) | Mu_O(max=1.0) Mu_E(max=1.0) | Lam_O(max=0.00) Lam_E(max=0.00)
  [Outer 10/20] Loss (KL=18.6665, Const=139394.7500) | Viol_Order(max=2.00, mean=0.0559) | Viol_Exist(max=2.00, mean=1.1142) | Mu_O(max=10.6) Mu_E(max=10.6) | Lam_O(max=36.00) Lam_E(max=64.03)
  [Outer 20/20] Loss (KL=30.1419, Const=1689073.5000) | Viol_Order(max=2.00, mean=0.0529) | Viol_Exist(max=2.00, mean=1.1190) | Mu_O(max=146.2) Mu_E(max=146.2) | Lam_O(max=487.96) Lam_E(max=967.95)

[Projection Start] Batch: 512, Constraints: 33
  [Outer 01/20] Loss (KL=1.2567, Const=3477.0630) | Viol_Order(max=4.00, mean=0.0632) | Viol_Exist(max=2.00, mean=1.2411) | Mu_O(max=1.0) Mu_E(max=1.0) | Lam_O(max=0.00) Lam_E(max=0.00)
  [Outer 10/20] Loss (KL=16.4799, Const=143649.6719) | Viol_Order(max=2.00, mean=0.0535) | Viol_Exist(max=2.00, mean=1.1193) | Mu_O(max=10.6) Mu_E(max=10.6) | Lam_O(max=37.56) Lam_E(max=64.03)
  [Outer 20/20] Loss (KL=26.5073, Const=1762522.0000) | Viol_Order(max=1.00, mean=0.0527) | Viol_Exist(max=2.00, mean=1.1203) | Mu_O(max=146.2) Mu_E(max=146.2) | Lam_O(max=489.52) Lam_E(max=967.95)

[Projection Start] Batch: 512, Constraints: 33
  [Outer 01/20] Loss (KL=1.0276, Const=3545.1218) | Viol_Order(max=6.00, mean=0.0670) | Viol_Exist(max=2.00, mean=1.2262) | Mu_O(max=1.0) Mu_E(max=1.0) | Lam_O(max=0.00) Lam_E(max=0.00)
  [Outer 10/20] Loss (KL=14.6485, Const=149739.6875) | Viol_Order(max=2.00, mean=0.0481) | Viol_Exist(max=2.00, mean=1.1240) | Mu_O(max=10.6) Mu_E(max=10.6) | Lam_O(max=35.51) Lam_E(max=64.03)
  [Outer 20/20] Loss (KL=24.2216, Const=1867078.5000) | Viol_Order(max=2.00, mean=0.0473) | Viol_Exist(max=2.00, mean=1.1275) | Mu_O(max=146.2) Mu_E(max=146.2) | Lam_O(max=487.47) Lam_E(max=967.95)

[Projection Start] Batch: 512, Constraints: 33
  [Outer 01/20] Loss (KL=0.9127, Const=3386.2178) | Viol_Order(max=4.00, mean=0.0664) | Viol_Exist(max=2.00, mean=1.1931) | Mu_O(max=1.0) Mu_E(max=1.0) | Lam_O(max=0.00) Lam_E(max=0.00)
  [Outer 10/20] Loss (KL=12.0978, Const=159239.1562) | Viol_Order(max=2.00, mean=0.0450) | Viol_Exist(max=2.00, mean=1.1287) | Mu_O(max=10.6) Mu_E(max=10.6) | Lam_O(max=36.17) Lam_E(max=64.03)
  [Outer 20/20] Loss (KL=20.1943, Const=2067813.1250) | Viol_Order(max=1.00, mean=0.0448) | Viol_Exist(max=2.00, mean=1.1280) | Mu_O(max=146.2) Mu_E(max=146.2) | Lam_O(max=488.13) Lam_E(max=967.95)

[Projection Start] Batch: 512, Constraints: 33
  [Outer 01/20] Loss (KL=0.7563, Const=3371.9683) | Viol_Order(max=4.00, mean=0.0678) | Viol_Exist(max=2.00, mean=1.1873) | Mu_O(max=1.0) Mu_E(max=1.0) | Lam_O(max=0.00) Lam_E(max=0.00)
  [Outer 10/20] Loss (KL=11.0103, Const=158979.0156) | Viol_Order(max=2.00, mean=0.0401) | Viol_Exist(max=2.00, mean=1.1308) | Mu_O(max=10.6) Mu_E(max=10.6) | Lam_O(max=36.31) Lam_E(max=64.03)
  [Outer 20/20] Loss (KL=17.7916, Const=2079985.1250) | Viol_Order(max=1.00, mean=0.0398) | Viol_Exist(max=2.00, mean=1.1319) | Mu_O(max=146.2) Mu_E(max=146.2) | Lam_O(max=488.27) Lam_E(max=967.95)

[Projection Start] Batch: 512, Constraints: 33
  [Outer 01/20] Loss (KL=0.5755, Const=3337.2090) | Viol_Order(max=4.00, mean=0.0655) | Viol_Exist(max=2.00, mean=1.1740) | Mu_O(max=1.0) Mu_E(max=1.0) | Lam_O(max=0.00) Lam_E(max=0.00)
  [Outer 10/20] Loss (KL=9.0233, Const=167755.5000) | Viol_Order(max=1.00, mean=0.0401) | Viol_Exist(max=2.00, mean=1.1344) | Mu_O(max=10.6) Mu_E(max=10.6) | Lam_O(max=34.31) Lam_E(max=64.03)
  [Outer 20/20] Loss (KL=14.9668, Const=2246288.5000) | Viol_Order(max=2.00, mean=0.0423) | Viol_Exist(max=2.00, mean=1.1318) | Mu_O(max=146.2) Mu_E(max=146.2) | Lam_O(max=486.27) Lam_E(max=967.95)

[Projection Start] Batch: 512, Constraints: 33
  [Outer 01/20] Loss (KL=0.3985, Const=3252.5784) | Viol_Order(max=3.00, mean=0.0627) | Viol_Exist(max=2.00, mean=1.1610) | Mu_O(max=1.0) Mu_E(max=1.0) | Lam_O(max=0.00) Lam_E(max=0.00)
  [Outer 10/20] Loss (KL=6.8294, Const=179226.6094) | Viol_Order(max=2.00, mean=0.0401) | Viol_Exist(max=2.00, mean=1.1353) | Mu_O(max=10.6) Mu_E(max=10.6) | Lam_O(max=36.00) Lam_E(max=64.03)
  [Outer 20/20] Loss (KL=11.4078, Const=2459315.0000) | Viol_Order(max=1.00, mean=0.0400) | Viol_Exist(max=2.00, mean=1.1403) | Mu_O(max=146.2) Mu_E(max=146.2) | Lam_O(max=487.96) Lam_E(max=967.95)

[Projection Start] Batch: 512, Constraints: 33
  [Outer 01/20] Loss (KL=0.3170, Const=3199.1863) | Viol_Order(max=4.00, mean=0.0601) | Viol_Exist(max=2.00, mean=1.1475) | Mu_O(max=1.0) Mu_E(max=1.0) | Lam_O(max=0.00) Lam_E(max=0.00)
  [Outer 10/20] Loss (KL=5.3065, Const=188419.4688) | Viol_Order(max=2.00, mean=0.0350) | Viol_Exist(max=2.00, mean=1.1446) | Mu_O(max=10.6) Mu_E(max=10.6) | Lam_O(max=39.58) Lam_E(max=64.03)
  [Outer 20/20] Loss (KL=8.6860, Const=2626709.5000) | Viol_Order(max=2.00, mean=0.0369) | Viol_Exist(max=2.00, mean=1.1419) | Mu_O(max=146.2) Mu_E(max=146.2) | Lam_O(max=491.54) Lam_E(max=967.95)

[Projection Start] Batch: 512, Constraints: 33
  [Outer 01/20] Loss (KL=0.0901, Const=3210.5525) | Viol_Order(max=3.00, mean=0.0595) | Viol_Exist(max=2.00, mean=1.1420) | Mu_O(max=1.0) Mu_E(max=1.0) | Lam_O(max=0.00) Lam_E(max=0.00)
  [Outer 10/20] Loss (KL=3.6030, Const=200858.5625) | Viol_Order(max=1.00, mean=0.0302) | Viol_Exist(max=2.00, mean=1.1513) | Mu_O(max=10.6) Mu_E(max=10.6) | Lam_O(max=36.00) Lam_E(max=64.03)
  [Outer 20/20] Loss (KL=5.6692, Const=2874927.5000) | Viol_Order(max=1.00, mean=0.0331) | Viol_Exist(max=2.00, mean=1.1478) | Mu_O(max=146.2) Mu_E(max=146.2) | Lam_O(max=487.96) Lam_E(max=967.95)

[Projection Start] Batch: 512, Constraints: 33
  [Outer 01/20] Loss (KL=0.0000, Const=3219.7974) | Viol_Order(max=4.00, mean=0.0524) | Viol_Exist(max=2.00, mean=1.1376) | Mu_O(max=1.0) Mu_E(max=1.0) | Lam_O(max=0.00) Lam_E(max=0.00)
  [Outer 10/20] Loss (KL=1.5077, Const=223290.0625) | Viol_Order(max=2.00, mean=0.0359) | Viol_Exist(max=2.00, mean=1.1488) | Mu_O(max=10.6) Mu_E(max=10.6) | Lam_O(max=81.61) Lam_E(max=64.03)
  [Outer 20/20] Loss (KL=8.1207, Const=3062341.0000) | Viol_Order(max=2.00, mean=0.0225) | Viol_Exist(max=2.00, mean=1.1662) | Mu_O(max=146.2) Mu_E(max=146.2) | Lam_O(max=558.30) Lam_E(max=967.95)

[Projection Start] Batch: 512, Constraints: 33
  [Outer 01/20] Loss (KL=0.0000, Const=3234.7651) | Viol_Order(max=4.00, mean=0.0435) | Viol_Exist(max=2.00, mean=1.1514) | Mu_O(max=1.0) Mu_E(max=1.0) | Lam_O(max=0.00) Lam_E(max=0.00)
  [Outer 10/20] Loss (KL=1.2456, Const=226610.6406) | Viol_Order(max=2.00, mean=0.0297) | Viol_Exist(max=2.00, mean=1.1613) | Mu_O(max=10.6) Mu_E(max=10.6) | Lam_O(max=96.04) Lam_E(max=64.03)
  [Outer 20/20] Loss (KL=5.9768, Const=3164174.0000) | Viol_Order(max=2.00, mean=0.0199) | Viol_Exist(max=2.00, mean=1.1679) | Mu_O(max=146.2) Mu_E(max=146.2) | Lam_O(max=558.30) Lam_E(max=967.95)

[Projection Start] Batch: 512, Constraints: 33
  [Outer 01/20] Loss (KL=0.0000, Const=3216.5852) | Viol_Order(max=6.00, mean=0.0357) | Viol_Exist(max=2.00, mean=1.1574) | Mu_O(max=1.0) Mu_E(max=1.0) | Lam_O(max=0.00) Lam_E(max=0.00)
  [Outer 10/20] Loss (KL=0.9742, Const=226668.2812) | Viol_Order(max=2.00, mean=0.0258) | Viol_Exist(max=2.00, mean=1.1625) | Mu_O(max=10.6) Mu_E(max=10.6) | Lam_O(max=81.61) Lam_E(max=64.03)
  [Outer 20/20] Loss (KL=4.5760, Const=3224467.0000) | Viol_Order(max=3.00, mean=0.0180) | Viol_Exist(max=2.00, mean=1.1695) | Mu_O(max=146.2) Mu_E(max=146.2) | Lam_O(max=558.30) Lam_E(max=967.95)

[Projection Start] Batch: 512, Constraints: 33
  [Outer 01/20] Loss (KL=0.0000, Const=3197.3008) | Viol_Order(max=4.00, mean=0.0333) | Viol_Exist(max=2.00, mean=1.1593) | Mu_O(max=1.0) Mu_E(max=1.0) | Lam_O(max=0.00) Lam_E(max=0.00)
  [Outer 10/20] Loss (KL=0.9691, Const=226468.1562) | Viol_Order(max=3.00, mean=0.0238) | Viol_Exist(max=2.00, mean=1.1640) | Mu_O(max=10.6) Mu_E(max=10.6) | Lam_O(max=96.04) Lam_E(max=64.03)
  [Outer 20/20] Loss (KL=4.3463, Const=3217582.0000) | Viol_Order(max=2.00, mean=0.0176) | Viol_Exist(max=2.00, mean=1.1683) | Mu_O(max=146.2) Mu_E(max=146.2) | Lam_O(max=611.89) Lam_E(max=967.95)

[Projection Start] Batch: 512, Constraints: 33
  [Outer 01/20] Loss (KL=0.0000, Const=3180.0608) | Viol_Order(max=6.00, mean=0.0297) | Viol_Exist(max=2.00, mean=1.1608) | Mu_O(max=1.0) Mu_E(max=1.0) | Lam_O(max=0.00) Lam_E(max=0.00)
  [Outer 10/20] Loss (KL=0.8463, Const=226224.7500) | Viol_Order(max=2.00, mean=0.0208) | Viol_Exist(max=2.00, mean=1.1668) | Mu_O(max=10.6) Mu_E(max=10.6) | Lam_O(max=100.64) Lam_E(max=64.03)
  [Outer 20/20] Loss (KL=3.6030, Const=3224439.0000) | Viol_Order(max=2.00, mean=0.0162) | Viol_Exist(max=2.00, mean=1.1677) | Mu_O(max=146.2) Mu_E(max=146.2) | Lam_O(max=558.61) Lam_E(max=967.95)

[Projection Start] Batch: 512, Constraints: 33
  [Outer 01/20] Loss (KL=0.0000, Const=3099.8372) | Viol_Order(max=5.00, mean=0.0264) | Viol_Exist(max=2.00, mean=1.1597) | Mu_O(max=1.0) Mu_E(max=1.0) | Lam_O(max=0.00) Lam_E(max=0.00)
  [Outer 10/20] Loss (KL=0.7107, Const=222643.3750) | Viol_Order(max=2.00, mean=0.0194) | Viol_Exist(max=2.00, mean=1.1632) | Mu_O(max=10.6) Mu_E(max=10.6) | Lam_O(max=90.66) Lam_E(max=64.03)
  [Outer 20/20] Loss (KL=3.0073, Const=3219509.5000) | Viol_Order(max=2.00, mean=0.0158) | Viol_Exist(max=2.00, mean=1.1657) | Mu_O(max=146.2) Mu_E(max=146.2) | Lam_O(max=558.30) Lam_E(max=967.95)

[Projection Start] Batch: 512, Constraints: 33
  [Outer 01/20] Loss (KL=0.0000, Const=3098.0183) | Viol_Order(max=4.00, mean=0.0254) | Viol_Exist(max=2.00, mean=1.1607) | Mu_O(max=1.0) Mu_E(max=1.0) | Lam_O(max=0.00) Lam_E(max=0.00)
  [Outer 10/20] Loss (KL=0.6486, Const=222605.4062) | Viol_Order(max=2.00, mean=0.0181) | Viol_Exist(max=2.00, mean=1.1640) | Mu_O(max=10.6) Mu_E(max=10.6) | Lam_O(max=89.54) Lam_E(max=64.03)
  [Outer 20/20] Loss (KL=3.0235, Const=3227000.2500) | Viol_Order(max=2.00, mean=0.0149) | Viol_Exist(max=2.00, mean=1.1670) | Mu_O(max=146.2) Mu_E(max=146.2) | Lam_O(max=611.89) Lam_E(max=967.95)

[Projection Start] Batch: 512, Constraints: 33
  [Outer 01/20] Loss (KL=0.0000, Const=3073.0996) | Viol_Order(max=4.00, mean=0.0224) | Viol_Exist(max=2.00, mean=1.1628) | Mu_O(max=1.0) Mu_E(max=1.0) | Lam_O(max=0.00) Lam_E(max=0.00)
  [Outer 10/20] Loss (KL=0.4205, Const=223143.9375) | Viol_Order(max=2.00, mean=0.0175) | Viol_Exist(max=2.00, mean=1.1655) | Mu_O(max=10.6) Mu_E(max=10.6) | Lam_O(max=81.61) Lam_E(max=64.03)
  [Outer 20/20] Loss (KL=1.9279, Const=3262282.5000) | Viol_Order(max=2.00, mean=0.0153) | Viol_Exist(max=2.00, mean=1.1657) | Mu_O(max=146.2) Mu_E(max=146.2) | Lam_O(max=575.88) Lam_E(max=967.95)

[Projection Start] Batch: 512, Constraints: 33
  [Outer 01/20] Loss (KL=0.0041, Const=3044.0933) | Viol_Order(max=2.00, mean=0.0220) | Viol_Exist(max=2.00, mean=1.1618) | Mu_O(max=1.0) Mu_E(max=1.0) | Lam_O(max=0.00) Lam_E(max=0.00)
  [Outer 10/20] Loss (KL=0.4491, Const=222627.8750) | Viol_Order(max=2.00, mean=0.0176) | Viol_Exist(max=2.00, mean=1.1634) | Mu_O(max=10.6) Mu_E(max=10.6) | Lam_O(max=64.03) Lam_E(max=64.03)
  [Outer 20/20] Loss (KL=2.4659, Const=3227568.7500) | Viol_Order(max=2.00, mean=0.0155) | Viol_Exist(max=2.00, mean=1.1636) | Mu_O(max=146.2) Mu_E(max=146.2) | Lam_O(max=540.38) Lam_E(max=967.95)

[Projection Start] Batch: 512, Constraints: 33
  [Outer 01/20] Loss (KL=0.0001, Const=3030.1875) | Viol_Order(max=4.00, mean=0.0207) | Viol_Exist(max=2.00, mean=1.1615) | Mu_O(max=1.0) Mu_E(max=1.0) | Lam_O(max=0.00) Lam_E(max=0.00)
  [Outer 10/20] Loss (KL=0.3567, Const=221921.5625) | Viol_Order(max=2.00, mean=0.0162) | Viol_Exist(max=2.00, mean=1.1643) | Mu_O(max=10.6) Mu_E(max=10.6) | Lam_O(max=87.89) Lam_E(max=64.03)
  [Outer 20/20] Loss (KL=1.8338, Const=3241262.7500) | Viol_Order(max=2.00, mean=0.0143) | Viol_Exist(max=2.00, mean=1.1654) | Mu_O(max=146.2) Mu_E(max=146.2) | Lam_O(max=558.30) Lam_E(max=967.95)

[Projection Start] Batch: 512, Constraints: 33
  [Outer 01/20] Loss (KL=0.0000, Const=3034.4226) | Viol_Order(max=2.00, mean=0.0201) | Viol_Exist(max=2.00, mean=1.1619) | Mu_O(max=1.0) Mu_E(max=1.0) | Lam_O(max=0.00) Lam_E(max=0.00)
  [Outer 10/20] Loss (KL=0.4062, Const=221617.4844) | Viol_Order(max=2.00, mean=0.0157) | Viol_Exist(max=2.00, mean=1.1641) | Mu_O(max=10.6) Mu_E(max=10.6) | Lam_O(max=64.03) Lam_E(max=64.03)
  [Outer 20/20] Loss (KL=1.9429, Const=3243538.5000) | Viol_Order(max=1.00, mean=0.0125) | Viol_Exist(max=2.00, mean=1.1673) | Mu_O(max=146.2) Mu_E(max=146.2) | Lam_O(max=558.30) Lam_E(max=967.95)

[Projection Start] Batch: 512, Constraints: 33
  [Outer 01/20] Loss (KL=0.0000, Const=3033.1416) | Viol_Order(max=4.00, mean=0.0185) | Viol_Exist(max=2.00, mean=1.1642) | Mu_O(max=1.0) Mu_E(max=1.0) | Lam_O(max=0.00) Lam_E(max=0.00)
  [Outer 10/20] Loss (KL=0.3301, Const=222192.4844) | Viol_Order(max=2.00, mean=0.0150) | Viol_Exist(max=2.00, mean=1.1649) | Mu_O(max=10.6) Mu_E(max=10.6) | Lam_O(max=67.68) Lam_E(max=64.03)
  [Outer 20/20] Loss (KL=2.2101, Const=3249477.0000) | Viol_Order(max=3.00, mean=0.0123) | Viol_Exist(max=2.00, mean=1.1665) | Mu_O(max=146.2) Mu_E(max=146.2) | Lam_O(max=611.89) Lam_E(max=967.95)

[Projection Start] Batch: 512, Constraints: 33
  [Outer 01/20] Loss (KL=0.0000, Const=2997.2637) | Viol_Order(max=3.00, mean=0.0171) | Viol_Exist(max=2.00, mean=1.1625) | Mu_O(max=1.0) Mu_E(max=1.0) | Lam_O(max=0.00) Lam_E(max=0.00)
  [Outer 10/20] Loss (KL=0.2841, Const=220559.6250) | Viol_Order(max=2.00, mean=0.0150) | Viol_Exist(max=2.00, mean=1.1632) | Mu_O(max=10.6) Mu_E(max=10.6) | Lam_O(max=64.03) Lam_E(max=64.03)
  [Outer 20/20] Loss (KL=1.7758, Const=3221568.5000) | Viol_Order(max=2.00, mean=0.0120) | Viol_Exist(max=2.00, mean=1.1658) | Mu_O(max=146.2) Mu_E(max=146.2) | Lam_O(max=558.30) Lam_E(max=967.95)

[Projection Start] Batch: 512, Constraints: 33
  [Outer 01/20] Loss (KL=0.0003, Const=2986.4912) | Viol_Order(max=3.00, mean=0.0167) | Viol_Exist(max=2.00, mean=1.1621) | Mu_O(max=1.0) Mu_E(max=1.0) | Lam_O(max=0.00) Lam_E(max=0.00)
  [Outer 10/20] Loss (KL=0.2733, Const=220005.9062) | Viol_Order(max=2.00, mean=0.0138) | Viol_Exist(max=2.00, mean=1.1639) | Mu_O(max=10.6) Mu_E(max=10.6) | Lam_O(max=76.79) Lam_E(max=64.03)
  [Outer 20/20] Loss (KL=2.2518, Const=3219625.2500) | Viol_Order(max=3.00, mean=0.0126) | Viol_Exist(max=2.00, mean=1.1650) | Mu_O(max=146.2) Mu_E(max=146.2) | Lam_O(max=558.30) Lam_E(max=967.95)

[Projection Start] Batch: 512, Constraints: 33
  [Outer 01/20] Loss (KL=0.0002, Const=3007.7163) | Viol_Order(max=4.00, mean=0.0175) | Viol_Exist(max=2.00, mean=1.1627) | Mu_O(max=1.0) Mu_E(max=1.0) | Lam_O(max=0.00) Lam_E(max=0.00)
  [Outer 10/20] Loss (KL=0.2330, Const=221025.5625) | Viol_Order(max=2.00, mean=0.0140) | Viol_Exist(max=2.00, mean=1.1652) | Mu_O(max=10.6) Mu_E(max=10.6) | Lam_O(max=84.76) Lam_E(max=64.03)
  [Outer 20/20] Loss (KL=1.9730, Const=3239937.0000) | Viol_Order(max=3.00, mean=0.0123) | Viol_Exist(max=2.00, mean=1.1654) | Mu_O(max=146.2) Mu_E(max=146.2) | Lam_O(max=536.72) Lam_E(max=967.95)

[Projection Start] Batch: 512, Constraints: 33
  [Outer 01/20] Loss (KL=0.0042, Const=3001.3433) | Viol_Order(max=3.00, mean=0.0161) | Viol_Exist(max=2.00, mean=1.1627) | Mu_O(max=1.0) Mu_E(max=1.0) | Lam_O(max=0.00) Lam_E(max=0.00)
  [Outer 10/20] Loss (KL=0.2270, Const=220640.0000) | Viol_Order(max=3.00, mean=0.0132) | Viol_Exist(max=2.00, mean=1.1652) | Mu_O(max=10.6) Mu_E(max=10.6) | Lam_O(max=96.04) Lam_E(max=64.03)
  [Outer 20/20] Loss (KL=2.0408, Const=3229883.5000) | Viol_Order(max=1.00, mean=0.0121) | Viol_Exist(max=2.00, mean=1.1646) | Mu_O(max=146.2) Mu_E(max=146.2) | Lam_O(max=538.80) Lam_E(max=967.95)

[Projection Start] Batch: 512, Constraints: 33
  [Outer 01/20] Loss (KL=0.0009, Const=2983.5911) | Viol_Order(max=5.00, mean=0.0157) | Viol_Exist(max=2.00, mean=1.1620) | Mu_O(max=1.0) Mu_E(max=1.0) | Lam_O(max=0.00) Lam_E(max=0.00)
  [Outer 10/20] Loss (KL=0.2018, Const=220106.0000) | Viol_Order(max=2.00, mean=0.0136) | Viol_Exist(max=2.00, mean=1.1641) | Mu_O(max=10.6) Mu_E(max=10.6) | Lam_O(max=83.00) Lam_E(max=64.03)
  [Outer 20/20] Loss (KL=1.9281, Const=3232749.5000) | Viol_Order(max=1.00, mean=0.0114) | Viol_Exist(max=2.00, mean=1.1638) | Mu_O(max=146.2) Mu_E(max=146.2) | Lam_O(max=581.60) Lam_E(max=967.95)

[Projection Start] Batch: 512, Constraints: 33
  [Outer 01/20] Loss (KL=0.0000, Const=2971.3401) | Viol_Order(max=3.00, mean=0.0149) | Viol_Exist(max=2.00, mean=1.1614) | Mu_O(max=1.0) Mu_E(max=1.0) | Lam_O(max=0.00) Lam_E(max=0.00)
  [Outer 10/20] Loss (KL=0.1867, Const=219676.0938) | Viol_Order(max=2.00, mean=0.0126) | Viol_Exist(max=2.00, mean=1.1638) | Mu_O(max=10.6) Mu_E(max=10.6) | Lam_O(max=71.57) Lam_E(max=64.03)
  [Outer 20/20] Loss (KL=1.2382, Const=3241036.0000) | Viol_Order(max=1.00, mean=0.0116) | Viol_Exist(max=2.00, mean=1.1638) | Mu_O(max=146.2) Mu_E(max=146.2) | Lam_O(max=581.60) Lam_E(max=967.95)

[Projection Start] Batch: 512, Constraints: 33
  [Outer 01/20] Loss (KL=0.0000, Const=2969.5957) | Viol_Order(max=2.00, mean=0.0141) | Viol_Exist(max=2.00, mean=1.1628) | Mu_O(max=1.0) Mu_E(max=1.0) | Lam_O(max=0.00) Lam_E(max=0.00)
  [Outer 10/20] Loss (KL=0.1136, Const=220501.4062) | Viol_Order(max=2.00, mean=0.0125) | Viol_Exist(max=2.00, mean=1.1648) | Mu_O(max=10.6) Mu_E(max=10.6) | Lam_O(max=64.03) Lam_E(max=64.03)
  [Outer 20/20] Loss (KL=1.3164, Const=3244946.0000) | Viol_Order(max=1.00, mean=0.0111) | Viol_Exist(max=2.00, mean=1.1651) | Mu_O(max=146.2) Mu_E(max=146.2) | Lam_O(max=540.38) Lam_E(max=967.95)

[Projection Start] Batch: 512, Constraints: 33
  [Outer 01/20] Loss (KL=0.0005, Const=2969.2329) | Viol_Order(max=2.00, mean=0.0134) | Viol_Exist(max=2.00, mean=1.1635) | Mu_O(max=1.0) Mu_E(max=1.0) | Lam_O(max=0.00) Lam_E(max=0.00)
  [Outer 10/20] Loss (KL=0.0476, Const=221122.9531) | Viol_Order(max=2.00, mean=0.0129) | Viol_Exist(max=2.00, mean=1.1641) | Mu_O(max=10.6) Mu_E(max=10.6) | Lam_O(max=64.03) Lam_E(max=64.03)
  [Outer 20/20] Loss (KL=1.1126, Const=3241333.5000) | Viol_Order(max=2.00, mean=0.0115) | Viol_Exist(max=2.00, mean=1.1637) | Mu_O(max=146.2) Mu_E(max=146.2) | Lam_O(max=581.60) Lam_E(max=967.95)

[Projection Start] Batch: 512, Constraints: 33
  [Outer 01/20] Loss (KL=0.0000, Const=2972.4346) | Viol_Order(max=2.00, mean=0.0141) | Viol_Exist(max=2.00, mean=1.1629) | Mu_O(max=1.0) Mu_E(max=1.0) | Lam_O(max=0.00) Lam_E(max=0.00)
  [Outer 10/20] Loss (KL=0.2748, Const=219265.1719) | Viol_Order(max=1.00, mean=0.0120) | Viol_Exist(max=2.00, mean=1.1641) | Mu_O(max=10.6) Mu_E(max=10.6) | Lam_O(max=64.03) Lam_E(max=64.03)
  [Outer 20/20] Loss (KL=1.5045, Const=3230375.0000) | Viol_Order(max=1.00, mean=0.0112) | Viol_Exist(max=2.00, mean=1.1640) | Mu_O(max=146.2) Mu_E(max=146.2) | Lam_O(max=501.56) Lam_E(max=967.95)

[Projection Start] Batch: 512, Constraints: 33
  [Outer 01/20] Loss (KL=0.0000, Const=2958.3164) | Viol_Order(max=2.00, mean=0.0146) | Viol_Exist(max=2.00, mean=1.1612) | Mu_O(max=1.0) Mu_E(max=1.0) | Lam_O(max=0.00) Lam_E(max=0.00)
  [Outer 10/20] Loss (KL=0.1900, Const=218658.2344) | Viol_Order(max=2.00, mean=0.0125) | Viol_Exist(max=2.00, mean=1.1634) | Mu_O(max=10.6) Mu_E(max=10.6) | Lam_O(max=64.03) Lam_E(max=64.03)
  [Outer 20/20] Loss (KL=1.5147, Const=3222608.2500) | Viol_Order(max=1.00, mean=0.0107) | Viol_Exist(max=2.00, mean=1.1652) | Mu_O(max=146.2) Mu_E(max=146.2) | Lam_O(max=581.60) Lam_E(max=967.95)

[Projection Start] Batch: 512, Constraints: 33
  [Outer 01/20] Loss (KL=0.0001, Const=2965.2539) | Viol_Order(max=2.00, mean=0.0139) | Viol_Exist(max=2.00, mean=1.1629) | Mu_O(max=1.0) Mu_E(max=1.0) | Lam_O(max=0.00) Lam_E(max=0.00)
  [Outer 10/20] Loss (KL=0.1375, Const=219639.5938) | Viol_Order(max=1.00, mean=0.0123) | Viol_Exist(max=2.00, mean=1.1636) | Mu_O(max=10.6) Mu_E(max=10.6) | Lam_O(max=64.03) Lam_E(max=64.03)
  [Outer 20/20] Loss (KL=1.7191, Const=3231273.0000) | Viol_Order(max=2.00, mean=0.0107) | Viol_Exist(max=2.00, mean=1.1653) | Mu_O(max=146.2) Mu_E(max=146.2) | Lam_O(max=515.99) Lam_E(max=967.95)

[Projection Start] Batch: 512, Constraints: 33
  [Outer 01/20] Loss (KL=0.0000, Const=2969.8042) | Viol_Order(max=2.00, mean=0.0133) | Viol_Exist(max=2.00, mean=1.1636) | Mu_O(max=1.0) Mu_E(max=1.0) | Lam_O(max=0.00) Lam_E(max=0.00)
  [Outer 10/20] Loss (KL=0.1301, Const=219971.4531) | Viol_Order(max=2.00, mean=0.0119) | Viol_Exist(max=2.00, mean=1.1647) | Mu_O(max=10.6) Mu_E(max=10.6) | Lam_O(max=64.03) Lam_E(max=64.03)
  [Outer 20/20] Loss (KL=1.1796, Const=3240780.5000) | Viol_Order(max=2.00, mean=0.0096) | Viol_Exist(max=2.00, mean=1.1655) | Mu_O(max=146.2) Mu_E(max=146.2) | Lam_O(max=558.30) Lam_E(max=967.95)

[Projection Start] Batch: 512, Constraints: 33
  [Outer 01/20] Loss (KL=0.0001, Const=2963.8389) | Viol_Order(max=2.00, mean=0.0131) | Viol_Exist(max=2.00, mean=1.1633) | Mu_O(max=1.0) Mu_E(max=1.0) | Lam_O(max=0.00) Lam_E(max=0.00)
  [Outer 10/20] Loss (KL=0.0976, Const=219656.1875) | Viol_Order(max=2.00, mean=0.0121) | Viol_Exist(max=2.00, mean=1.1635) | Mu_O(max=10.6) Mu_E(max=10.6) | Lam_O(max=64.03) Lam_E(max=64.03)
  [Outer 20/20] Loss (KL=1.5511, Const=3226898.5000) | Viol_Order(max=1.00, mean=0.0101) | Viol_Exist(max=2.00, mean=1.1641) | Mu_O(max=146.2) Mu_E(max=146.2) | Lam_O(max=558.30) Lam_E(max=967.95)

[Projection Start] Batch: 512, Constraints: 33
  [Outer 01/20] Loss (KL=0.0000, Const=2945.9290) | Viol_Order(max=3.00, mean=0.0120) | Viol_Exist(max=2.00, mean=1.1631) | Mu_O(max=1.0) Mu_E(max=1.0) | Lam_O(max=0.00) Lam_E(max=0.00)
  [Outer 10/20] Loss (KL=0.0915, Const=219121.2656) | Viol_Order(max=3.00, mean=0.0115) | Viol_Exist(max=2.00, mean=1.1641) | Mu_O(max=10.6) Mu_E(max=10.6) | Lam_O(max=96.04) Lam_E(max=64.03)
  [Outer 20/20] Loss (KL=1.5383, Const=3223776.0000) | Viol_Order(max=2.00, mean=0.0108) | Viol_Exist(max=2.00, mean=1.1641) | Mu_O(max=146.2) Mu_E(max=146.2) | Lam_O(max=483.97) Lam_E(max=967.95)

[Projection Start] Batch: 512, Constraints: 33
  [Outer 01/20] Loss (KL=0.0000, Const=2958.6094) | Viol_Order(max=3.00, mean=0.0125) | Viol_Exist(max=2.00, mean=1.1630) | Mu_O(max=1.0) Mu_E(max=1.0) | Lam_O(max=0.00) Lam_E(max=0.00)
  [Outer 10/20] Loss (KL=0.1286, Const=219007.4688) | Viol_Order(max=2.00, mean=0.0116) | Viol_Exist(max=2.00, mean=1.1632) | Mu_O(max=10.6) Mu_E(max=10.6) | Lam_O(max=64.03) Lam_E(max=64.03)
  [Outer 20/20] Loss (KL=1.3785, Const=3230033.7500) | Viol_Order(max=2.00, mean=0.0100) | Viol_Exist(max=2.00, mean=1.1652) | Mu_O(max=146.2) Mu_E(max=146.2) | Lam_O(max=540.38) Lam_E(max=967.95)

[Projection Start] Batch: 512, Constraints: 33
  [Outer 01/20] Loss (KL=0.0000, Const=2962.7581) | Viol_Order(max=3.00, mean=0.0117) | Viol_Exist(max=2.00, mean=1.1642) | Mu_O(max=1.0) Mu_E(max=1.0) | Lam_O(max=0.00) Lam_E(max=0.00)
  [Outer 10/20] Loss (KL=0.1315, Const=219438.8594) | Viol_Order(max=2.00, mean=0.0104) | Viol_Exist(max=2.00, mean=1.1649) | Mu_O(max=10.6) Mu_E(max=10.6) | Lam_O(max=64.03) Lam_E(max=64.03)
  [Outer 20/20] Loss (KL=1.5023, Const=3235481.0000) | Viol_Order(max=2.00, mean=0.0101) | Viol_Exist(max=2.00, mean=1.1652) | Mu_O(max=146.2) Mu_E(max=146.2) | Lam_O(max=558.30) Lam_E(max=967.95)

[Projection Start] Batch: 512, Constraints: 33
  [Outer 01/20] Loss (KL=0.0000, Const=2956.8767) | Viol_Order(max=2.00, mean=0.0122) | Viol_Exist(max=2.00, mean=1.1639) | Mu_O(max=1.0) Mu_E(max=1.0) | Lam_O(max=0.00) Lam_E(max=0.00)
  [Outer 10/20] Loss (KL=0.0868, Const=219418.0781) | Viol_Order(max=2.00, mean=0.0115) | Viol_Exist(max=2.00, mean=1.1641) | Mu_O(max=10.6) Mu_E(max=10.6) | Lam_O(max=64.03) Lam_E(max=64.03)
  [Outer 20/20] Loss (KL=0.6594, Const=3246248.5000) | Viol_Order(max=2.00, mean=0.0097) | Viol_Exist(max=2.00, mean=1.1658) | Mu_O(max=146.2) Mu_E(max=146.2) | Lam_O(max=515.99) Lam_E(max=967.95)

[Projection Start] Batch: 512, Constraints: 33
  [Outer 01/20] Loss (KL=0.0000, Const=2961.4263) | Viol_Order(max=2.00, mean=0.0112) | Viol_Exist(max=2.00, mean=1.1654) | Mu_O(max=1.0) Mu_E(max=1.0) | Lam_O(max=0.00) Lam_E(max=0.00)
  [Outer 10/20] Loss (KL=0.0532, Const=220388.1094) | Viol_Order(max=2.00, mean=0.0108) | Viol_Exist(max=2.00, mean=1.1661) | Mu_O(max=10.6) Mu_E(max=10.6) | Lam_O(max=64.03) Lam_E(max=64.03)
  [Outer 20/20] Loss (KL=0.7823, Const=3260018.0000) | Viol_Order(max=1.00, mean=0.0098) | Viol_Exist(max=2.00, mean=1.1653) | Mu_O(max=146.2) Mu_E(max=146.2) | Lam_O(max=581.60) Lam_E(max=967.95)

[Projection Start] Batch: 512, Constraints: 33
  [Outer 01/20] Loss (KL=0.0004, Const=2955.6494) | Viol_Order(max=2.00, mean=0.0115) | Viol_Exist(max=2.00, mean=1.1643) | Mu_O(max=1.0) Mu_E(max=1.0) | Lam_O(max=0.00) Lam_E(max=0.00)
  [Outer 10/20] Loss (KL=0.0664, Const=219708.3906) | Viol_Order(max=2.00, mean=0.0109) | Viol_Exist(max=2.00, mean=1.1647) | Mu_O(max=10.6) Mu_E(max=10.6) | Lam_O(max=64.03) Lam_E(max=64.03)
  [Outer 20/20] Loss (KL=1.1458, Const=3244429.7500) | Viol_Order(max=2.00, mean=0.0098) | Viol_Exist(max=2.00, mean=1.1656) | Mu_O(max=146.2) Mu_E(max=146.2) | Lam_O(max=496.73) Lam_E(max=967.95)

[Projection Start] Batch: 512, Constraints: 33
  [Outer 01/20] Loss (KL=0.0000, Const=2956.7610) | Viol_Order(max=2.00, mean=0.0115) | Viol_Exist(max=2.00, mean=1.1644) | Mu_O(max=1.0) Mu_E(max=1.0) | Lam_O(max=0.00) Lam_E(max=0.00)
  [Outer 10/20] Loss (KL=0.0688, Const=219688.6562) | Viol_Order(max=2.00, mean=0.0106) | Viol_Exist(max=2.00, mean=1.1650) | Mu_O(max=10.6) Mu_E(max=10.6) | Lam_O(max=64.03) Lam_E(max=64.03)
  [Outer 20/20] Loss (KL=0.9106, Const=3240342.0000) | Viol_Order(max=1.00, mean=0.0098) | Viol_Exist(max=2.00, mean=1.1655) | Mu_O(max=146.2) Mu_E(max=146.2) | Lam_O(max=581.60) Lam_E(max=967.95)

[Projection Start] Batch: 512, Constraints: 33
  [Outer 01/20] Loss (KL=0.0001, Const=2956.6204) | Viol_Order(max=2.00, mean=0.0114) | Viol_Exist(max=2.00, mean=1.1651) | Mu_O(max=1.0) Mu_E(max=1.0) | Lam_O(max=0.00) Lam_E(max=0.00)
  [Outer 10/20] Loss (KL=0.0998, Const=219805.9219) | Viol_Order(max=2.00, mean=0.0106) | Viol_Exist(max=2.00, mean=1.1659) | Mu_O(max=10.6) Mu_E(max=10.6) | Lam_O(max=64.03) Lam_E(max=64.03)
  [Outer 20/20] Loss (KL=0.6730, Const=3256902.7500) | Viol_Order(max=2.00, mean=0.0098) | Viol_Exist(max=2.00, mean=1.1664) | Mu_O(max=146.2) Mu_E(max=146.2) | Lam_O(max=483.97) Lam_E(max=967.95)

[Projection Start] Batch: 512, Constraints: 33
  [Outer 01/20] Loss (KL=0.0000, Const=2964.4072) | Viol_Order(max=3.00, mean=0.0109) | Viol_Exist(max=2.00, mean=1.1655) | Mu_O(max=1.0) Mu_E(max=1.0) | Lam_O(max=0.00) Lam_E(max=0.00)
  [Outer 10/20] Loss (KL=0.0889, Const=220091.8125) | Viol_Order(max=2.00, mean=0.0102) | Viol_Exist(max=2.00, mean=1.1657) | Mu_O(max=10.6) Mu_E(max=10.6) | Lam_O(max=87.89) Lam_E(max=64.03)
  [Outer 20/20] Loss (KL=0.7677, Const=3259612.7500) | Viol_Order(max=1.00, mean=0.0095) | Viol_Exist(max=2.00, mean=1.1660) | Mu_O(max=146.2) Mu_E(max=146.2) | Lam_O(max=558.30) Lam_E(max=967.95)

[Projection Start] Batch: 512, Constraints: 33
  [Outer 01/20] Loss (KL=0.0000, Const=2963.4866) | Viol_Order(max=2.00, mean=0.0109) | Viol_Exist(max=2.00, mean=1.1653) | Mu_O(max=1.0) Mu_E(max=1.0) | Lam_O(max=0.00) Lam_E(max=0.00)
  [Outer 10/20] Loss (KL=0.0730, Const=220359.6875) | Viol_Order(max=2.00, mean=0.0104) | Viol_Exist(max=2.00, mean=1.1655) | Mu_O(max=10.6) Mu_E(max=10.6) | Lam_O(max=64.03) Lam_E(max=64.03)
  [Outer 20/20] Loss (KL=0.7778, Const=3256470.5000) | Viol_Order(max=1.00, mean=0.0092) | Viol_Exist(max=2.00, mean=1.1660) | Mu_O(max=146.2) Mu_E(max=146.2) | Lam_O(max=540.38) Lam_E(max=967.95)

[Projection Start] Batch: 512, Constraints: 33
  [Outer 01/20] Loss (KL=0.0000, Const=2960.3701) | Viol_Order(max=2.00, mean=0.0107) | Viol_Exist(max=2.00, mean=1.1658) | Mu_O(max=1.0) Mu_E(max=1.0) | Lam_O(max=0.00) Lam_E(max=0.00)
  [Outer 10/20] Loss (KL=0.0844, Const=220094.1875) | Viol_Order(max=2.00, mean=0.0099) | Viol_Exist(max=2.00, mean=1.1660) | Mu_O(max=10.6) Mu_E(max=10.6) | Lam_O(max=64.03) Lam_E(max=64.03)
  [Outer 20/20] Loss (KL=0.7332, Const=3259237.5000) | Viol_Order(max=1.00, mean=0.0092) | Viol_Exist(max=2.00, mean=1.1657) | Mu_O(max=146.2) Mu_E(max=146.2) | Lam_O(max=558.30) Lam_E(max=967.95)

[Projection Start] Batch: 512, Constraints: 33
  [Outer 01/20] Loss (KL=0.0001, Const=2954.4302) | Viol_Order(max=2.00, mean=0.0107) | Viol_Exist(max=2.00, mean=1.1650) | Mu_O(max=1.0) Mu_E(max=1.0) | Lam_O(max=0.00) Lam_E(max=0.00)
  [Outer 10/20] Loss (KL=0.0373, Const=219780.2500) | Viol_Order(max=2.00, mean=0.0103) | Viol_Exist(max=2.00, mean=1.1652) | Mu_O(max=10.6) Mu_E(max=10.6) | Lam_O(max=64.03) Lam_E(max=64.03)
  [Outer 20/20] Loss (KL=0.7644, Const=3254165.5000) | Viol_Order(max=2.00, mean=0.0096) | Viol_Exist(max=2.00, mean=1.1657) | Mu_O(max=146.2) Mu_E(max=146.2) | Lam_O(max=558.30) Lam_E(max=967.95)

[Projection Start] Batch: 512, Constraints: 33
  [Outer 01/20] Loss (KL=0.0000, Const=2960.8457) | Viol_Order(max=2.00, mean=0.0112) | Viol_Exist(max=2.00, mean=1.1648) | Mu_O(max=1.0) Mu_E(max=1.0) | Lam_O(max=0.00) Lam_E(max=0.00)
  [Outer 10/20] Loss (KL=0.1041, Const=219847.7969) | Viol_Order(max=2.00, mean=0.0101) | Viol_Exist(max=2.00, mean=1.1658) | Mu_O(max=10.6) Mu_E(max=10.6) | Lam_O(max=64.03) Lam_E(max=64.03)
  [Outer 20/20] Loss (KL=0.9416, Const=3249778.5000) | Viol_Order(max=2.00, mean=0.0097) | Viol_Exist(max=2.00, mean=1.1661) | Mu_O(max=146.2) Mu_E(max=146.2) | Lam_O(max=581.60) Lam_E(max=967.95)

[Projection Start] Batch: 512, Constraints: 33
  [Outer 01/20] Loss (KL=0.0001, Const=2959.8721) | Viol_Order(max=2.00, mean=0.0118) | Viol_Exist(max=2.00, mean=1.1642) | Mu_O(max=1.0) Mu_E(max=1.0) | Lam_O(max=0.00) Lam_E(max=0.00)
  [Outer 10/20] Loss (KL=0.1252, Const=218880.4688) | Viol_Order(max=1.00, mean=0.0099) | Viol_Exist(max=2.00, mean=1.1658) | Mu_O(max=10.6) Mu_E(max=10.6) | Lam_O(max=64.03) Lam_E(max=64.03)
  [Outer 20/20] Loss (KL=1.5964, Const=3227966.7500) | Viol_Order(max=1.00, mean=0.0096) | Viol_Exist(max=2.00, mean=1.1655) | Mu_O(max=146.2) Mu_E(max=146.2) | Lam_O(max=483.97) Lam_E(max=967.95)

[Projection Start] Batch: 512, Constraints: 33
  [Outer 01/20] Loss (KL=0.0000, Const=2953.3589) | Viol_Order(max=2.00, mean=0.0109) | Viol_Exist(max=2.00, mean=1.1649) | Mu_O(max=1.0) Mu_E(max=1.0) | Lam_O(max=0.00) Lam_E(max=0.00)
  [Outer 10/20] Loss (KL=0.0513, Const=219815.5312) | Viol_Order(max=2.00, mean=0.0102) | Viol_Exist(max=2.00, mean=1.1658) | Mu_O(max=10.6) Mu_E(max=10.6) | Lam_O(max=64.03) Lam_E(max=64.03)
  [Outer 20/20] Loss (KL=1.4350, Const=3236087.0000) | Viol_Order(max=2.00, mean=0.0104) | Viol_Exist(max=2.00, mean=1.1651) | Mu_O(max=146.2) Mu_E(max=146.2) | Lam_O(max=702.45) Lam_E(max=967.95)

[Projection Start] Batch: 512, Constraints: 33
  [Outer 01/20] Loss (KL=0.0000, Const=2959.7188) | Viol_Order(max=2.00, mean=0.0112) | Viol_Exist(max=2.00, mean=1.1650) | Mu_O(max=1.0) Mu_E(max=1.0) | Lam_O(max=0.00) Lam_E(max=0.00)
  [Outer 10/20] Loss (KL=0.0543, Const=219949.5312) | Viol_Order(max=2.00, mean=0.0106) | Viol_Exist(max=2.00, mean=1.1652) | Mu_O(max=10.6) Mu_E(max=10.6) | Lam_O(max=64.03) Lam_E(max=64.03)
  [Outer 20/20] Loss (KL=0.8759, Const=3251498.0000) | Viol_Order(max=1.00, mean=0.0093) | Viol_Exist(max=2.00, mean=1.1663) | Mu_O(max=146.2) Mu_E(max=146.2) | Lam_O(max=515.99) Lam_E(max=967.95)

[Projection Start] Batch: 512, Constraints: 33
  [Outer 01/20] Loss (KL=0.0006, Const=2960.3921) | Viol_Order(max=3.00, mean=0.0112) | Viol_Exist(max=2.00, mean=1.1651) | Mu_O(max=1.0) Mu_E(max=1.0) | Lam_O(max=0.00) Lam_E(max=0.00)
  [Outer 10/20] Loss (KL=0.1034, Const=219362.8438) | Viol_Order(max=2.00, mean=0.0103) | Viol_Exist(max=2.00, mean=1.1651) | Mu_O(max=10.6) Mu_E(max=10.6) | Lam_O(max=64.03) Lam_E(max=64.03)
  [Outer 20/20] Loss (KL=0.5788, Const=3251652.7500) | Viol_Order(max=1.00, mean=0.0091) | Viol_Exist(max=2.00, mean=1.1664) | Mu_O(max=146.2) Mu_E(max=146.2) | Lam_O(max=515.99) Lam_E(max=967.95)

[Projection Start] Batch: 512, Constraints: 33
  [Outer 01/20] Loss (KL=0.0004, Const=2963.6858) | Viol_Order(max=2.00, mean=0.0107) | Viol_Exist(max=2.00, mean=1.1660) | Mu_O(max=1.0) Mu_E(max=1.0) | Lam_O(max=0.00) Lam_E(max=0.00)
  [Outer 10/20] Loss (KL=0.0998, Const=219686.7812) | Viol_Order(max=2.00, mean=0.0097) | Viol_Exist(max=2.00, mean=1.1660) | Mu_O(max=10.6) Mu_E(max=10.6) | Lam_O(max=64.03) Lam_E(max=64.03)
  [Outer 20/20] Loss (KL=1.0631, Const=3249990.0000) | Viol_Order(max=2.00, mean=0.0098) | Viol_Exist(max=2.00, mean=1.1657) | Mu_O(max=146.2) Mu_E(max=146.2) | Lam_O(max=581.60) Lam_E(max=967.95)

[Projection Start] Batch: 512, Constraints: 33
  [Outer 01/20] Loss (KL=0.0000, Const=2963.8687) | Viol_Order(max=2.00, mean=0.0111) | Viol_Exist(max=2.00, mean=1.1654) | Mu_O(max=1.0) Mu_E(max=1.0) | Lam_O(max=0.00) Lam_E(max=0.00)
  [Outer 10/20] Loss (KL=0.0990, Const=219439.4531) | Viol_Order(max=2.00, mean=0.0096) | Viol_Exist(max=2.00, mean=1.1661) | Mu_O(max=10.6) Mu_E(max=10.6) | Lam_O(max=64.03) Lam_E(max=64.03)
  [Outer 20/20] Loss (KL=0.8594, Const=3250793.2500) | Viol_Order(max=2.00, mean=0.0098) | Viol_Exist(max=2.00, mean=1.1651) | Mu_O(max=146.2) Mu_E(max=146.2) | Lam_O(max=515.99) Lam_E(max=967.95)

[Projection Start] Batch: 512, Constraints: 33
  [Outer 01/20] Loss (KL=0.0000, Const=2951.6582) | Viol_Order(max=2.00, mean=0.0106) | Viol_Exist(max=2.00, mean=1.1647) | Mu_O(max=1.0) Mu_E(max=1.0) | Lam_O(max=0.00) Lam_E(max=0.00)
  [Outer 10/20] Loss (KL=0.0493, Const=219589.8750) | Viol_Order(max=2.00, mean=0.0099) | Viol_Exist(max=2.00, mean=1.1652) | Mu_O(max=10.6) Mu_E(max=10.6) | Lam_O(max=64.03) Lam_E(max=64.03)
  [Outer 20/20] Loss (KL=0.6308, Const=3249908.5000) | Viol_Order(max=2.00, mean=0.0097) | Viol_Exist(max=2.00, mean=1.1651) | Mu_O(max=146.2) Mu_E(max=146.2) | Lam_O(max=483.97) Lam_E(max=967.95)

[Projection Start] Batch: 512, Constraints: 33
  [Outer 01/20] Loss (KL=0.0000, Const=2954.1479) | Viol_Order(max=2.00, mean=0.0111) | Viol_Exist(max=2.00, mean=1.1644) | Mu_O(max=1.0) Mu_E(max=1.0) | Lam_O(max=0.00) Lam_E(max=0.00)
  [Outer 10/20] Loss (KL=0.0646, Const=219467.7500) | Viol_Order(max=2.00, mean=0.0102) | Viol_Exist(max=2.00, mean=1.1652) | Mu_O(max=10.6) Mu_E(max=10.6) | Lam_O(max=64.03) Lam_E(max=64.03)
  [Outer 20/20] Loss (KL=0.8435, Const=3241362.5000) | Viol_Order(max=2.00, mean=0.0095) | Viol_Exist(max=2.00, mean=1.1648) | Mu_O(max=146.2) Mu_E(max=146.2) | Lam_O(max=483.97) Lam_E(max=967.95)

[Projection Start] Batch: 512, Constraints: 33
  [Outer 01/20] Loss (KL=0.0000, Const=2940.7305) | Viol_Order(max=2.00, mean=0.0104) | Viol_Exist(max=2.00, mean=1.1641) | Mu_O(max=1.0) Mu_E(max=1.0) | Lam_O(max=0.00) Lam_E(max=0.00)
  [Outer 10/20] Loss (KL=0.0604, Const=218630.6562) | Viol_Order(max=2.00, mean=0.0097) | Viol_Exist(max=2.00, mean=1.1648) | Mu_O(max=10.6) Mu_E(max=10.6) | Lam_O(max=64.03) Lam_E(max=64.03)
  [Outer 20/20] Loss (KL=0.5730, Const=3245373.0000) | Viol_Order(max=4.00, mean=0.0096) | Viol_Exist(max=2.00, mean=1.1650) | Mu_O(max=146.2) Mu_E(max=146.2) | Lam_O(max=483.97) Lam_E(max=967.95)

[Projection Start] Batch: 512, Constraints: 33
  [Outer 01/20] Loss (KL=0.0002, Const=2945.1035) | Viol_Order(max=4.00, mean=0.0109) | Viol_Exist(max=2.00, mean=1.1638) | Mu_O(max=1.0) Mu_E(max=1.0) | Lam_O(max=0.00) Lam_E(max=0.00)
  [Outer 10/20] Loss (KL=0.0730, Const=218534.7188) | Viol_Order(max=2.00, mean=0.0100) | Viol_Exist(max=2.00, mean=1.1644) | Mu_O(max=10.6) Mu_E(max=10.6) | Lam_O(max=64.03) Lam_E(max=64.03)
  [Outer 20/20] Loss (KL=1.1375, Const=3232135.0000) | Viol_Order(max=1.00, mean=0.0094) | Viol_Exist(max=2.00, mean=1.1641) | Mu_O(max=146.2) Mu_E(max=146.2) | Lam_O(max=483.97) Lam_E(max=967.95)

[Projection Start] Batch: 512, Constraints: 33
  [Outer 01/20] Loss (KL=0.0000, Const=2943.7620) | Viol_Order(max=4.00, mean=0.0108) | Viol_Exist(max=2.00, mean=1.1636) | Mu_O(max=1.0) Mu_E(max=1.0) | Lam_O(max=0.00) Lam_E(max=0.00)
  [Outer 10/20] Loss (KL=0.0660, Const=218520.3750) | Viol_Order(max=2.00, mean=0.0101) | Viol_Exist(max=2.00, mean=1.1639) | Mu_O(max=10.6) Mu_E(max=10.6) | Lam_O(max=64.03) Lam_E(max=64.03)
  [Outer 20/20] Loss (KL=0.3972, Const=3246619.5000) | Viol_Order(max=4.00, mean=0.0096) | Viol_Exist(max=2.00, mean=1.1643) | Mu_O(max=146.2) Mu_E(max=146.2) | Lam_O(max=507.83) Lam_E(max=967.95)

[Projection Start] Batch: 512, Constraints: 33
  [Outer 01/20] Loss (KL=0.0000, Const=2941.5801) | Viol_Order(max=4.00, mean=0.0107) | Viol_Exist(max=2.00, mean=1.1634) | Mu_O(max=1.0) Mu_E(max=1.0) | Lam_O(max=0.00) Lam_E(max=0.00)
  [Outer 10/20] Loss (KL=0.0976, Const=218333.9062) | Viol_Order(max=2.00, mean=0.0100) | Viol_Exist(max=2.00, mean=1.1639) | Mu_O(max=10.6) Mu_E(max=10.6) | Lam_O(max=95.43) Lam_E(max=64.03)
  [Outer 20/20] Loss (KL=0.9841, Const=3233311.5000) | Viol_Order(max=1.00, mean=0.0095) | Viol_Exist(max=2.00, mean=1.1643) | Mu_O(max=146.2) Mu_E(max=146.2) | Lam_O(max=526.59) Lam_E(max=967.95)

[Projection Start] Batch: 512, Constraints: 33
  [Outer 01/20] Loss (KL=0.0000, Const=2938.1824) | Viol_Order(max=2.00, mean=0.0107) | Viol_Exist(max=2.00, mean=1.1635) | Mu_O(max=1.0) Mu_E(max=1.0) | Lam_O(max=0.00) Lam_E(max=0.00)
  [Outer 10/20] Loss (KL=0.0156, Const=218960.8125) | Viol_Order(max=1.00, mean=0.0104) | Viol_Exist(max=2.00, mean=1.1638) | Mu_O(max=10.6) Mu_E(max=10.6) | Lam_O(max=35.17) Lam_E(max=64.03)
  [Outer 20/20] Loss (KL=1.7184, Const=3229952.0000) | Viol_Order(max=2.00, mean=0.0102) | Viol_Exist(max=2.00, mean=1.1637) | Mu_O(max=146.2) Mu_E(max=146.2) | Lam_O(max=483.97) Lam_E(max=967.95)

[Projection Start] Batch: 512, Constraints: 33
  [Outer 01/20] Loss (KL=0.0000, Const=2939.9048) | Viol_Order(max=2.00, mean=0.0112) | Viol_Exist(max=2.00, mean=1.1630) | Mu_O(max=1.0) Mu_E(max=1.0) | Lam_O(max=0.00) Lam_E(max=0.00)
  [Outer 10/20] Loss (KL=0.0540, Const=218872.5781) | Viol_Order(max=2.00, mean=0.0111) | Viol_Exist(max=2.00, mean=1.1634) | Mu_O(max=10.6) Mu_E(max=10.6) | Lam_O(max=64.03) Lam_E(max=64.03)
  [Outer 20/20] Loss (KL=0.8637, Const=3238708.7500) | Viol_Order(max=1.00, mean=0.0094) | Viol_Exist(max=2.00, mean=1.1652) | Mu_O(max=146.2) Mu_E(max=146.2) | Lam_O(max=483.97) Lam_E(max=967.95)

[Projection Start] Batch: 512, Constraints: 33
  [Outer 01/20] Loss (KL=0.0000, Const=2942.6348) | Viol_Order(max=2.00, mean=0.0104) | Viol_Exist(max=2.00, mean=1.1644) | Mu_O(max=1.0) Mu_E(max=1.0) | Lam_O(max=0.00) Lam_E(max=0.00)
  [Outer 10/20] Loss (KL=0.0508, Const=218964.6250) | Viol_Order(max=1.00, mean=0.0099) | Viol_Exist(max=2.00, mean=1.1646) | Mu_O(max=10.6) Mu_E(max=10.6) | Lam_O(max=47.72) Lam_E(max=64.03)
  [Outer 20/20] Loss (KL=0.5576, Const=3244325.7500) | Viol_Order(max=2.00, mean=0.0095) | Viol_Exist(max=2.00, mean=1.1648) | Mu_O(max=146.2) Mu_E(max=146.2) | Lam_O(max=483.97) Lam_E(max=967.95)

[Projection Start] Batch: 512, Constraints: 33
  [Outer 01/20] Loss (KL=0.0000, Const=2942.0627) | Viol_Order(max=2.00, mean=0.0104) | Viol_Exist(max=2.00, mean=1.1641) | Mu_O(max=1.0) Mu_E(max=1.0) | Lam_O(max=0.00) Lam_E(max=0.00)
  [Outer 10/20] Loss (KL=0.0308, Const=219276.8750) | Viol_Order(max=2.00, mean=0.0103) | Viol_Exist(max=2.00, mean=1.1642) | Mu_O(max=10.6) Mu_E(max=10.6) | Lam_O(max=64.03) Lam_E(max=64.03)
  [Outer 20/20] Loss (KL=0.6054, Const=3252193.0000) | Viol_Order(max=1.00, mean=0.0090) | Viol_Exist(max=2.00, mean=1.1657) | Mu_O(max=146.2) Mu_E(max=146.2) | Lam_O(max=483.97) Lam_E(max=967.95)

[Projection Start] Batch: 512, Constraints: 33
  [Outer 01/20] Loss (KL=0.0000, Const=2948.6050) | Viol_Order(max=1.00, mean=0.0100) | Viol_Exist(max=2.00, mean=1.1651) | Mu_O(max=1.0) Mu_E(max=1.0) | Lam_O(max=0.00) Lam_E(max=0.00)
  [Outer 10/20] Loss (KL=0.0162, Const=219358.3594) | Viol_Order(max=1.00, mean=0.0099) | Viol_Exist(max=2.00, mean=1.1651) | Mu_O(max=10.6) Mu_E(max=10.6) | Lam_O(max=32.01) Lam_E(max=64.03)
  [Outer 20/20] Loss (KL=0.7603, Const=3248449.7500) | Viol_Order(max=2.00, mean=0.0094) | Viol_Exist(max=2.00, mean=1.1654) | Mu_O(max=146.2) Mu_E(max=146.2) | Lam_O(max=483.97) Lam_E(max=967.95)

[Projection Start] Batch: 512, Constraints: 33
  [Outer 01/20] Loss (KL=0.0001, Const=2945.5813) | Viol_Order(max=2.00, mean=0.0101) | Viol_Exist(max=2.00, mean=1.1650) | Mu_O(max=1.0) Mu_E(max=1.0) | Lam_O(max=0.00) Lam_E(max=0.00)
  [Outer 10/20] Loss (KL=0.0600, Const=219181.0000) | Viol_Order(max=2.00, mean=0.0098) | Viol_Exist(max=2.00, mean=1.1653) | Mu_O(max=10.6) Mu_E(max=10.6) | Lam_O(max=64.03) Lam_E(max=64.03)
  [Outer 20/20] Loss (KL=0.4600, Const=3258764.7500) | Viol_Order(max=1.00, mean=0.0094) | Viol_Exist(max=2.00, mean=1.1655) | Mu_O(max=146.2) Mu_E(max=146.2) | Lam_O(max=540.38) Lam_E(max=967.95)

[Projection Start] Batch: 512, Constraints: 33
  [Outer 01/20] Loss (KL=0.0000, Const=2945.4358) | Viol_Order(max=2.00, mean=0.0102) | Viol_Exist(max=2.00, mean=1.1650) | Mu_O(max=1.0) Mu_E(max=1.0) | Lam_O(max=0.00) Lam_E(max=0.00)
  [Outer 10/20] Loss (KL=0.0333, Const=219185.7812) | Viol_Order(max=1.00, mean=0.0098) | Viol_Exist(max=2.00, mean=1.1652) | Mu_O(max=10.6) Mu_E(max=10.6) | Lam_O(max=35.17) Lam_E(max=64.03)
  [Outer 20/20] Loss (KL=0.7357, Const=3253125.7500) | Viol_Order(max=2.00, mean=0.0097) | Viol_Exist(max=2.00, mean=1.1653) | Mu_O(max=146.2) Mu_E(max=146.2) | Lam_O(max=483.97) Lam_E(max=967.95)

[Projection Start] Batch: 512, Constraints: 33
  [Outer 01/20] Loss (KL=0.0000, Const=2952.0015) | Viol_Order(max=2.00, mean=0.0102) | Viol_Exist(max=2.00, mean=1.1654) | Mu_O(max=1.0) Mu_E(max=1.0) | Lam_O(max=0.00) Lam_E(max=0.00)
  [Outer 10/20] Loss (KL=0.0146, Const=220053.5000) | Viol_Order(max=1.00, mean=0.0102) | Viol_Exist(max=2.00, mean=1.1654) | Mu_O(max=10.6) Mu_E(max=10.6) | Lam_O(max=44.77) Lam_E(max=64.03)
  [Outer 20/20] Loss (KL=1.0293, Const=3257283.0000) | Viol_Order(max=3.00, mean=0.0096) | Viol_Exist(max=2.00, mean=1.1661) | Mu_O(max=146.2) Mu_E(max=146.2) | Lam_O(max=483.97) Lam_E(max=967.95)

[Projection Start] Batch: 512, Constraints: 33
  [Outer 01/20] Loss (KL=0.0000, Const=2957.9846) | Viol_Order(max=3.00, mean=0.0104) | Viol_Exist(max=2.00, mean=1.1658) | Mu_O(max=1.0) Mu_E(max=1.0) | Lam_O(max=0.00) Lam_E(max=0.00)
  [Outer 10/20] Loss (KL=0.0720, Const=220015.3594) | Viol_Order(max=2.00, mean=0.0096) | Viol_Exist(max=2.00, mean=1.1666) | Mu_O(max=10.6) Mu_E(max=10.6) | Lam_O(max=64.03) Lam_E(max=64.03)
  [Outer 20/20] Loss (KL=1.1138, Const=3242563.5000) | Viol_Order(max=2.00, mean=0.0108) | Viol_Exist(max=2.00, mean=1.1641) | Mu_O(max=146.2) Mu_E(max=146.2) | Lam_O(max=558.30) Lam_E(max=967.95)

[Projection Start] Batch: 512, Constraints: 33
  [Outer 01/20] Loss (KL=0.0000, Const=2951.7874) | Viol_Order(max=2.00, mean=0.0115) | Viol_Exist(max=2.00, mean=1.1640) | Mu_O(max=1.0) Mu_E(max=1.0) | Lam_O(max=0.00) Lam_E(max=0.00)
  [Outer 10/20] Loss (KL=0.0759, Const=218883.8125) | Viol_Order(max=2.00, mean=0.0111) | Viol_Exist(max=2.00, mean=1.1638) | Mu_O(max=10.6) Mu_E(max=10.6) | Lam_O(max=64.03) Lam_E(max=64.03)
  [Outer 20/20] Loss (KL=1.0574, Const=3233133.0000) | Viol_Order(max=2.00, mean=0.0101) | Viol_Exist(max=2.00, mean=1.1650) | Mu_O(max=146.2) Mu_E(max=146.2) | Lam_O(max=483.97) Lam_E(max=967.95)

[Projection Start] Batch: 512, Constraints: 33
  [Outer 01/20] Loss (KL=0.0001, Const=2946.2722) | Viol_Order(max=2.00, mean=0.0115) | Viol_Exist(max=2.00, mean=1.1637) | Mu_O(max=1.0) Mu_E(max=1.0) | Lam_O(max=0.00) Lam_E(max=0.00)
  [Outer 10/20] Loss (KL=0.0600, Const=219098.0938) | Viol_Order(max=2.00, mean=0.0108) | Viol_Exist(max=2.00, mean=1.1644) | Mu_O(max=10.6) Mu_E(max=10.6) | Lam_O(max=64.03) Lam_E(max=64.03)
  [Outer 20/20] Loss (KL=0.9394, Const=3233254.7500) | Viol_Order(max=2.00, mean=0.0101) | Viol_Exist(max=2.00, mean=1.1650) | Mu_O(max=146.2) Mu_E(max=146.2) | Lam_O(max=483.97) Lam_E(max=967.95)

[Projection Start] Batch: 512, Constraints: 33
  [Outer 01/20] Loss (KL=0.0000, Const=2948.2881) | Viol_Order(max=2.00, mean=0.0111) | Viol_Exist(max=2.00, mean=1.1642) | Mu_O(max=1.0) Mu_E(max=1.0) | Lam_O(max=0.00) Lam_E(max=0.00)
  [Outer 10/20] Loss (KL=0.0408, Const=219341.8750) | Viol_Order(max=1.00, mean=0.0107) | Viol_Exist(max=2.00, mean=1.1645) | Mu_O(max=10.6) Mu_E(max=10.6) | Lam_O(max=44.77) Lam_E(max=64.03)
  [Outer 20/20] Loss (KL=1.4358, Const=3237001.5000) | Viol_Order(max=1.00, mean=0.0094) | Viol_Exist(max=2.00, mean=1.1658) | Mu_O(max=146.2) Mu_E(max=146.2) | Lam_O(max=483.97) Lam_E(max=967.95)

[Projection Start] Batch: 512, Constraints: 33
  [Outer 01/20] Loss (KL=0.0000, Const=2955.5024) | Viol_Order(max=2.00, mean=0.0109) | Viol_Exist(max=2.00, mean=1.1651) | Mu_O(max=1.0) Mu_E(max=1.0) | Lam_O(max=0.00) Lam_E(max=0.00)
  [Outer 10/20] Loss (KL=0.0442, Const=220007.9531) | Viol_Order(max=3.00, mean=0.0110) | Viol_Exist(max=2.00, mean=1.1656) | Mu_O(max=10.6) Mu_E(max=10.6) | Lam_O(max=64.03) Lam_E(max=64.03)
  [Outer 20/20] Loss (KL=0.8386, Const=3251724.0000) | Viol_Order(max=2.00, mean=0.0100) | Viol_Exist(max=2.00, mean=1.1654) | Mu_O(max=146.2) Mu_E(max=146.2) | Lam_O(max=483.97) Lam_E(max=967.95)

[Projection Start] Batch: 512, Constraints: 33
  [Outer 01/20] Loss (KL=0.0000, Const=2956.5552) | Viol_Order(max=2.00, mean=0.0111) | Viol_Exist(max=2.00, mean=1.1648) | Mu_O(max=1.0) Mu_E(max=1.0) | Lam_O(max=0.00) Lam_E(max=0.00)
  [Outer 10/20] Loss (KL=0.0848, Const=219564.7500) | Viol_Order(max=2.00, mean=0.0108) | Viol_Exist(max=2.00, mean=1.1646) | Mu_O(max=10.6) Mu_E(max=10.6) | Lam_O(max=64.03) Lam_E(max=64.03)
  [Outer 20/20] Loss (KL=0.6841, Const=3246612.7500) | Viol_Order(max=1.00, mean=0.0096) | Viol_Exist(max=2.00, mean=1.1656) | Mu_O(max=146.2) Mu_E(max=146.2) | Lam_O(max=483.97) Lam_E(max=967.95)

[Projection Start] Batch: 512, Constraints: 33
  [Outer 01/20] Loss (KL=-0.0000, Const=2959.2539) | Viol_Order(max=3.00, mean=0.0104) | Viol_Exist(max=2.00, mean=1.1654) | Mu_O(max=1.0) Mu_E(max=1.0) | Lam_O(max=0.00) Lam_E(max=0.00)
  [Outer 10/20] Loss (KL=0.0285, Const=220262.5000) | Viol_Order(max=2.00, mean=0.0101) | Viol_Exist(max=2.00, mean=1.1657) | Mu_O(max=10.6) Mu_E(max=10.6) | Lam_O(max=64.03) Lam_E(max=64.03)
  [Outer 20/20] Loss (KL=0.7888, Const=3244699.5000) | Viol_Order(max=1.00, mean=0.0099) | Viol_Exist(max=2.00, mean=1.1648) | Mu_O(max=146.2) Mu_E(max=146.2) | Lam_O(max=483.97) Lam_E(max=967.95)

[Projection Start] Batch: 512, Constraints: 33
  [Outer 01/20] Loss (KL=0.0000, Const=2947.7964) | Viol_Order(max=2.00, mean=0.0102) | Viol_Exist(max=2.00, mean=1.1650) | Mu_O(max=1.0) Mu_E(max=1.0) | Lam_O(max=0.00) Lam_E(max=0.00)
  [Outer 10/20] Loss (KL=0.0533, Const=219389.6875) | Viol_Order(max=1.00, mean=0.0101) | Viol_Exist(max=2.00, mean=1.1648) | Mu_O(max=10.6) Mu_E(max=10.6) | Lam_O(max=55.87) Lam_E(max=64.03)
  [Outer 20/20] Loss (KL=0.7332, Const=3256498.0000) | Viol_Order(max=1.00, mean=0.0098) | Viol_Exist(max=2.00, mean=1.1660) | Mu_O(max=146.2) Mu_E(max=146.2) | Lam_O(max=507.83) Lam_E(max=967.95)

[Projection Start] Batch: 512, Constraints: 33
  [Outer 01/20] Loss (KL=0.0000, Const=2966.0420) | Viol_Order(max=2.00, mean=0.0108) | Viol_Exist(max=2.00, mean=1.1658) | Mu_O(max=1.0) Mu_E(max=1.0) | Lam_O(max=0.00) Lam_E(max=0.00)
  [Outer 10/20] Loss (KL=0.0483, Const=220769.2188) | Viol_Order(max=2.00, mean=0.0105) | Viol_Exist(max=2.00, mean=1.1662) | Mu_O(max=10.6) Mu_E(max=10.6) | Lam_O(max=64.03) Lam_E(max=64.03)
  [Outer 20/20] Loss (KL=0.6615, Const=3263321.5000) | Viol_Order(max=3.00, mean=0.0096) | Viol_Exist(max=2.00, mean=1.1668) | Mu_O(max=146.2) Mu_E(max=146.2) | Lam_O(max=483.97) Lam_E(max=967.95)

[Projection Start] Batch: 512, Constraints: 33
  [Outer 01/20] Loss (KL=0.0001, Const=2967.1572) | Viol_Order(max=3.00, mean=0.0108) | Viol_Exist(max=2.00, mean=1.1660) | Mu_O(max=1.0) Mu_E(max=1.0) | Lam_O(max=0.00) Lam_E(max=0.00)
  [Outer 10/20] Loss (KL=0.0718, Const=220498.1250) | Viol_Order(max=2.00, mean=0.0101) | Viol_Exist(max=2.00, mean=1.1660) | Mu_O(max=10.6) Mu_E(max=10.6) | Lam_O(max=64.03) Lam_E(max=64.03)
  [Outer 20/20] Loss (KL=0.9505, Const=3261928.0000) | Viol_Order(max=3.00, mean=0.0098) | Viol_Exist(max=2.00, mean=1.1667) | Mu_O(max=146.2) Mu_E(max=146.2) | Lam_O(max=507.83) Lam_E(max=967.95)

[Projection Start] Batch: 512, Constraints: 33
  [Outer 01/20] Loss (KL=0.0000, Const=2985.7942) | Viol_Order(max=3.00, mean=0.0114) | Viol_Exist(max=2.00, mean=1.1663) | Mu_O(max=1.0) Mu_E(max=1.0) | Lam_O(max=0.00) Lam_E(max=0.00)
  [Outer 10/20] Loss (KL=0.0843, Const=221006.2500) | Viol_Order(max=2.00, mean=0.0100) | Viol_Exist(max=2.00, mean=1.1669) | Mu_O(max=10.6) Mu_E(max=10.6) | Lam_O(max=64.03) Lam_E(max=64.03)
  [Outer 20/20] Loss (KL=1.1913, Const=3265999.7500) | Viol_Order(max=3.00, mean=0.0100) | Viol_Exist(max=2.00, mean=1.1673) | Mu_O(max=146.2) Mu_E(max=146.2) | Lam_O(max=501.56) Lam_E(max=967.95)

[Projection Start] Batch: 512, Constraints: 33
  [Outer 01/20] Loss (KL=0.0001, Const=2984.9028) | Viol_Order(max=3.00, mean=0.0109) | Viol_Exist(max=2.00, mean=1.1670) | Mu_O(max=1.0) Mu_E(max=1.0) | Lam_O(max=0.00) Lam_E(max=0.00)
  [Outer 10/20] Loss (KL=0.0664, Const=221581.9062) | Viol_Order(max=2.00, mean=0.0102) | Viol_Exist(max=2.00, mean=1.1675) | Mu_O(max=10.6) Mu_E(max=10.6) | Lam_O(max=96.04) Lam_E(max=64.03)
  [Outer 20/20] Loss (KL=1.5858, Const=3268773.2500) | Viol_Order(max=1.00, mean=0.0102) | Viol_Exist(max=2.00, mean=1.1670) | Mu_O(max=146.2) Mu_E(max=146.2) | Lam_O(max=611.89) Lam_E(max=967.95)

[Projection Start] Batch: 512, Constraints: 33
  [Outer 01/20] Loss (KL=0.0000, Const=2990.2056) | Viol_Order(max=2.00, mean=0.0117) | Viol_Exist(max=2.00, mean=1.1667) | Mu_O(max=1.0) Mu_E(max=1.0) | Lam_O(max=0.00) Lam_E(max=0.00)
  [Outer 10/20] Loss (KL=0.0312, Const=222561.3906) | Viol_Order(max=2.00, mean=0.0114) | Viol_Exist(max=2.00, mean=1.1668) | Mu_O(max=10.6) Mu_E(max=10.6) | Lam_O(max=64.03) Lam_E(max=64.03)
  [Outer 20/20] Loss (KL=1.9491, Const=3274623.0000) | Viol_Order(max=1.00, mean=0.0095) | Viol_Exist(max=2.00, mean=1.1677) | Mu_O(max=146.2) Mu_E(max=146.2) | Lam_O(max=558.30) Lam_E(max=967.95)

[Projection Start] Batch: 512, Constraints: 33
  [Outer 01/20] Loss (KL=0.0000, Const=2980.6365) | Viol_Order(max=2.00, mean=0.0109) | Viol_Exist(max=2.00, mean=1.1667) | Mu_O(max=1.0) Mu_E(max=1.0) | Lam_O(max=0.00) Lam_E(max=0.00)
  [Outer 10/20] Loss (KL=0.0734, Const=221739.3438) | Viol_Order(max=2.00, mean=0.0106) | Viol_Exist(max=2.00, mean=1.1673) | Mu_O(max=10.6) Mu_E(max=10.6) | Lam_O(max=64.03) Lam_E(max=64.03)
  [Outer 20/20] Loss (KL=1.0197, Const=3272869.0000) | Viol_Order(max=2.00, mean=0.0094) | Viol_Exist(max=2.00, mean=1.1681) | Mu_O(max=146.2) Mu_E(max=146.2) | Lam_O(max=651.26) Lam_E(max=967.95)

[Projection Start] Batch: 512, Constraints: 33
  [Outer 01/20] Loss (KL=0.0000, Const=2985.5522) | Viol_Order(max=2.00, mean=0.0110) | Viol_Exist(max=2.00, mean=1.1671) | Mu_O(max=1.0) Mu_E(max=1.0) | Lam_O(max=0.00) Lam_E(max=0.00)
  [Outer 10/20] Loss (KL=0.0001, Const=222748.8438) | Viol_Order(max=2.00, mean=0.0110) | Viol_Exist(max=2.00, mean=1.1671) | Mu_O(max=10.6) Mu_E(max=10.6) | Lam_O(max=64.03) Lam_E(max=64.03)
  [Outer 20/20] Loss (KL=1.3856, Const=3280667.5000) | Viol_Order(max=1.00, mean=0.0094) | Viol_Exist(max=2.00, mean=1.1680) | Mu_O(max=146.2) Mu_E(max=146.2) | Lam_O(max=581.60) Lam_E(max=967.95)

[Projection Start] Batch: 512, Constraints: 33
  [Outer 01/20] Loss (KL=0.0000, Const=2986.0059) | Viol_Order(max=3.00, mean=0.0111) | Viol_Exist(max=2.00, mean=1.1668) | Mu_O(max=1.0) Mu_E(max=1.0) | Lam_O(max=0.00) Lam_E(max=0.00)
  [Outer 10/20] Loss (KL=0.0489, Const=222362.1562) | Viol_Order(max=2.00, mean=0.0105) | Viol_Exist(max=2.00, mean=1.1674) | Mu_O(max=10.6) Mu_E(max=10.6) | Lam_O(max=96.04) Lam_E(max=64.03)
  [Outer 20/20] Loss (KL=1.3558, Const=3258154.5000) | Viol_Order(max=1.00, mean=0.0094) | Viol_Exist(max=2.00, mean=1.1670) | Mu_O(max=146.2) Mu_E(max=146.2) | Lam_O(max=526.59) Lam_E(max=967.95)

[Projection Start] Batch: 512, Constraints: 33
  [Outer 01/20] Loss (KL=0.0022, Const=2965.1594) | Viol_Order(max=2.00, mean=0.0109) | Viol_Exist(max=2.00, mean=1.1658) | Mu_O(max=1.0) Mu_E(max=1.0) | Lam_O(max=0.00) Lam_E(max=0.00)
  [Outer 10/20] Loss (KL=0.0716, Const=220370.8125) | Viol_Order(max=2.00, mean=0.0103) | Viol_Exist(max=2.00, mean=1.1661) | Mu_O(max=10.6) Mu_E(max=10.6) | Lam_O(max=64.03) Lam_E(max=64.03)
  [Outer 20/20] Loss (KL=0.5691, Const=3261010.5000) | Viol_Order(max=1.00, mean=0.0094) | Viol_Exist(max=2.00, mean=1.1669) | Mu_O(max=146.2) Mu_E(max=146.2) | Lam_O(max=581.60) Lam_E(max=967.95)

[Projection Start] Batch: 512, Constraints: 33
  [Outer 01/20] Loss (KL=0.0000, Const=2966.8076) | Viol_Order(max=2.00, mean=0.0105) | Viol_Exist(max=2.00, mean=1.1666) | Mu_O(max=1.0) Mu_E(max=1.0) | Lam_O(max=0.00) Lam_E(max=0.00)
  [Outer 10/20] Loss (KL=0.0623, Const=220696.0781) | Viol_Order(max=2.00, mean=0.0104) | Viol_Exist(max=2.00, mean=1.1664) | Mu_O(max=10.6) Mu_E(max=10.6) | Lam_O(max=64.03) Lam_E(max=64.03)
  [Outer 20/20] Loss (KL=0.7223, Const=3264622.2500) | Viol_Order(max=2.00, mean=0.0094) | Viol_Exist(max=2.00, mean=1.1672) | Mu_O(max=146.2) Mu_E(max=146.2) | Lam_O(max=558.30) Lam_E(max=967.95)

[Projection Start] Batch: 512, Constraints: 33
  [Outer 01/20] Loss (KL=0.0000, Const=2966.5620) | Viol_Order(max=2.00, mean=0.0104) | Viol_Exist(max=2.00, mean=1.1669) | Mu_O(max=1.0) Mu_E(max=1.0) | Lam_O(max=0.00) Lam_E(max=0.00)
  [Outer 10/20] Loss (KL=0.0902, Const=220349.6719) | Viol_Order(max=1.00, mean=0.0098) | Viol_Exist(max=2.00, mean=1.1673) | Mu_O(max=10.6) Mu_E(max=10.6) | Lam_O(max=32.01) Lam_E(max=64.03)
  [Outer 20/20] Loss (KL=0.8926, Const=3264127.7500) | Viol_Order(max=3.00, mean=0.0096) | Viol_Exist(max=2.00, mean=1.1665) | Mu_O(max=146.2) Mu_E(max=146.2) | Lam_O(max=483.97) Lam_E(max=967.95)

[Projection Start] Batch: 512, Constraints: 33
  [Outer 01/20] Loss (KL=0.0000, Const=2963.8110) | Viol_Order(max=3.00, mean=0.0106) | Viol_Exist(max=2.00, mean=1.1661) | Mu_O(max=1.0) Mu_E(max=1.0) | Lam_O(max=0.00) Lam_E(max=0.00)
  [Outer 10/20] Loss (KL=0.0815, Const=220223.6875) | Viol_Order(max=2.00, mean=0.0099) | Viol_Exist(max=2.00, mean=1.1668) | Mu_O(max=10.6) Mu_E(max=10.6) | Lam_O(max=71.57) Lam_E(max=64.03)
  [Outer 20/20] Loss (KL=1.1956, Const=3252590.0000) | Viol_Order(max=1.00, mean=0.0093) | Viol_Exist(max=2.00, mean=1.1666) | Mu_O(max=146.2) Mu_E(max=146.2) | Lam_O(max=483.97) Lam_E(max=967.95)

[Projection Start] Batch: 512, Constraints: 33
  [Outer 01/20] Loss (KL=0.0000, Const=2955.6086) | Viol_Order(max=1.00, mean=0.0096) | Viol_Exist(max=2.00, mean=1.1664) | Mu_O(max=1.0) Mu_E(max=1.0) | Lam_O(max=0.00) Lam_E(max=0.00)
  [Outer 10/20] Loss (KL=0.0409, Const=220038.0312) | Viol_Order(max=1.00, mean=0.0096) | Viol_Exist(max=2.00, mean=1.1665) | Mu_O(max=10.6) Mu_E(max=10.6) | Lam_O(max=32.01) Lam_E(max=64.03)
  [Outer 20/20] Loss (KL=1.0282, Const=3251666.0000) | Viol_Order(max=3.00, mean=0.0101) | Viol_Exist(max=2.00, mean=1.1661) | Mu_O(max=146.2) Mu_E(max=146.2) | Lam_O(max=483.97) Lam_E(max=967.95)

[Projection Start] Batch: 512, Constraints: 33
  [Outer 01/20] Loss (KL=0.0000, Const=2963.4092) | Viol_Order(max=3.00, mean=0.0105) | Viol_Exist(max=2.00, mean=1.1660) | Mu_O(max=1.0) Mu_E(max=1.0) | Lam_O(max=0.00) Lam_E(max=0.00)
  [Outer 10/20] Loss (KL=0.0758, Const=219973.3438) | Viol_Order(max=3.00, mean=0.0098) | Viol_Exist(max=2.00, mean=1.1667) | Mu_O(max=10.6) Mu_E(max=10.6) | Lam_O(max=41.06) Lam_E(max=64.03)
  [Outer 20/20] Loss (KL=0.6977, Const=3259210.5000) | Viol_Order(max=3.00, mean=0.0089) | Viol_Exist(max=2.00, mean=1.1668) | Mu_O(max=146.2) Mu_E(max=146.2) | Lam_O(max=483.97) Lam_E(max=967.95)

[Projection Start] Batch: 512, Constraints: 33
  [Outer 01/20] Loss (KL=0.0000, Const=2959.4023) | Viol_Order(max=3.00, mean=0.0098) | Viol_Exist(max=2.00, mean=1.1661) | Mu_O(max=1.0) Mu_E(max=1.0) | Lam_O(max=0.00) Lam_E(max=0.00)
  [Outer 10/20] Loss (KL=0.0534, Const=220221.1875) | Viol_Order(max=2.00, mean=0.0098) | Viol_Exist(max=2.00, mean=1.1663) | Mu_O(max=10.6) Mu_E(max=10.6) | Lam_O(max=96.04) Lam_E(max=64.03)
  [Outer 20/20] Loss (KL=0.7747, Const=3253474.2500) | Viol_Order(max=1.00, mean=0.0095) | Viol_Exist(max=2.00, mean=1.1661) | Mu_O(max=146.2) Mu_E(max=146.2) | Lam_O(max=483.97) Lam_E(max=967.95)

[Projection Start] Batch: 512, Constraints: 33
  [Outer 01/20] Loss (KL=0.0000, Const=2959.6270) | Viol_Order(max=3.00, mean=0.0110) | Viol_Exist(max=2.00, mean=1.1651) | Mu_O(max=1.0) Mu_E(max=1.0) | Lam_O(max=0.00) Lam_E(max=0.00)
  [Outer 10/20] Loss (KL=0.0334, Const=220083.4062) | Viol_Order(max=3.00, mean=0.0110) | Viol_Exist(max=2.00, mean=1.1651) | Mu_O(max=10.6) Mu_E(max=10.6) | Lam_O(max=64.03) Lam_E(max=64.03)
  [Outer 20/20] Loss (KL=0.7296, Const=3250504.5000) | Viol_Order(max=3.00, mean=0.0096) | Viol_Exist(max=2.00, mean=1.1665) | Mu_O(max=146.2) Mu_E(max=146.2) | Lam_O(max=483.97) Lam_E(max=967.95)

[Projection Start] Batch: 512, Constraints: 33
  [Outer 01/20] Loss (KL=0.0000, Const=2963.9517) | Viol_Order(max=3.00, mean=0.0108) | Viol_Exist(max=2.00, mean=1.1658) | Mu_O(max=1.0) Mu_E(max=1.0) | Lam_O(max=0.00) Lam_E(max=0.00)
  [Outer 10/20] Loss (KL=0.0252, Const=220712.4688) | Viol_Order(max=2.00, mean=0.0103) | Viol_Exist(max=2.00, mean=1.1663) | Mu_O(max=10.6) Mu_E(max=10.6) | Lam_O(max=64.03) Lam_E(max=64.03)
  [Outer 20/20] Loss (KL=0.8166, Const=3265678.7500) | Viol_Order(max=3.00, mean=0.0089) | Viol_Exist(max=2.00, mean=1.1680) | Mu_O(max=146.2) Mu_E(max=146.2) | Lam_O(max=611.89) Lam_E(max=967.95)

[Projection Start] Batch: 512, Constraints: 33
  [Outer 01/20] Loss (KL=0.0000, Const=2966.5823) | Viol_Order(max=3.00, mean=0.0102) | Viol_Exist(max=2.00, mean=1.1665) | Mu_O(max=1.0) Mu_E(max=1.0) | Lam_O(max=0.00) Lam_E(max=0.00)
  [Outer 10/20] Loss (KL=0.0327, Const=221079.4688) | Viol_Order(max=3.00, mean=0.0099) | Viol_Exist(max=2.00, mean=1.1668) | Mu_O(max=10.6) Mu_E(max=10.6) | Lam_O(max=96.04) Lam_E(max=64.03)
  [Outer 20/20] Loss (KL=1.4398, Const=3256576.2500) | Viol_Order(max=1.00, mean=0.0095) | Viol_Exist(max=2.00, mean=1.1668) | Mu_O(max=146.2) Mu_E(max=146.2) | Lam_O(max=540.38) Lam_E(max=967.95)

[Projection Start] Batch: 512, Constraints: 33
  [Outer 01/20] Loss (KL=0.0000, Const=2965.8623) | Viol_Order(max=2.00, mean=0.0106) | Viol_Exist(max=2.00, mean=1.1664) | Mu_O(max=1.0) Mu_E(max=1.0) | Lam_O(max=0.00) Lam_E(max=0.00)
  [Outer 10/20] Loss (KL=0.0490, Const=220815.5312) | Viol_Order(max=2.00, mean=0.0103) | Viol_Exist(max=2.00, mean=1.1665) | Mu_O(max=10.6) Mu_E(max=10.6) | Lam_O(max=64.03) Lam_E(max=64.03)
  [Outer 20/20] Loss (KL=0.8506, Const=3264628.0000) | Viol_Order(max=1.00, mean=0.0088) | Viol_Exist(max=2.00, mean=1.1677) | Mu_O(max=146.2) Mu_E(max=146.2) | Lam_O(max=768.99) Lam_E(max=967.95)

[Projection Start] Batch: 512, Constraints: 33
  [Outer 01/20] Loss (KL=0.0000, Const=2964.4495) | Viol_Order(max=2.00, mean=0.0099) | Viol_Exist(max=2.00, mean=1.1670) | Mu_O(max=1.0) Mu_E(max=1.0) | Lam_O(max=0.00) Lam_E(max=0.00)
  [Outer 10/20] Loss (KL=0.0319, Const=220732.8750) | Viol_Order(max=2.00, mean=0.0098) | Viol_Exist(max=2.00, mean=1.1670) | Mu_O(max=10.6) Mu_E(max=10.6) | Lam_O(max=64.03) Lam_E(max=64.03)
  [Outer 20/20] Loss (KL=0.9776, Const=3268243.7500) | Viol_Order(max=2.00, mean=0.0099) | Viol_Exist(max=2.00, mean=1.1671) | Mu_O(max=146.2) Mu_E(max=146.2) | Lam_O(max=581.60) Lam_E(max=967.95)

[Projection Start] Batch: 512, Constraints: 33
  [Outer 01/20] Loss (KL=0.0000, Const=2968.3916) | Viol_Order(max=2.00, mean=0.0107) | Viol_Exist(max=2.00, mean=1.1662) | Mu_O(max=1.0) Mu_E(max=1.0) | Lam_O(max=0.00) Lam_E(max=0.00)
  [Outer 10/20] Loss (KL=0.0442, Const=220992.0000) | Viol_Order(max=2.00, mean=0.0105) | Viol_Exist(max=2.00, mean=1.1660) | Mu_O(max=10.6) Mu_E(max=10.6) | Lam_O(max=64.03) Lam_E(max=64.03)
  [Outer 20/20] Loss (KL=1.1202, Const=3265444.0000) | Viol_Order(max=1.00, mean=0.0085) | Viol_Exist(max=2.00, mean=1.1680) | Mu_O(max=146.2) Mu_E(max=146.2) | Lam_O(max=581.60) Lam_E(max=967.95)

[Projection Start] Batch: 512, Constraints: 33
  [Outer 01/20] Loss (KL=0.0000, Const=2969.7346) | Viol_Order(max=2.00, mean=0.0101) | Viol_Exist(max=2.00, mean=1.1671) | Mu_O(max=1.0) Mu_E(max=1.0) | Lam_O(max=0.00) Lam_E(max=0.00)
  [Outer 10/20] Loss (KL=0.0278, Const=221038.5469) | Viol_Order(max=2.00, mean=0.0099) | Viol_Exist(max=2.00, mean=1.1673) | Mu_O(max=10.6) Mu_E(max=10.6) | Lam_O(max=64.03) Lam_E(max=64.03)
  [Outer 20/20] Loss (KL=0.8386, Const=3269065.0000) | Viol_Order(max=2.00, mean=0.0091) | Viol_Exist(max=2.00, mean=1.1667) | Mu_O(max=146.2) Mu_E(max=146.2) | Lam_O(max=589.99) Lam_E(max=967.95)

[Projection Start] Batch: 512, Constraints: 33
  [Outer 01/20] Loss (KL=0.0000, Const=2951.5615) | Viol_Order(max=2.00, mean=0.0098) | Viol_Exist(max=2.00, mean=1.1660) | Mu_O(max=1.0) Mu_E(max=1.0) | Lam_O(max=0.00) Lam_E(max=0.00)
  [Outer 10/20] Loss (KL=0.0001, Const=220262.4062) | Viol_Order(max=2.00, mean=0.0098) | Viol_Exist(max=2.00, mean=1.1660) | Mu_O(max=10.6) Mu_E(max=10.6) | Lam_O(max=64.03) Lam_E(max=64.03)
  [Outer 20/20] Loss (KL=0.8641, Const=3259291.5000) | Viol_Order(max=1.00, mean=0.0089) | Viol_Exist(max=2.00, mean=1.1664) | Mu_O(max=146.2) Mu_E(max=146.2) | Lam_O(max=651.26) Lam_E(max=967.95)

[Projection Start] Batch: 512, Constraints: 33
  [Outer 01/20] Loss (KL=0.0000, Const=2946.2766) | Viol_Order(max=2.00, mean=0.0099) | Viol_Exist(max=2.00, mean=1.1654) | Mu_O(max=1.0) Mu_E(max=1.0) | Lam_O(max=0.00) Lam_E(max=0.00)
  [Outer 10/20] Loss (KL=0.0281, Const=219674.6094) | Viol_Order(max=2.00, mean=0.0097) | Viol_Exist(max=2.00, mean=1.1657) | Mu_O(max=10.6) Mu_E(max=10.6) | Lam_O(max=64.03) Lam_E(max=64.03)
  [Outer 20/20] Loss (KL=0.9450, Const=3250469.0000) | Viol_Order(max=4.00, mean=0.0098) | Viol_Exist(max=2.00, mean=1.1651) | Mu_O(max=146.2) Mu_E(max=146.2) | Lam_O(max=483.97) Lam_E(max=967.95)

[Projection Start] Batch: 512, Constraints: 33
  [Outer 01/20] Loss (KL=0.0000, Const=2955.6396) | Viol_Order(max=4.00, mean=0.0106) | Viol_Exist(max=2.00, mean=1.1648) | Mu_O(max=1.0) Mu_E(max=1.0) | Lam_O(max=0.00) Lam_E(max=0.00)
  [Outer 10/20] Loss (KL=0.0274, Const=220201.4062) | Viol_Order(max=4.00, mean=0.0101) | Viol_Exist(max=2.00, mean=1.1652) | Mu_O(max=10.6) Mu_E(max=10.6) | Lam_O(max=128.06) Lam_E(max=64.03)
  [Outer 20/20] Loss (KL=0.8525, Const=3249381.0000) | Viol_Order(max=1.00, mean=0.0093) | Viol_Exist(max=2.00, mean=1.1663) | Mu_O(max=146.2) Mu_E(max=146.2) | Lam_O(max=483.97) Lam_E(max=967.95)

[Projection Start] Batch: 512, Constraints: 33
  [Outer 01/20] Loss (KL=0.0010, Const=2955.5522) | Viol_Order(max=4.00, mean=0.0105) | Viol_Exist(max=2.00, mean=1.1652) | Mu_O(max=1.0) Mu_E(max=1.0) | Lam_O(max=0.00) Lam_E(max=0.00)
  [Outer 10/20] Loss (KL=0.0387, Const=219619.6875) | Viol_Order(max=2.00, mean=0.0098) | Viol_Exist(max=2.00, mean=1.1657) | Mu_O(max=10.6) Mu_E(max=10.6) | Lam_O(max=95.43) Lam_E(max=64.03)
  [Outer 20/20] Loss (KL=0.6077, Const=3256704.0000) | Viol_Order(max=1.00, mean=0.0095) | Viol_Exist(max=2.00, mean=1.1657) | Mu_O(max=146.2) Mu_E(max=146.2) | Lam_O(max=483.97) Lam_E(max=967.95)

[Projection Start] Batch: 512, Constraints: 33
  [Outer 01/20] Loss (KL=0.0000, Const=2953.3276) | Viol_Order(max=2.00, mean=0.0102) | Viol_Exist(max=2.00, mean=1.1655) | Mu_O(max=1.0) Mu_E(max=1.0) | Lam_O(max=0.00) Lam_E(max=0.00)
  [Outer 10/20] Loss (KL=0.0001, Const=220345.9688) | Viol_Order(max=2.00, mean=0.0102) | Viol_Exist(max=2.00, mean=1.1655) | Mu_O(max=10.6) Mu_E(max=10.6) | Lam_O(max=64.03) Lam_E(max=64.03)
  [Outer 20/20] Loss (KL=1.3044, Const=3249010.5000) | Viol_Order(max=2.00, mean=0.0095) | Viol_Exist(max=2.00, mean=1.1661) | Mu_O(max=146.2) Mu_E(max=146.2) | Lam_O(max=483.97) Lam_E(max=967.95)

[Projection Start] Batch: 512, Constraints: 33
  [Outer 01/20] Loss (KL=0.0000, Const=2957.8230) | Viol_Order(max=2.00, mean=0.0105) | Viol_Exist(max=2.00, mean=1.1654) | Mu_O(max=1.0) Mu_E(max=1.0) | Lam_O(max=0.00) Lam_E(max=0.00)
  [Outer 10/20] Loss (KL=0.0558, Const=220067.5156) | Viol_Order(max=2.00, mean=0.0098) | Viol_Exist(max=2.00, mean=1.1661) | Mu_O(max=10.6) Mu_E(max=10.6) | Lam_O(max=64.03) Lam_E(max=64.03)
  [Outer 20/20] Loss (KL=0.6611, Const=3266576.0000) | Viol_Order(max=2.00, mean=0.0092) | Viol_Exist(max=2.00, mean=1.1664) | Mu_O(max=146.2) Mu_E(max=146.2) | Lam_O(max=743.04) Lam_E(max=967.95)

[Projection Start] Batch: 512, Constraints: 33
  [Outer 01/20] Loss (KL=0.0000, Const=2962.5732) | Viol_Order(max=2.00, mean=0.0104) | Viol_Exist(max=2.00, mean=1.1660) | Mu_O(max=1.0) Mu_E(max=1.0) | Lam_O(max=0.00) Lam_E(max=0.00)
  [Outer 10/20] Loss (KL=0.0448, Const=220622.7969) | Viol_Order(max=2.00, mean=0.0104) | Viol_Exist(max=2.00, mean=1.1663) | Mu_O(max=10.6) Mu_E(max=10.6) | Lam_O(max=64.03) Lam_E(max=64.03)
  [Outer 20/20] Loss (KL=0.8242, Const=3266423.7500) | Viol_Order(max=2.00, mean=0.0094) | Viol_Exist(max=2.00, mean=1.1667) | Mu_O(max=146.2) Mu_E(max=146.2) | Lam_O(max=507.83) Lam_E(max=967.95)

[Projection Start] Batch: 512, Constraints: 33
  [Outer 01/20] Loss (KL=0.0000, Const=2971.9741) | Viol_Order(max=4.00, mean=0.0107) | Viol_Exist(max=2.00, mean=1.1659) | Mu_O(max=1.0) Mu_E(max=1.0) | Lam_O(max=0.00) Lam_E(max=0.00)
  [Outer 10/20] Loss (KL=0.0230, Const=221017.0000) | Viol_Order(max=2.00, mean=0.0102) | Viol_Exist(max=2.00, mean=1.1663) | Mu_O(max=10.6) Mu_E(max=10.6) | Lam_O(max=64.03) Lam_E(max=64.03)
  [Outer 20/20] Loss (KL=1.4133, Const=3264560.2500) | Viol_Order(max=4.00, mean=0.0095) | Viol_Exist(max=2.00, mean=1.1661) | Mu_O(max=146.2) Mu_E(max=146.2) | Lam_O(max=540.38) Lam_E(max=967.95)

[Projection Start] Batch: 512, Constraints: 33
  [Outer 01/20] Loss (KL=0.0020, Const=2966.3564) | Viol_Order(max=4.00, mean=0.0104) | Viol_Exist(max=2.00, mean=1.1655) | Mu_O(max=1.0) Mu_E(max=1.0) | Lam_O(max=0.00) Lam_E(max=0.00)
  [Outer 10/20] Loss (KL=0.0472, Const=220865.6406) | Viol_Order(max=3.00, mean=0.0103) | Viol_Exist(max=2.00, mean=1.1657) | Mu_O(max=10.6) Mu_E(max=10.6) | Lam_O(max=113.63) Lam_E(max=64.03)
  [Outer 20/20] Loss (KL=1.5875, Const=3252761.5000) | Viol_Order(max=1.00, mean=0.0097) | Viol_Exist(max=2.00, mean=1.1659) | Mu_O(max=146.2) Mu_E(max=146.2) | Lam_O(max=483.97) Lam_E(max=967.95)

[Projection Start] Batch: 512, Constraints: 33
  [Outer 01/20] Loss (KL=0.0000, Const=2952.5181) | Viol_Order(max=2.00, mean=0.0102) | Viol_Exist(max=2.00, mean=1.1653) | Mu_O(max=1.0) Mu_E(max=1.0) | Lam_O(max=0.00) Lam_E(max=0.00)
  [Outer 10/20] Loss (KL=0.0055, Const=219941.1250) | Viol_Order(max=2.00, mean=0.0101) | Viol_Exist(max=2.00, mean=1.1654) | Mu_O(max=10.6) Mu_E(max=10.6) | Lam_O(max=64.03) Lam_E(max=64.03)
  [Outer 20/20] Loss (KL=1.1666, Const=3253944.5000) | Viol_Order(max=2.00, mean=0.0093) | Viol_Exist(max=2.00, mean=1.1661) | Mu_O(max=146.2) Mu_E(max=146.2) | Lam_O(max=558.30) Lam_E(max=967.95)

[Projection Start] Batch: 512, Constraints: 33
  [Outer 01/20] Loss (KL=0.0000, Const=2957.3147) | Viol_Order(max=2.00, mean=0.0099) | Viol_Exist(max=2.00, mean=1.1659) | Mu_O(max=1.0) Mu_E(max=1.0) | Lam_O(max=0.00) Lam_E(max=0.00)
  [Outer 10/20] Loss (KL=0.0290, Const=220292.6875) | Viol_Order(max=2.00, mean=0.0095) | Viol_Exist(max=2.00, mean=1.1661) | Mu_O(max=10.6) Mu_E(max=10.6) | Lam_O(max=64.03) Lam_E(max=64.03)
  [Outer 20/20] Loss (KL=0.8106, Const=3261049.0000) | Viol_Order(max=1.00, mean=0.0090) | Viol_Exist(max=2.00, mean=1.1665) | Mu_O(max=146.2) Mu_E(max=146.2) | Lam_O(max=483.97) Lam_E(max=967.95)

[Projection Start] Batch: 512, Constraints: 33
  [Outer 01/20] Loss (KL=0.0000, Const=2962.6582) | Viol_Order(max=2.00, mean=0.0101) | Viol_Exist(max=2.00, mean=1.1660) | Mu_O(max=1.0) Mu_E(max=1.0) | Lam_O(max=0.00) Lam_E(max=0.00)
  [Outer 10/20] Loss (KL=0.0394, Const=220710.4062) | Viol_Order(max=2.00, mean=0.0101) | Viol_Exist(max=2.00, mean=1.1660) | Mu_O(max=10.6) Mu_E(max=10.6) | Lam_O(max=64.03) Lam_E(max=64.03)
  [Outer 20/20] Loss (KL=1.4246, Const=3259777.0000) | Viol_Order(max=2.00, mean=0.0088) | Viol_Exist(max=2.00, mean=1.1674) | Mu_O(max=146.2) Mu_E(max=146.2) | Lam_O(max=651.26) Lam_E(max=967.95)

[Projection Start] Batch: 512, Constraints: 33
  [Outer 01/20] Loss (KL=0.0000, Const=2973.8491) | Viol_Order(max=2.00, mean=0.0101) | Viol_Exist(max=2.00, mean=1.1674) | Mu_O(max=1.0) Mu_E(max=1.0) | Lam_O(max=0.00) Lam_E(max=0.00)
  [Outer 10/20] Loss (KL=0.0230, Const=221445.2188) | Viol_Order(max=2.00, mean=0.0101) | Viol_Exist(max=2.00, mean=1.1674) | Mu_O(max=10.6) Mu_E(max=10.6) | Lam_O(max=64.03) Lam_E(max=64.03)
  [Outer 20/20] Loss (KL=1.6901, Const=3256957.0000) | Viol_Order(max=1.00, mean=0.0089) | Viol_Exist(max=2.00, mean=1.1673) | Mu_O(max=146.2) Mu_E(max=146.2) | Lam_O(max=581.60) Lam_E(max=967.95)

[Projection Start] Batch: 512, Constraints: 33
  [Outer 01/20] Loss (KL=0.0000, Const=2976.8691) | Viol_Order(max=2.00, mean=0.0102) | Viol_Exist(max=2.00, mean=1.1671) | Mu_O(max=1.0) Mu_E(max=1.0) | Lam_O(max=0.00) Lam_E(max=0.00)
  [Outer 10/20] Loss (KL=0.0421, Const=221526.6875) | Viol_Order(max=2.00, mean=0.0100) | Viol_Exist(max=2.00, mean=1.1671) | Mu_O(max=10.6) Mu_E(max=10.6) | Lam_O(max=64.03) Lam_E(max=64.03)
  [Outer 20/20] Loss (KL=1.3107, Const=3261336.5000) | Viol_Order(max=2.00, mean=0.0092) | Viol_Exist(max=2.00, mean=1.1669) | Mu_O(max=146.2) Mu_E(max=146.2) | Lam_O(max=496.73) Lam_E(max=967.95)

[Projection Start] Batch: 512, Constraints: 33
  [Outer 01/20] Loss (KL=0.0000, Const=2965.1401) | Viol_Order(max=2.00, mean=0.0100) | Viol_Exist(max=2.00, mean=1.1662) | Mu_O(max=1.0) Mu_E(max=1.0) | Lam_O(max=0.00) Lam_E(max=0.00)
  [Outer 10/20] Loss (KL=0.0536, Const=220776.6719) | Viol_Order(max=2.00, mean=0.0099) | Viol_Exist(max=2.00, mean=1.1662) | Mu_O(max=10.6) Mu_E(max=10.6) | Lam_O(max=64.03) Lam_E(max=64.03)
  [Outer 20/20] Loss (KL=1.3737, Const=3263180.5000) | Viol_Order(max=2.00, mean=0.0115) | Viol_Exist(max=2.00, mean=1.1652) | Mu_O(max=146.2) Mu_E(max=146.2) | Lam_O(max=967.95) Lam_E(max=967.95)
[DEBUG][shape] time torch.Size([512, 13])
[DEBUG][shape] mask torch.Size([512, 13])
[DEBUG][shape] tau  torch.Size([512, 13])
[DEBUG][shape] cond1 torch.Size([512, 13])
[DEBUG][shape] unpadded_length torch.Size([512]) 12
[DEBUG][shape] content_token torch.Size([512, 27])
po_matrix shape: torch.Size([174, 9, 9]) sum0: 14.0
tau before cond_encoder: torch.Size([174, 15]) time: torch.Size([174, 15])
tau after  cond_encoder: torch.Size([174, 15]) time: torch.Size([174, 15])

[Projection Start] Batch: 174, Constraints: 30
  [Outer 01/20] Loss (KL=1.9534, Const=2137.1294) | Viol_Order(max=1.00, mean=0.0013) | Viol_Exist(max=2.00, mean=1.8218) | Mu_O(max=1.0) Mu_E(max=1.0) | Lam_O(max=0.00) Lam_E(max=0.00)
  [Outer 10/20] Loss (KL=48.3845, Const=33195.9609) | Viol_Order(max=2.00, mean=0.0762) | Viol_Exist(max=2.00, mean=0.9864) | Mu_O(max=8.2) Mu_E(max=10.6) | Lam_O(max=26.16) Lam_E(max=64.03)
  [Outer 20/20] Loss (KL=68.5574, Const=304520.1875) | Viol_Order(max=2.00, mean=0.0697) | Viol_Exist(max=2.00, mean=0.9864) | Mu_O(max=112.5) Mu_E(max=146.2) | Lam_O(max=373.82) Lam_E(max=967.95)

[Projection Start] Batch: 174, Constraints: 30
  [Outer 01/20] Loss (KL=2.4309, Const=1734.7393) | Viol_Order(max=2.00, mean=0.0021) | Viol_Exist(max=2.00, mean=1.7577) | Mu_O(max=1.0) Mu_E(max=1.0) | Lam_O(max=0.00) Lam_E(max=0.00)
  [Outer 10/20] Loss (KL=47.1443, Const=33727.3008) | Viol_Order(max=2.00, mean=0.0747) | Viol_Exist(max=2.00, mean=0.9935) | Mu_O(max=10.6) Mu_E(max=10.6) | Lam_O(max=32.01) Lam_E(max=64.03)
  [Outer 20/20] Loss (KL=67.1667, Const=306836.3750) | Viol_Order(max=1.00, mean=0.0705) | Viol_Exist(max=2.00, mean=0.9910) | Mu_O(max=146.2) Mu_E(max=146.2) | Lam_O(max=483.97) Lam_E(max=967.95)

[Projection Start] Batch: 174, Constraints: 30
  [Outer 01/20] Loss (KL=2.6620, Const=1636.7131) | Viol_Order(max=3.00, mean=0.0067) | Viol_Exist(max=2.00, mean=1.7067) | Mu_O(max=1.0) Mu_E(max=1.0) | Lam_O(max=0.00) Lam_E(max=0.00)
  [Outer 10/20] Loss (KL=45.0315, Const=33727.1016) | Viol_Order(max=3.00, mean=0.0716) | Viol_Exist(max=2.00, mean=0.9852) | Mu_O(max=10.6) Mu_E(max=10.6) | Lam_O(max=34.31) Lam_E(max=64.03)
  [Outer 20/20] Loss (KL=64.9375, Const=316984.5625) | Viol_Order(max=1.00, mean=0.0701) | Viol_Exist(max=2.00, mean=0.9902) | Mu_O(max=112.5) Mu_E(max=146.2) | Lam_O(max=373.82) Lam_E(max=967.95)

[Projection Start] Batch: 174, Constraints: 30
  [Outer 01/20] Loss (KL=2.7334, Const=1455.9104) | Viol_Order(max=3.00, mean=0.0113) | Viol_Exist(max=2.00, mean=1.6592) | Mu_O(max=1.0) Mu_E(max=1.0) | Lam_O(max=0.00) Lam_E(max=0.00)
  [Outer 10/20] Loss (KL=43.0008, Const=34356.8281) | Viol_Order(max=2.00, mean=0.0739) | Viol_Exist(max=2.00, mean=0.9887) | Mu_O(max=10.6) Mu_E(max=10.6) | Lam_O(max=32.01) Lam_E(max=64.03)
  [Outer 20/20] Loss (KL=62.0548, Const=322123.8125) | Viol_Order(max=2.00, mean=0.0669) | Viol_Exist(max=2.00, mean=0.9900) | Mu_O(max=146.2) Mu_E(max=146.2) | Lam_O(max=483.97) Lam_E(max=967.95)

[Projection Start] Batch: 174, Constraints: 30
  [Outer 01/20] Loss (KL=2.5676, Const=1455.9966) | Viol_Order(max=3.00, mean=0.0130) | Viol_Exist(max=2.00, mean=1.6232) | Mu_O(max=1.0) Mu_E(max=1.0) | Lam_O(max=0.00) Lam_E(max=0.00)
  [Outer 10/20] Loss (KL=40.8084, Const=35287.5703) | Viol_Order(max=2.00, mean=0.0716) | Viol_Exist(max=2.00, mean=0.9950) | Mu_O(max=10.6) Mu_E(max=10.6) | Lam_O(max=35.00) Lam_E(max=64.03)
  [Outer 20/20] Loss (KL=59.1923, Const=346733.9375) | Viol_Order(max=1.00, mean=0.0659) | Viol_Exist(max=2.00, mean=1.0011) | Mu_O(max=146.2) Mu_E(max=146.2) | Lam_O(max=486.96) Lam_E(max=967.95)

[Projection Start] Batch: 174, Constraints: 30
  [Outer 01/20] Loss (KL=2.3667, Const=1412.6243) | Viol_Order(max=3.00, mean=0.0134) | Viol_Exist(max=2.00, mean=1.6500) | Mu_O(max=1.0) Mu_E(max=1.0) | Lam_O(max=0.00) Lam_E(max=0.00)
  [Outer 10/20] Loss (KL=39.1610, Const=35378.4766) | Viol_Order(max=2.00, mean=0.0705) | Viol_Exist(max=2.00, mean=0.9956) | Mu_O(max=10.6) Mu_E(max=10.6) | Lam_O(max=32.01) Lam_E(max=64.03)
  [Outer 20/20] Loss (KL=57.4643, Const=349361.5000) | Viol_Order(max=1.00, mean=0.0640) | Viol_Exist(max=2.00, mean=0.9960) | Mu_O(max=146.2) Mu_E(max=146.2) | Lam_O(max=483.97) Lam_E(max=967.95)

[Projection Start] Batch: 174, Constraints: 30
  [Outer 01/20] Loss (KL=2.5848, Const=1442.7942) | Viol_Order(max=3.00, mean=0.0167) | Viol_Exist(max=2.00, mean=1.5807) | Mu_O(max=1.0) Mu_E(max=1.0) | Lam_O(max=0.00) Lam_E(max=0.00)
  [Outer 10/20] Loss (KL=37.5249, Const=36010.9414) | Viol_Order(max=1.00, mean=0.0588) | Viol_Exist(max=2.00, mean=0.9992) | Mu_O(max=10.6) Mu_E(max=10.6) | Lam_O(max=34.70) Lam_E(max=64.03)
  [Outer 20/20] Loss (KL=54.4210, Const=363731.6875) | Viol_Order(max=1.00, mean=0.0552) | Viol_Exist(max=2.00, mean=1.0031) | Mu_O(max=146.2) Mu_E(max=146.2) | Lam_O(max=483.97) Lam_E(max=967.95)

[Projection Start] Batch: 174, Constraints: 30
  [Outer 01/20] Loss (KL=2.4389, Const=1311.6052) | Viol_Order(max=3.00, mean=0.0253) | Viol_Exist(max=2.00, mean=1.5178) | Mu_O(max=1.0) Mu_E(max=1.0) | Lam_O(max=0.00) Lam_E(max=0.00)
  [Outer 10/20] Loss (KL=35.5799, Const=35993.0234) | Viol_Order(max=2.00, mean=0.0722) | Viol_Exist(max=2.00, mean=0.9941) | Mu_O(max=10.6) Mu_E(max=10.6) | Lam_O(max=38.20) Lam_E(max=64.03)
  [Outer 20/20] Loss (KL=52.1198, Const=364574.9062) | Viol_Order(max=1.00, mean=0.0655) | Viol_Exist(max=2.00, mean=0.9962) | Mu_O(max=146.2) Mu_E(max=146.2) | Lam_O(max=490.16) Lam_E(max=967.95)

[Projection Start] Batch: 174, Constraints: 30
  [Outer 01/20] Loss (KL=2.2937, Const=1358.9042) | Viol_Order(max=4.00, mean=0.0251) | Viol_Exist(max=2.00, mean=1.5169) | Mu_O(max=1.0) Mu_E(max=1.0) | Lam_O(max=0.00) Lam_E(max=0.00)
  [Outer 10/20] Loss (KL=33.8097, Const=37130.8828) | Viol_Order(max=1.00, mean=0.0672) | Viol_Exist(max=2.00, mean=0.9977) | Mu_O(max=10.6) Mu_E(max=10.6) | Lam_O(max=33.01) Lam_E(max=64.03)
  [Outer 20/20] Loss (KL=50.3475, Const=386843.2500) | Viol_Order(max=1.00, mean=0.0619) | Viol_Exist(max=2.00, mean=0.9987) | Mu_O(max=146.2) Mu_E(max=146.2) | Lam_O(max=483.97) Lam_E(max=967.95)

[Projection Start] Batch: 174, Constraints: 30
  [Outer 01/20] Loss (KL=2.3451, Const=1237.4846) | Viol_Order(max=3.00, mean=0.0255) | Viol_Exist(max=2.00, mean=1.4670) | Mu_O(max=1.0) Mu_E(max=1.0) | Lam_O(max=0.00) Lam_E(max=0.00)
  [Outer 10/20] Loss (KL=31.5171, Const=38196.6562) | Viol_Order(max=2.00, mean=0.0613) | Viol_Exist(max=2.00, mean=1.0015) | Mu_O(max=10.6) Mu_E(max=10.6) | Lam_O(max=32.01) Lam_E(max=64.03)
  [Outer 20/20] Loss (KL=47.9043, Const=408244.6875) | Viol_Order(max=1.00, mean=0.0649) | Viol_Exist(max=2.00, mean=1.0008) | Mu_O(max=146.2) Mu_E(max=146.2) | Lam_O(max=483.97) Lam_E(max=967.95)

[Projection Start] Batch: 174, Constraints: 30
  [Outer 01/20] Loss (KL=2.1171, Const=1350.7705) | Viol_Order(max=7.00, mean=0.0337) | Viol_Exist(max=2.00, mean=1.4282) | Mu_O(max=1.0) Mu_E(max=1.0) | Lam_O(max=0.00) Lam_E(max=0.00)
  [Outer 10/20] Loss (KL=29.2758, Const=41436.1445) | Viol_Order(max=1.00, mean=0.0607) | Viol_Exist(max=2.00, mean=1.0144) | Mu_O(max=10.6) Mu_E(max=10.6) | Lam_O(max=33.72) Lam_E(max=64.03)
  [Outer 20/20] Loss (KL=44.0437, Const=456749.5625) | Viol_Order(max=1.00, mean=0.0594) | Viol_Exist(max=2.00, mean=1.0086) | Mu_O(max=146.2) Mu_E(max=146.2) | Lam_O(max=483.97) Lam_E(max=967.95)

[Projection Start] Batch: 174, Constraints: 30
  [Outer 01/20] Loss (KL=2.0572, Const=1288.9631) | Viol_Order(max=4.00, mean=0.0364) | Viol_Exist(max=2.00, mean=1.4301) | Mu_O(max=1.0) Mu_E(max=1.0) | Lam_O(max=0.00) Lam_E(max=0.00)
  [Outer 10/20] Loss (KL=28.0255, Const=39486.6797) | Viol_Order(max=2.00, mean=0.0615) | Viol_Exist(max=2.00, mean=1.0153) | Mu_O(max=10.6) Mu_E(max=10.6) | Lam_O(max=33.01) Lam_E(max=64.03)
  [Outer 20/20] Loss (KL=41.5705, Const=430223.9375) | Viol_Order(max=1.00, mean=0.0580) | Viol_Exist(max=2.00, mean=1.0169) | Mu_O(max=146.2) Mu_E(max=146.2) | Lam_O(max=484.97) Lam_E(max=967.95)

[Projection Start] Batch: 174, Constraints: 30
  [Outer 01/20] Loss (KL=1.9122, Const=1315.7306) | Viol_Order(max=2.00, mean=0.0356) | Viol_Exist(max=2.00, mean=1.3377) | Mu_O(max=1.0) Mu_E(max=1.0) | Lam_O(max=0.00) Lam_E(max=0.00)
  [Outer 10/20] Loss (KL=25.5423, Const=40834.6016) | Viol_Order(max=2.00, mean=0.0619) | Viol_Exist(max=2.00, mean=1.0157) | Mu_O(max=10.6) Mu_E(max=10.6) | Lam_O(max=36.00) Lam_E(max=64.03)
  [Outer 20/20] Loss (KL=38.7530, Const=459839.3750) | Viol_Order(max=1.00, mean=0.0613) | Viol_Exist(max=2.00, mean=1.0086) | Mu_O(max=146.2) Mu_E(max=146.2) | Lam_O(max=487.96) Lam_E(max=967.95)

[Projection Start] Batch: 174, Constraints: 30
  [Outer 01/20] Loss (KL=1.7884, Const=1231.3641) | Viol_Order(max=4.00, mean=0.0511) | Viol_Exist(max=2.00, mean=1.2759) | Mu_O(max=1.0) Mu_E(max=1.0) | Lam_O(max=0.00) Lam_E(max=0.00)
  [Outer 10/20] Loss (KL=23.4911, Const=41099.3008) | Viol_Order(max=1.00, mean=0.0602) | Viol_Exist(max=2.00, mean=1.0077) | Mu_O(max=10.6) Mu_E(max=10.6) | Lam_O(max=35.01) Lam_E(max=64.03)
  [Outer 20/20] Loss (KL=36.6682, Const=456873.9375) | Viol_Order(max=1.00, mean=0.0561) | Viol_Exist(max=2.00, mean=1.0144) | Mu_O(max=146.2) Mu_E(max=146.2) | Lam_O(max=486.96) Lam_E(max=967.95)

[Projection Start] Batch: 174, Constraints: 30
  [Outer 01/20] Loss (KL=1.7130, Const=1185.4133) | Viol_Order(max=3.00, mean=0.0525) | Viol_Exist(max=2.00, mean=1.2305) | Mu_O(max=1.0) Mu_E(max=1.0) | Lam_O(max=0.00) Lam_E(max=0.00)
  [Outer 10/20] Loss (KL=21.8844, Const=41326.9141) | Viol_Order(max=2.00, mean=0.0640) | Viol_Exist(max=2.00, mean=1.0103) | Mu_O(max=10.6) Mu_E(max=10.6) | Lam_O(max=35.00) Lam_E(max=64.03)
  [Outer 20/20] Loss (KL=33.8778, Const=471817.2500) | Viol_Order(max=2.00, mean=0.0582) | Viol_Exist(max=2.00, mean=1.0165) | Mu_O(max=146.2) Mu_E(max=146.2) | Lam_O(max=486.27) Lam_E(max=967.95)

[Projection Start] Batch: 174, Constraints: 30
  [Outer 01/20] Loss (KL=1.4604, Const=1256.9265) | Viol_Order(max=3.00, mean=0.0489) | Viol_Exist(max=2.00, mean=1.2253) | Mu_O(max=1.0) Mu_E(max=1.0) | Lam_O(max=0.00) Lam_E(max=0.00)
  [Outer 10/20] Loss (KL=20.3147, Const=44759.4688) | Viol_Order(max=1.00, mean=0.0613) | Viol_Exist(max=2.00, mean=1.0140) | Mu_O(max=10.6) Mu_E(max=10.6) | Lam_O(max=32.01) Lam_E(max=64.03)
  [Outer 20/20] Loss (KL=32.6347, Const=540389.3750) | Viol_Order(max=1.00, mean=0.0573) | Viol_Exist(max=2.00, mean=1.0232) | Mu_O(max=146.2) Mu_E(max=146.2) | Lam_O(max=483.97) Lam_E(max=967.95)

[Projection Start] Batch: 174, Constraints: 30
  [Outer 01/20] Loss (KL=1.2710, Const=1229.9719) | Viol_Order(max=3.00, mean=0.0605) | Viol_Exist(max=2.00, mean=1.1910) | Mu_O(max=1.0) Mu_E(max=1.0) | Lam_O(max=0.00) Lam_E(max=0.00)
  [Outer 10/20] Loss (KL=18.2490, Const=45957.7305) | Viol_Order(max=2.00, mean=0.0563) | Viol_Exist(max=2.00, mean=1.0238) | Mu_O(max=10.6) Mu_E(max=10.6) | Lam_O(max=33.01) Lam_E(max=64.03)
  [Outer 20/20] Loss (KL=28.4755, Const=552036.6875) | Viol_Order(max=2.00, mean=0.0490) | Viol_Exist(max=2.00, mean=1.0274) | Mu_O(max=146.2) Mu_E(max=146.2) | Lam_O(max=484.97) Lam_E(max=967.95)

[Projection Start] Batch: 174, Constraints: 30
  [Outer 01/20] Loss (KL=1.2607, Const=1180.0474) | Viol_Order(max=4.00, mean=0.0600) | Viol_Exist(max=2.00, mean=1.1439) | Mu_O(max=1.0) Mu_E(max=1.0) | Lam_O(max=0.00) Lam_E(max=0.00)
  [Outer 10/20] Loss (KL=15.9254, Const=48062.1992) | Viol_Order(max=1.00, mean=0.0489) | Viol_Exist(max=2.00, mean=1.0253) | Mu_O(max=10.6) Mu_E(max=10.6) | Lam_O(max=34.31) Lam_E(max=64.03)
  [Outer 20/20] Loss (KL=24.6526, Const=600601.0625) | Viol_Order(max=1.00, mean=0.0467) | Viol_Exist(max=2.00, mean=1.0335) | Mu_O(max=146.2) Mu_E(max=146.2) | Lam_O(max=486.27) Lam_E(max=967.95)

[Projection Start] Batch: 174, Constraints: 30
  [Outer 01/20] Loss (KL=1.0637, Const=1155.9611) | Viol_Order(max=4.00, mean=0.0674) | Viol_Exist(max=2.00, mean=1.1500) | Mu_O(max=1.0) Mu_E(max=1.0) | Lam_O(max=0.00) Lam_E(max=0.00)
  [Outer 10/20] Loss (KL=14.7529, Const=49429.7695) | Viol_Order(max=1.00, mean=0.0448) | Viol_Exist(max=2.00, mean=1.0289) | Mu_O(max=10.6) Mu_E(max=10.6) | Lam_O(max=35.00) Lam_E(max=64.03)
  [Outer 20/20] Loss (KL=23.7417, Const=628604.0000) | Viol_Order(max=1.00, mean=0.0460) | Viol_Exist(max=2.00, mean=1.0387) | Mu_O(max=146.2) Mu_E(max=146.2) | Lam_O(max=486.96) Lam_E(max=967.95)

[Projection Start] Batch: 174, Constraints: 30
  [Outer 01/20] Loss (KL=0.9367, Const=1130.6724) | Viol_Order(max=5.00, mean=0.0701) | Viol_Exist(max=2.00, mean=1.1215) | Mu_O(max=1.0) Mu_E(max=1.0) | Lam_O(max=0.00) Lam_E(max=0.00)
  [Outer 10/20] Loss (KL=12.3586, Const=51896.6562) | Viol_Order(max=2.00, mean=0.0477) | Viol_Exist(max=2.00, mean=1.0320) | Mu_O(max=10.6) Mu_E(max=10.6) | Lam_O(max=33.01) Lam_E(max=64.03)
  [Outer 20/20] Loss (KL=19.6425, Const=665217.9375) | Viol_Order(max=1.00, mean=0.0458) | Viol_Exist(max=2.00, mean=1.0368) | Mu_O(max=146.2) Mu_E(max=146.2) | Lam_O(max=484.97) Lam_E(max=967.95)

[Projection Start] Batch: 174, Constraints: 30
  [Outer 01/20] Loss (KL=0.7490, Const=1101.6040) | Viol_Order(max=4.00, mean=0.0709) | Viol_Exist(max=2.00, mean=1.0990) | Mu_O(max=1.0) Mu_E(max=1.0) | Lam_O(max=0.00) Lam_E(max=0.00)
  [Outer 10/20] Loss (KL=10.4595, Const=53505.5000) | Viol_Order(max=1.00, mean=0.0504) | Viol_Exist(max=2.00, mean=1.0299) | Mu_O(max=10.6) Mu_E(max=10.6) | Lam_O(max=33.01) Lam_E(max=64.03)
  [Outer 20/20] Loss (KL=16.0370, Const=705273.7500) | Viol_Order(max=2.00, mean=0.0494) | Viol_Exist(max=2.00, mean=1.0356) | Mu_O(max=146.2) Mu_E(max=146.2) | Lam_O(max=483.97) Lam_E(max=967.95)

[Projection Start] Batch: 174, Constraints: 30
  [Outer 01/20] Loss (KL=0.5886, Const=1119.1174) | Viol_Order(max=3.00, mean=0.0759) | Viol_Exist(max=2.00, mean=1.0795) | Mu_O(max=1.0) Mu_E(max=1.0) | Lam_O(max=0.00) Lam_E(max=0.00)
  [Outer 10/20] Loss (KL=9.0390, Const=56788.0156) | Viol_Order(max=1.00, mean=0.0433) | Viol_Exist(max=2.00, mean=1.0496) | Mu_O(max=10.6) Mu_E(max=10.6) | Lam_O(max=36.00) Lam_E(max=64.03)
  [Outer 20/20] Loss (KL=14.5727, Const=767806.2500) | Viol_Order(max=1.00, mean=0.0496) | Viol_Exist(max=2.00, mean=1.0441) | Mu_O(max=146.2) Mu_E(max=146.2) | Lam_O(max=487.96) Lam_E(max=967.95)

[Projection Start] Batch: 174, Constraints: 30
  [Outer 01/20] Loss (KL=0.4380, Const=1107.9512) | Viol_Order(max=5.00, mean=0.0768) | Viol_Exist(max=2.00, mean=1.0764) | Mu_O(max=1.0) Mu_E(max=1.0) | Lam_O(max=0.00) Lam_E(max=0.00)
  [Outer 10/20] Loss (KL=7.3343, Const=60902.3789) | Viol_Order(max=1.00, mean=0.0437) | Viol_Exist(max=2.00, mean=1.0571) | Mu_O(max=10.6) Mu_E(max=10.6) | Lam_O(max=34.31) Lam_E(max=64.03)
  [Outer 20/20] Loss (KL=11.2528, Const=840873.3125) | Viol_Order(max=1.00, mean=0.0464) | Viol_Exist(max=2.00, mean=1.0569) | Mu_O(max=146.2) Mu_E(max=146.2) | Lam_O(max=486.27) Lam_E(max=967.95)

[Projection Start] Batch: 174, Constraints: 30
  [Outer 01/20] Loss (KL=0.3121, Const=1091.5704) | Viol_Order(max=3.00, mean=0.0726) | Viol_Exist(max=2.00, mean=1.0605) | Mu_O(max=1.0) Mu_E(max=1.0) | Lam_O(max=0.00) Lam_E(max=0.00)
  [Outer 10/20] Loss (KL=5.4741, Const=64373.4336) | Viol_Order(max=2.00, mean=0.0425) | Viol_Exist(max=2.00, mean=1.0552) | Mu_O(max=10.6) Mu_E(max=10.6) | Lam_O(max=37.00) Lam_E(max=64.03)
  [Outer 20/20] Loss (KL=9.8665, Const=897847.7500) | Viol_Order(max=1.00, mean=0.0416) | Viol_Exist(max=2.00, mean=1.0577) | Mu_O(max=146.2) Mu_E(max=146.2) | Lam_O(max=488.96) Lam_E(max=967.95)

[Projection Start] Batch: 174, Constraints: 30
  [Outer 01/20] Loss (KL=0.1159, Const=1088.8276) | Viol_Order(max=3.00, mean=0.0692) | Viol_Exist(max=2.00, mean=1.0628) | Mu_O(max=1.0) Mu_E(max=1.0) | Lam_O(max=0.00) Lam_E(max=0.00)
  [Outer 10/20] Loss (KL=3.9329, Const=67677.7656) | Viol_Order(max=1.00, mean=0.0337) | Viol_Exist(max=2.00, mean=1.0653) | Mu_O(max=10.6) Mu_E(max=10.6) | Lam_O(max=34.31) Lam_E(max=64.03)
  [Outer 20/20] Loss (KL=5.7842, Const=968583.0000) | Viol_Order(max=2.00, mean=0.0343) | Viol_Exist(max=2.00, mean=1.0644) | Mu_O(max=146.2) Mu_E(max=146.2) | Lam_O(max=486.27) Lam_E(max=967.95)

[Projection Start] Batch: 174, Constraints: 30
  [Outer 01/20] Loss (KL=0.0005, Const=1097.9980) | Viol_Order(max=4.00, mean=0.0584) | Viol_Exist(max=2.00, mean=1.0556) | Mu_O(max=1.0) Mu_E(max=1.0) | Lam_O(max=0.00) Lam_E(max=0.00)
  [Outer 10/20] Loss (KL=1.5789, Const=76485.2500) | Viol_Order(max=2.00, mean=0.0389) | Viol_Exist(max=2.00, mean=1.0734) | Mu_O(max=10.6) Mu_E(max=10.6) | Lam_O(max=128.06) Lam_E(max=64.03)
  [Outer 20/20] Loss (KL=8.4257, Const=1038902.5625) | Viol_Order(max=2.00, mean=0.0295) | Viol_Exist(max=2.00, mean=1.0812) | Mu_O(max=146.2) Mu_E(max=146.2) | Lam_O(max=581.60) Lam_E(max=967.95)

[Projection Start] Batch: 174, Constraints: 30
  [Outer 01/20] Loss (KL=0.0000, Const=1102.4315) | Viol_Order(max=4.00, mean=0.0477) | Viol_Exist(max=2.00, mean=1.0718) | Mu_O(max=1.0) Mu_E(max=1.0) | Lam_O(max=0.00) Lam_E(max=0.00)
  [Outer 10/20] Loss (KL=1.1993, Const=77369.9453) | Viol_Order(max=2.00, mean=0.0352) | Viol_Exist(max=2.00, mean=1.0770) | Mu_O(max=10.6) Mu_E(max=10.6) | Lam_O(max=71.57) Lam_E(max=64.03)
  [Outer 20/20] Loss (KL=5.6872, Const=1082632.0000) | Viol_Order(max=1.00, mean=0.0226) | Viol_Exist(max=2.00, mean=1.0879) | Mu_O(max=146.2) Mu_E(max=146.2) | Lam_O(max=526.59) Lam_E(max=967.95)

[Projection Start] Batch: 174, Constraints: 30
  [Outer 01/20] Loss (KL=0.0000, Const=1102.6165) | Viol_Order(max=3.00, mean=0.0446) | Viol_Exist(max=2.00, mean=1.0759) | Mu_O(max=1.0) Mu_E(max=1.0) | Lam_O(max=0.00) Lam_E(max=0.00)
  [Outer 10/20] Loss (KL=1.2340, Const=76989.8125) | Viol_Order(max=2.00, mean=0.0310) | Viol_Exist(max=2.00, mean=1.0816) | Mu_O(max=10.6) Mu_E(max=10.6) | Lam_O(max=96.04) Lam_E(max=64.03)
  [Outer 20/20] Loss (KL=5.1257, Const=1086674.8750) | Viol_Order(max=1.00, mean=0.0236) | Viol_Exist(max=2.00, mean=1.0831) | Mu_O(max=146.2) Mu_E(max=146.2) | Lam_O(max=535.64) Lam_E(max=967.95)

[Projection Start] Batch: 174, Constraints: 30
  [Outer 01/20] Loss (KL=0.0000, Const=1050.8573) | Viol_Order(max=3.00, mean=0.0362) | Viol_Exist(max=2.00, mean=1.0713) | Mu_O(max=1.0) Mu_E(max=1.0) | Lam_O(max=0.00) Lam_E(max=0.00)
  [Outer 10/20] Loss (KL=0.8622, Const=74837.4766) | Viol_Order(max=3.00, mean=0.0259) | Viol_Exist(max=2.00, mean=1.0787) | Mu_O(max=10.6) Mu_E(max=10.6) | Lam_O(max=79.73) Lam_E(max=64.03)
  [Outer 20/20] Loss (KL=4.2506, Const=1072154.8750) | Viol_Order(max=1.00, mean=0.0207) | Viol_Exist(max=2.00, mean=1.0826) | Mu_O(max=146.2) Mu_E(max=146.2) | Lam_O(max=531.69) Lam_E(max=967.95)

[Projection Start] Batch: 174, Constraints: 30
  [Outer 01/20] Loss (KL=0.0002, Const=1044.2041) | Viol_Order(max=3.00, mean=0.0308) | Viol_Exist(max=2.00, mean=1.0782) | Mu_O(max=1.0) Mu_E(max=1.0) | Lam_O(max=0.00) Lam_E(max=0.00)
  [Outer 10/20] Loss (KL=0.7746, Const=75339.3516) | Viol_Order(max=2.00, mean=0.0232) | Viol_Exist(max=2.00, mean=1.0833) | Mu_O(max=10.6) Mu_E(max=10.6) | Lam_O(max=64.03) Lam_E(max=64.03)
  [Outer 20/20] Loss (KL=2.3605, Const=1091798.5000) | Viol_Order(max=2.00, mean=0.0207) | Viol_Exist(max=2.00, mean=1.0845) | Mu_O(max=146.2) Mu_E(max=146.2) | Lam_O(max=651.26) Lam_E(max=967.95)

[Projection Start] Batch: 174, Constraints: 30
  [Outer 01/20] Loss (KL=0.0000, Const=1049.7600) | Viol_Order(max=2.00, mean=0.0295) | Viol_Exist(max=2.00, mean=1.0812) | Mu_O(max=1.0) Mu_E(max=1.0) | Lam_O(max=0.00) Lam_E(max=0.00)
  [Outer 10/20] Loss (KL=0.7812, Const=75848.8594) | Viol_Order(max=2.00, mean=0.0220) | Viol_Exist(max=2.00, mean=1.0856) | Mu_O(max=10.6) Mu_E(max=10.6) | Lam_O(max=64.03) Lam_E(max=64.03)
  [Outer 20/20] Loss (KL=3.2236, Const=1094245.0000) | Viol_Order(max=1.00, mean=0.0176) | Viol_Exist(max=2.00, mean=1.0874) | Mu_O(max=146.2) Mu_E(max=146.2) | Lam_O(max=515.99) Lam_E(max=967.95)

[Projection Start] Batch: 174, Constraints: 30
  [Outer 01/20] Loss (KL=0.0000, Const=1037.1556) | Viol_Order(max=3.00, mean=0.0236) | Viol_Exist(max=2.00, mean=1.0843) | Mu_O(max=1.0) Mu_E(max=1.0) | Lam_O(max=0.00) Lam_E(max=0.00)
  [Outer 10/20] Loss (KL=0.3007, Const=76169.2344) | Viol_Order(max=2.00, mean=0.0211) | Viol_Exist(max=2.00, mean=1.0860) | Mu_O(max=10.6) Mu_E(max=10.6) | Lam_O(max=81.61) Lam_E(max=64.03)
  [Outer 20/20] Loss (KL=3.1475, Const=1097894.5000) | Viol_Order(max=2.00, mean=0.0170) | Viol_Exist(max=2.00, mean=1.0868) | Mu_O(max=146.2) Mu_E(max=146.2) | Lam_O(max=558.30) Lam_E(max=967.95)

[Projection Start] Batch: 174, Constraints: 30
  [Outer 01/20] Loss (KL=0.0000, Const=1028.3318) | Viol_Order(max=3.00, mean=0.0239) | Viol_Exist(max=2.00, mean=1.0822) | Mu_O(max=1.0) Mu_E(max=1.0) | Lam_O(max=0.00) Lam_E(max=0.00)
  [Outer 10/20] Loss (KL=0.5099, Const=74911.0000) | Viol_Order(max=2.00, mean=0.0188) | Viol_Exist(max=2.00, mean=1.0851) | Mu_O(max=10.6) Mu_E(max=10.6) | Lam_O(max=64.03) Lam_E(max=64.03)
  [Outer 20/20] Loss (KL=1.4590, Const=1095315.7500) | Viol_Order(max=1.00, mean=0.0172) | Viol_Exist(max=2.00, mean=1.0851) | Mu_O(max=146.2) Mu_E(max=146.2) | Lam_O(max=540.38) Lam_E(max=967.95)

[Projection Start] Batch: 174, Constraints: 30
  [Outer 01/20] Loss (KL=0.0000, Const=1031.5522) | Viol_Order(max=4.00, mean=0.0228) | Viol_Exist(max=2.00, mean=1.0828) | Mu_O(max=1.0) Mu_E(max=1.0) | Lam_O(max=0.00) Lam_E(max=0.00)
  [Outer 10/20] Loss (KL=0.4050, Const=75399.7031) | Viol_Order(max=2.00, mean=0.0186) | Viol_Exist(max=2.00, mean=1.0851) | Mu_O(max=10.6) Mu_E(max=10.6) | Lam_O(max=64.03) Lam_E(max=64.03)
  [Outer 20/20] Loss (KL=1.5967, Const=1104958.2500) | Viol_Order(max=2.00, mean=0.0167) | Viol_Exist(max=2.00, mean=1.0868) | Mu_O(max=146.2) Mu_E(max=146.2) | Lam_O(max=526.59) Lam_E(max=967.95)

[Projection Start] Batch: 174, Constraints: 30
  [Outer 01/20] Loss (KL=0.0000, Const=1030.6737) | Viol_Order(max=4.00, mean=0.0218) | Viol_Exist(max=2.00, mean=1.0835) | Mu_O(max=1.0) Mu_E(max=1.0) | Lam_O(max=0.00) Lam_E(max=0.00)
  [Outer 10/20] Loss (KL=0.2480, Const=75527.3281) | Viol_Order(max=2.00, mean=0.0174) | Viol_Exist(max=2.00, mean=1.0870) | Mu_O(max=10.6) Mu_E(max=10.6) | Lam_O(max=64.03) Lam_E(max=64.03)
  [Outer 20/20] Loss (KL=1.3355, Const=1110083.2500) | Viol_Order(max=3.00, mean=0.0169) | Viol_Exist(max=2.00, mean=1.0872) | Mu_O(max=146.2) Mu_E(max=146.2) | Lam_O(max=540.38) Lam_E(max=967.95)

[Projection Start] Batch: 174, Constraints: 30
  [Outer 01/20] Loss (KL=0.0000, Const=1028.9894) | Viol_Order(max=3.00, mean=0.0216) | Viol_Exist(max=2.00, mean=1.0830) | Mu_O(max=1.0) Mu_E(max=1.0) | Lam_O(max=0.00) Lam_E(max=0.00)
  [Outer 10/20] Loss (KL=0.2807, Const=75513.0547) | Viol_Order(max=2.00, mean=0.0178) | Viol_Exist(max=2.00, mean=1.0852) | Mu_O(max=10.6) Mu_E(max=10.6) | Lam_O(max=64.92) Lam_E(max=64.03)
  [Outer 20/20] Loss (KL=1.4537, Const=1105401.2500) | Viol_Order(max=2.00, mean=0.0159) | Viol_Exist(max=2.00, mean=1.0868) | Mu_O(max=146.2) Mu_E(max=146.2) | Lam_O(max=558.30) Lam_E(max=967.95)

[Projection Start] Batch: 174, Constraints: 30
  [Outer 01/20] Loss (KL=0.0000, Const=1039.3870) | Viol_Order(max=4.00, mean=0.0209) | Viol_Exist(max=2.00, mean=1.0854) | Mu_O(max=1.0) Mu_E(max=1.0) | Lam_O(max=0.00) Lam_E(max=0.00)
  [Outer 10/20] Loss (KL=0.3621, Const=75732.3047) | Viol_Order(max=2.00, mean=0.0161) | Viol_Exist(max=2.00, mean=1.0881) | Mu_O(max=10.6) Mu_E(max=10.6) | Lam_O(max=81.38) Lam_E(max=64.03)
  [Outer 20/20] Loss (KL=1.1459, Const=1110675.7500) | Viol_Order(max=1.00, mean=0.0149) | Viol_Exist(max=2.00, mean=1.0879) | Mu_O(max=146.2) Mu_E(max=146.2) | Lam_O(max=493.02) Lam_E(max=967.95)

[Projection Start] Batch: 174, Constraints: 30
  [Outer 01/20] Loss (KL=0.0000, Const=1018.2864) | Viol_Order(max=2.00, mean=0.0188) | Viol_Exist(max=2.00, mean=1.0843) | Mu_O(max=1.0) Mu_E(max=1.0) | Lam_O(max=0.00) Lam_E(max=0.00)
  [Outer 10/20] Loss (KL=0.1548, Const=75447.5547) | Viol_Order(max=2.00, mean=0.0169) | Viol_Exist(max=2.00, mean=1.0858) | Mu_O(max=10.6) Mu_E(max=10.6) | Lam_O(max=64.03) Lam_E(max=64.03)
  [Outer 20/20] Loss (KL=1.0960, Const=1110224.5000) | Viol_Order(max=1.00, mean=0.0149) | Viol_Exist(max=2.00, mean=1.0868) | Mu_O(max=146.2) Mu_E(max=146.2) | Lam_O(max=483.97) Lam_E(max=967.95)

[Projection Start] Batch: 174, Constraints: 30
  [Outer 01/20] Loss (KL=0.0000, Const=1025.6326) | Viol_Order(max=3.00, mean=0.0192) | Viol_Exist(max=2.00, mean=1.0845) | Mu_O(max=1.0) Mu_E(max=1.0) | Lam_O(max=0.00) Lam_E(max=0.00)
  [Outer 10/20] Loss (KL=0.1130, Const=75350.4531) | Viol_Order(max=2.00, mean=0.0174) | Viol_Exist(max=2.00, mean=1.0852) | Mu_O(max=10.6) Mu_E(max=10.6) | Lam_O(max=64.03) Lam_E(max=64.03)
  [Outer 20/20] Loss (KL=2.1432, Const=1101491.7500) | Viol_Order(max=2.00, mean=0.0148) | Viol_Exist(max=2.00, mean=1.0866) | Mu_O(max=146.2) Mu_E(max=146.2) | Lam_O(max=526.59) Lam_E(max=967.95)

[Projection Start] Batch: 174, Constraints: 30
  [Outer 01/20] Loss (KL=0.0000, Const=1018.5316) | Viol_Order(max=3.00, mean=0.0167) | Viol_Exist(max=2.00, mean=1.0856) | Mu_O(max=1.0) Mu_E(max=1.0) | Lam_O(max=0.00) Lam_E(max=0.00)
  [Outer 10/20] Loss (KL=0.1420, Const=75342.6562) | Viol_Order(max=2.00, mean=0.0151) | Viol_Exist(max=2.00, mean=1.0870) | Mu_O(max=10.6) Mu_E(max=10.6) | Lam_O(max=71.57) Lam_E(max=64.03)
  [Outer 20/20] Loss (KL=1.1162, Const=1111919.1250) | Viol_Order(max=1.00, mean=0.0130) | Viol_Exist(max=2.00, mean=1.0883) | Mu_O(max=146.2) Mu_E(max=146.2) | Lam_O(max=483.97) Lam_E(max=967.95)

[Projection Start] Batch: 174, Constraints: 30
  [Outer 01/20] Loss (KL=0.0006, Const=1020.7043) | Viol_Order(max=3.00, mean=0.0157) | Viol_Exist(max=2.00, mean=1.0883) | Mu_O(max=1.0) Mu_E(max=1.0) | Lam_O(max=0.00) Lam_E(max=0.00)
  [Outer 10/20] Loss (KL=0.1144, Const=75518.4844) | Viol_Order(max=2.00, mean=0.0144) | Viol_Exist(max=2.00, mean=1.0883) | Mu_O(max=10.6) Mu_E(max=10.6) | Lam_O(max=64.03) Lam_E(max=64.03)
  [Outer 20/20] Loss (KL=0.9523, Const=1111822.7500) | Viol_Order(max=1.00, mean=0.0144) | Viol_Exist(max=2.00, mean=1.0868) | Mu_O(max=146.2) Mu_E(max=146.2) | Lam_O(max=483.97) Lam_E(max=967.95)

[Projection Start] Batch: 174, Constraints: 30
  [Outer 01/20] Loss (KL=0.0000, Const=1023.8633) | Viol_Order(max=3.00, mean=0.0174) | Viol_Exist(max=2.00, mean=1.0860) | Mu_O(max=1.0) Mu_E(max=1.0) | Lam_O(max=0.00) Lam_E(max=0.00)
  [Outer 10/20] Loss (KL=0.1330, Const=75931.0938) | Viol_Order(max=3.00, mean=0.0149) | Viol_Exist(max=2.00, mean=1.0881) | Mu_O(max=10.6) Mu_E(max=10.6) | Lam_O(max=96.04) Lam_E(max=64.03)
  [Outer 20/20] Loss (KL=0.9298, Const=1113638.2500) | Viol_Order(max=1.00, mean=0.0140) | Viol_Exist(max=2.00, mean=1.0877) | Mu_O(max=146.2) Mu_E(max=146.2) | Lam_O(max=540.38) Lam_E(max=967.95)

[Projection Start] Batch: 174, Constraints: 30
  [Outer 01/20] Loss (KL=0.0000, Const=1028.2158) | Viol_Order(max=3.00, mean=0.0180) | Viol_Exist(max=2.00, mean=1.0866) | Mu_O(max=1.0) Mu_E(max=1.0) | Lam_O(max=0.00) Lam_E(max=0.00)
  [Outer 10/20] Loss (KL=0.1990, Const=75539.0312) | Viol_Order(max=2.00, mean=0.0149) | Viol_Exist(max=2.00, mean=1.0874) | Mu_O(max=10.6) Mu_E(max=10.6) | Lam_O(max=64.03) Lam_E(max=64.03)
  [Outer 20/20] Loss (KL=0.8657, Const=1117250.2500) | Viol_Order(max=1.00, mean=0.0121) | Viol_Exist(max=2.00, mean=1.0912) | Mu_O(max=146.2) Mu_E(max=146.2) | Lam_O(max=558.30) Lam_E(max=967.95)

[Projection Start] Batch: 174, Constraints: 30
  [Outer 01/20] Loss (KL=0.0000, Const=1018.0439) | Viol_Order(max=3.00, mean=0.0155) | Viol_Exist(max=2.00, mean=1.0862) | Mu_O(max=1.0) Mu_E(max=1.0) | Lam_O(max=0.00) Lam_E(max=0.00)
  [Outer 10/20] Loss (KL=0.1161, Const=75223.7656) | Viol_Order(max=1.00, mean=0.0136) | Viol_Exist(max=2.00, mean=1.0874) | Mu_O(max=10.6) Mu_E(max=10.6) | Lam_O(max=64.03) Lam_E(max=64.03)
  [Outer 20/20] Loss (KL=0.5263, Const=1117938.8750) | Viol_Order(max=1.00, mean=0.0123) | Viol_Exist(max=2.00, mean=1.0889) | Mu_O(max=146.2) Mu_E(max=146.2) | Lam_O(max=483.97) Lam_E(max=967.95)

[Projection Start] Batch: 174, Constraints: 30
  [Outer 01/20] Loss (KL=0.0000, Const=1015.8875) | Viol_Order(max=2.00, mean=0.0138) | Viol_Exist(max=2.00, mean=1.0889) | Mu_O(max=1.0) Mu_E(max=1.0) | Lam_O(max=0.00) Lam_E(max=0.00)
  [Outer 10/20] Loss (KL=0.0395, Const=75616.8125) | Viol_Order(max=2.00, mean=0.0132) | Viol_Exist(max=2.00, mean=1.0889) | Mu_O(max=10.6) Mu_E(max=10.6) | Lam_O(max=64.03) Lam_E(max=64.03)
  [Outer 20/20] Loss (KL=0.4120, Const=1121784.2500) | Viol_Order(max=1.00, mean=0.0128) | Viol_Exist(max=2.00, mean=1.0877) | Mu_O(max=146.2) Mu_E(max=146.2) | Lam_O(max=483.97) Lam_E(max=967.95)

[Projection Start] Batch: 174, Constraints: 30
  [Outer 01/20] Loss (KL=0.0000, Const=1015.8239) | Viol_Order(max=2.00, mean=0.0149) | Viol_Exist(max=2.00, mean=1.0868) | Mu_O(max=1.0) Mu_E(max=1.0) | Lam_O(max=0.00) Lam_E(max=0.00)
  [Outer 10/20] Loss (KL=0.1428, Const=75467.4453) | Viol_Order(max=2.00, mean=0.0140) | Viol_Exist(max=2.00, mean=1.0868) | Mu_O(max=10.6) Mu_E(max=10.6) | Lam_O(max=64.03) Lam_E(max=64.03)
  [Outer 20/20] Loss (KL=1.6508, Const=1114989.5000) | Viol_Order(max=1.00, mean=0.0121) | Viol_Exist(max=2.00, mean=1.0904) | Mu_O(max=146.2) Mu_E(max=146.2) | Lam_O(max=558.30) Lam_E(max=967.95)

[Projection Start] Batch: 174, Constraints: 30
  [Outer 01/20] Loss (KL=0.0000, Const=1020.7933) | Viol_Order(max=2.00, mean=0.0142) | Viol_Exist(max=2.00, mean=1.0904) | Mu_O(max=1.0) Mu_E(max=1.0) | Lam_O(max=0.00) Lam_E(max=0.00)
  [Outer 10/20] Loss (KL=0.1148, Const=75824.7656) | Viol_Order(max=1.00, mean=0.0128) | Viol_Exist(max=2.00, mean=1.0904) | Mu_O(max=10.6) Mu_E(max=10.6) | Lam_O(max=35.17) Lam_E(max=64.03)
  [Outer 20/20] Loss (KL=0.7522, Const=1125994.2500) | Viol_Order(max=1.00, mean=0.0125) | Viol_Exist(max=2.00, mean=1.0904) | Mu_O(max=146.2) Mu_E(max=146.2) | Lam_O(max=483.97) Lam_E(max=967.95)

[Projection Start] Batch: 174, Constraints: 30
  [Outer 01/20] Loss (KL=0.0000, Const=1017.9210) | Viol_Order(max=1.00, mean=0.0134) | Viol_Exist(max=2.00, mean=1.0904) | Mu_O(max=1.0) Mu_E(max=1.0) | Lam_O(max=0.00) Lam_E(max=0.00)
  [Outer 10/20] Loss (KL=0.0793, Const=75734.0859) | Viol_Order(max=1.00, mean=0.0123) | Viol_Exist(max=2.00, mean=1.0914) | Mu_O(max=10.6) Mu_E(max=10.6) | Lam_O(max=32.01) Lam_E(max=64.03)
  [Outer 20/20] Loss (KL=1.9844, Const=1114432.5000) | Viol_Order(max=1.00, mean=0.0126) | Viol_Exist(max=2.00, mean=1.0898) | Mu_O(max=146.2) Mu_E(max=146.2) | Lam_O(max=483.97) Lam_E(max=967.95)

[Projection Start] Batch: 174, Constraints: 30
  [Outer 01/20] Loss (KL=0.0000, Const=1013.4783) | Viol_Order(max=2.00, mean=0.0136) | Viol_Exist(max=2.00, mean=1.0891) | Mu_O(max=1.0) Mu_E(max=1.0) | Lam_O(max=0.00) Lam_E(max=0.00)
  [Outer 10/20] Loss (KL=0.0382, Const=75501.5391) | Viol_Order(max=1.00, mean=0.0134) | Viol_Exist(max=2.00, mean=1.0891) | Mu_O(max=10.6) Mu_E(max=10.6) | Lam_O(max=44.77) Lam_E(max=64.03)
  [Outer 20/20] Loss (KL=0.6376, Const=1117250.7500) | Viol_Order(max=1.00, mean=0.0130) | Viol_Exist(max=2.00, mean=1.0908) | Mu_O(max=146.2) Mu_E(max=146.2) | Lam_O(max=496.73) Lam_E(max=967.95)

[Projection Start] Batch: 174, Constraints: 30
  [Outer 01/20] Loss (KL=0.0000, Const=1018.7102) | Viol_Order(max=1.00, mean=0.0146) | Viol_Exist(max=2.00, mean=1.0902) | Mu_O(max=1.0) Mu_E(max=1.0) | Lam_O(max=0.00) Lam_E(max=0.00)
  [Outer 10/20] Loss (KL=0.0349, Const=75788.0938) | Viol_Order(max=1.00, mean=0.0132) | Viol_Exist(max=2.00, mean=1.0912) | Mu_O(max=10.6) Mu_E(max=10.6) | Lam_O(max=32.01) Lam_E(max=64.03)
  [Outer 20/20] Loss (KL=0.4515, Const=1124464.7500) | Viol_Order(max=1.00, mean=0.0134) | Viol_Exist(max=2.00, mean=1.0900) | Mu_O(max=146.2) Mu_E(max=146.2) | Lam_O(max=483.97) Lam_E(max=967.95)

[Projection Start] Batch: 174, Constraints: 30
  [Outer 01/20] Loss (KL=0.0000, Const=1016.9225) | Viol_Order(max=1.00, mean=0.0140) | Viol_Exist(max=2.00, mean=1.0900) | Mu_O(max=1.0) Mu_E(max=1.0) | Lam_O(max=0.00) Lam_E(max=0.00)
  [Outer 10/20] Loss (KL=0.0005, Const=75808.9531) | Viol_Order(max=1.00, mean=0.0140) | Viol_Exist(max=2.00, mean=1.0900) | Mu_O(max=10.6) Mu_E(max=10.6) | Lam_O(max=32.01) Lam_E(max=64.03)
  [Outer 20/20] Loss (KL=0.5256, Const=1118920.2500) | Viol_Order(max=1.00, mean=0.0136) | Viol_Exist(max=2.00, mean=1.0895) | Mu_O(max=146.2) Mu_E(max=146.2) | Lam_O(max=483.97) Lam_E(max=967.95)

[Projection Start] Batch: 174, Constraints: 30
  [Outer 01/20] Loss (KL=0.0000, Const=1015.4996) | Viol_Order(max=1.00, mean=0.0142) | Viol_Exist(max=2.00, mean=1.0891) | Mu_O(max=1.0) Mu_E(max=1.0) | Lam_O(max=0.00) Lam_E(max=0.00)
  [Outer 10/20] Loss (KL=0.0000, Const=75757.8516) | Viol_Order(max=1.00, mean=0.0142) | Viol_Exist(max=2.00, mean=1.0891) | Mu_O(max=10.6) Mu_E(max=10.6) | Lam_O(max=32.01) Lam_E(max=64.03)
  [Outer 20/20] Loss (KL=0.7980, Const=1121786.1250) | Viol_Order(max=1.00, mean=0.0128) | Viol_Exist(max=2.00, mean=1.0904) | Mu_O(max=146.2) Mu_E(max=146.2) | Lam_O(max=483.97) Lam_E(max=967.95)

[Projection Start] Batch: 174, Constraints: 30
  [Outer 01/20] Loss (KL=0.0000, Const=1015.0988) | Viol_Order(max=1.00, mean=0.0142) | Viol_Exist(max=2.00, mean=1.0889) | Mu_O(max=1.0) Mu_E(max=1.0) | Lam_O(max=0.00) Lam_E(max=0.00)
  [Outer 10/20] Loss (KL=0.0887, Const=75487.8516) | Viol_Order(max=1.00, mean=0.0128) | Viol_Exist(max=2.00, mean=1.0898) | Mu_O(max=10.6) Mu_E(max=10.6) | Lam_O(max=32.01) Lam_E(max=64.03)
  [Outer 20/20] Loss (KL=0.3545, Const=1122519.1250) | Viol_Order(max=1.00, mean=0.0128) | Viol_Exist(max=2.00, mean=1.0904) | Mu_O(max=146.2) Mu_E(max=146.2) | Lam_O(max=483.97) Lam_E(max=967.95)

[Projection Start] Batch: 174, Constraints: 30
  [Outer 01/20] Loss (KL=0.0000, Const=1017.5649) | Viol_Order(max=1.00, mean=0.0146) | Viol_Exist(max=2.00, mean=1.0897) | Mu_O(max=1.0) Mu_E(max=1.0) | Lam_O(max=0.00) Lam_E(max=0.00)
  [Outer 10/20] Loss (KL=0.0771, Const=75552.0156) | Viol_Order(max=1.00, mean=0.0128) | Viol_Exist(max=2.00, mean=1.0904) | Mu_O(max=10.6) Mu_E(max=10.6) | Lam_O(max=32.01) Lam_E(max=64.03)
  [Outer 20/20] Loss (KL=0.5729, Const=1122786.0000) | Viol_Order(max=3.00, mean=0.0148) | Viol_Exist(max=2.00, mean=1.0904) | Mu_O(max=146.2) Mu_E(max=146.2) | Lam_O(max=483.97) Lam_E(max=967.95)

[Projection Start] Batch: 174, Constraints: 30
  [Outer 01/20] Loss (KL=0.0000, Const=1030.9167) | Viol_Order(max=3.00, mean=0.0153) | Viol_Exist(max=2.00, mean=1.0904) | Mu_O(max=1.0) Mu_E(max=1.0) | Lam_O(max=0.00) Lam_E(max=0.00)
  [Outer 10/20] Loss (KL=0.0589, Const=76209.5234) | Viol_Order(max=3.00, mean=0.0142) | Viol_Exist(max=2.00, mean=1.0898) | Mu_O(max=10.6) Mu_E(max=10.6) | Lam_O(max=96.04) Lam_E(max=64.03)
  [Outer 20/20] Loss (KL=0.6711, Const=1119679.5000) | Viol_Order(max=1.00, mean=0.0128) | Viol_Exist(max=2.00, mean=1.0904) | Mu_O(max=146.2) Mu_E(max=146.2) | Lam_O(max=483.97) Lam_E(max=967.95)

[Projection Start] Batch: 174, Constraints: 30
  [Outer 01/20] Loss (KL=0.0000, Const=1014.1924) | Viol_Order(max=1.00, mean=0.0130) | Viol_Exist(max=2.00, mean=1.0898) | Mu_O(max=1.0) Mu_E(max=1.0) | Lam_O(max=0.00) Lam_E(max=0.00)
  [Outer 10/20] Loss (KL=0.0216, Const=75563.2422) | Viol_Order(max=1.00, mean=0.0134) | Viol_Exist(max=2.00, mean=1.0893) | Mu_O(max=10.6) Mu_E(max=10.6) | Lam_O(max=32.01) Lam_E(max=64.03)
  [Outer 20/20] Loss (KL=0.9993, Const=1116752.8750) | Viol_Order(max=2.00, mean=0.0138) | Viol_Exist(max=2.00, mean=1.0889) | Mu_O(max=146.2) Mu_E(max=146.2) | Lam_O(max=483.97) Lam_E(max=967.95)

[Projection Start] Batch: 174, Constraints: 30
  [Outer 01/20] Loss (KL=0.0000, Const=1015.7927) | Viol_Order(max=2.00, mean=0.0142) | Viol_Exist(max=2.00, mean=1.0883) | Mu_O(max=1.0) Mu_E(max=1.0) | Lam_O(max=0.00) Lam_E(max=0.00)
  [Outer 10/20] Loss (KL=0.0873, Const=75495.9922) | Viol_Order(max=1.00, mean=0.0128) | Viol_Exist(max=2.00, mean=1.0900) | Mu_O(max=10.6) Mu_E(max=10.6) | Lam_O(max=64.03) Lam_E(max=64.03)
  [Outer 20/20] Loss (KL=1.0016, Const=1118770.2500) | Viol_Order(max=1.00, mean=0.0128) | Viol_Exist(max=2.00, mean=1.0902) | Mu_O(max=146.2) Mu_E(max=146.2) | Lam_O(max=483.97) Lam_E(max=967.95)

[Projection Start] Batch: 174, Constraints: 30
  [Outer 01/20] Loss (KL=0.0000, Const=1012.7214) | Viol_Order(max=1.00, mean=0.0140) | Viol_Exist(max=2.00, mean=1.0881) | Mu_O(max=1.0) Mu_E(max=1.0) | Lam_O(max=0.00) Lam_E(max=0.00)
  [Outer 10/20] Loss (KL=0.0579, Const=75389.2891) | Viol_Order(max=1.00, mean=0.0132) | Viol_Exist(max=2.00, mean=1.0885) | Mu_O(max=10.6) Mu_E(max=10.6) | Lam_O(max=32.01) Lam_E(max=64.03)
  [Outer 20/20] Loss (KL=1.2825, Const=1107264.0000) | Viol_Order(max=3.00, mean=0.0144) | Viol_Exist(max=2.00, mean=1.0862) | Mu_O(max=146.2) Mu_E(max=146.2) | Lam_O(max=483.97) Lam_E(max=967.95)

[Projection Start] Batch: 174, Constraints: 30
  [Outer 01/20] Loss (KL=0.0000, Const=1014.0856) | Viol_Order(max=3.00, mean=0.0149) | Viol_Exist(max=2.00, mean=1.0856) | Mu_O(max=1.0) Mu_E(max=1.0) | Lam_O(max=0.00) Lam_E(max=0.00)
  [Outer 10/20] Loss (KL=0.1358, Const=75193.0000) | Viol_Order(max=2.00, mean=0.0136) | Viol_Exist(max=2.00, mean=1.0874) | Mu_O(max=10.6) Mu_E(max=10.6) | Lam_O(max=96.04) Lam_E(max=64.03)
  [Outer 20/20] Loss (KL=0.7463, Const=1111663.2500) | Viol_Order(max=2.00, mean=0.0126) | Viol_Exist(max=2.00, mean=1.0887) | Mu_O(max=146.2) Mu_E(max=146.2) | Lam_O(max=581.60) Lam_E(max=967.95)

[Projection Start] Batch: 174, Constraints: 30
  [Outer 01/20] Loss (KL=0.0000, Const=1016.7300) | Viol_Order(max=2.00, mean=0.0138) | Viol_Exist(max=2.00, mean=1.0881) | Mu_O(max=1.0) Mu_E(max=1.0) | Lam_O(max=0.00) Lam_E(max=0.00)
  [Outer 10/20] Loss (KL=0.0374, Const=75781.6641) | Viol_Order(max=2.00, mean=0.0136) | Viol_Exist(max=2.00, mean=1.0881) | Mu_O(max=10.6) Mu_E(max=10.6) | Lam_O(max=64.03) Lam_E(max=64.03)
  [Outer 20/20] Loss (KL=0.3799, Const=1121883.0000) | Viol_Order(max=1.00, mean=0.0123) | Viol_Exist(max=2.00, mean=1.0893) | Mu_O(max=146.2) Mu_E(max=146.2) | Lam_O(max=515.99) Lam_E(max=967.95)

[Projection Start] Batch: 174, Constraints: 30
  [Outer 01/20] Loss (KL=0.0000, Const=1013.6896) | Viol_Order(max=1.00, mean=0.0134) | Viol_Exist(max=2.00, mean=1.0881) | Mu_O(max=1.0) Mu_E(max=1.0) | Lam_O(max=0.00) Lam_E(max=0.00)
  [Outer 10/20] Loss (KL=0.0099, Const=75560.8906) | Viol_Order(max=1.00, mean=0.0130) | Viol_Exist(max=2.00, mean=1.0887) | Mu_O(max=10.6) Mu_E(max=10.6) | Lam_O(max=32.01) Lam_E(max=64.03)
  [Outer 20/20] Loss (KL=0.4331, Const=1121633.8750) | Viol_Order(max=2.00, mean=0.0130) | Viol_Exist(max=2.00, mean=1.0887) | Mu_O(max=146.2) Mu_E(max=146.2) | Lam_O(max=483.97) Lam_E(max=967.95)

[Projection Start] Batch: 174, Constraints: 30
  [Outer 01/20] Loss (KL=0.0000, Const=1015.9088) | Viol_Order(max=2.00, mean=0.0140) | Viol_Exist(max=2.00, mean=1.0877) | Mu_O(max=1.0) Mu_E(max=1.0) | Lam_O(max=0.00) Lam_E(max=0.00)
  [Outer 10/20] Loss (KL=0.0551, Const=75602.6250) | Viol_Order(max=2.00, mean=0.0130) | Viol_Exist(max=2.00, mean=1.0887) | Mu_O(max=10.6) Mu_E(max=10.6) | Lam_O(max=64.03) Lam_E(max=64.03)
  [Outer 20/20] Loss (KL=0.5156, Const=1111595.6250) | Viol_Order(max=3.00, mean=0.0132) | Viol_Exist(max=2.00, mean=1.0874) | Mu_O(max=146.2) Mu_E(max=146.2) | Lam_O(max=501.56) Lam_E(max=967.95)

[Projection Start] Batch: 174, Constraints: 30
  [Outer 01/20] Loss (KL=0.0000, Const=1015.3636) | Viol_Order(max=3.00, mean=0.0149) | Viol_Exist(max=2.00, mean=1.0866) | Mu_O(max=1.0) Mu_E(max=1.0) | Lam_O(max=0.00) Lam_E(max=0.00)
  [Outer 10/20] Loss (KL=0.0976, Const=75419.4766) | Viol_Order(max=2.00, mean=0.0140) | Viol_Exist(max=2.00, mean=1.0866) | Mu_O(max=10.6) Mu_E(max=10.6) | Lam_O(max=87.89) Lam_E(max=64.03)
  [Outer 20/20] Loss (KL=0.5171, Const=1116798.6250) | Viol_Order(max=1.00, mean=0.0115) | Viol_Exist(max=2.00, mean=1.0895) | Mu_O(max=146.2) Mu_E(max=146.2) | Lam_O(max=483.97) Lam_E(max=967.95)

[Projection Start] Batch: 174, Constraints: 30
  [Outer 01/20] Loss (KL=0.0062, Const=1013.0499) | Viol_Order(max=2.00, mean=0.0128) | Viol_Exist(max=2.00, mean=1.0885) | Mu_O(max=1.0) Mu_E(max=1.0) | Lam_O(max=0.00) Lam_E(max=0.00)
  [Outer 10/20] Loss (KL=0.0944, Const=75344.3906) | Viol_Order(max=2.00, mean=0.0128) | Viol_Exist(max=2.00, mean=1.0885) | Mu_O(max=10.6) Mu_E(max=10.6) | Lam_O(max=64.03) Lam_E(max=64.03)
  [Outer 20/20] Loss (KL=0.6227, Const=1114296.2500) | Viol_Order(max=1.00, mean=0.0121) | Viol_Exist(max=2.00, mean=1.0877) | Mu_O(max=146.2) Mu_E(max=146.2) | Lam_O(max=483.97) Lam_E(max=967.95)

[Projection Start] Batch: 174, Constraints: 30
  [Outer 01/20] Loss (KL=0.0000, Const=1011.0731) | Viol_Order(max=2.00, mean=0.0132) | Viol_Exist(max=2.00, mean=1.0874) | Mu_O(max=1.0) Mu_E(max=1.0) | Lam_O(max=0.00) Lam_E(max=0.00)
  [Outer 10/20] Loss (KL=0.0600, Const=75161.1719) | Viol_Order(max=1.00, mean=0.0126) | Viol_Exist(max=2.00, mean=1.0872) | Mu_O(max=10.6) Mu_E(max=10.6) | Lam_O(max=64.03) Lam_E(max=64.03)
  [Outer 20/20] Loss (KL=1.2231, Const=1115335.3750) | Viol_Order(max=1.00, mean=0.0119) | Viol_Exist(max=2.00, mean=1.0885) | Mu_O(max=146.2) Mu_E(max=146.2) | Lam_O(max=483.97) Lam_E(max=967.95)

[Projection Start] Batch: 174, Constraints: 30
  [Outer 01/20] Loss (KL=0.0000, Const=1009.5594) | Viol_Order(max=1.00, mean=0.0121) | Viol_Exist(max=2.00, mean=1.0877) | Mu_O(max=1.0) Mu_E(max=1.0) | Lam_O(max=0.00) Lam_E(max=0.00)
  [Outer 10/20] Loss (KL=0.0001, Const=75316.6172) | Viol_Order(max=1.00, mean=0.0121) | Viol_Exist(max=2.00, mean=1.0877) | Mu_O(max=10.6) Mu_E(max=10.6) | Lam_O(max=32.01) Lam_E(max=64.03)
  [Outer 20/20] Loss (KL=0.0986, Const=1121727.0000) | Viol_Order(max=1.00, mean=0.0117) | Viol_Exist(max=2.00, mean=1.0885) | Mu_O(max=146.2) Mu_E(max=146.2) | Lam_O(max=483.97) Lam_E(max=967.95)

[Projection Start] Batch: 174, Constraints: 30
  [Outer 01/20] Loss (KL=0.0000, Const=1011.6155) | Viol_Order(max=1.00, mean=0.0123) | Viol_Exist(max=2.00, mean=1.0885) | Mu_O(max=1.0) Mu_E(max=1.0) | Lam_O(max=0.00) Lam_E(max=0.00)
  [Outer 10/20] Loss (KL=0.0001, Const=75472.5781) | Viol_Order(max=1.00, mean=0.0123) | Viol_Exist(max=2.00, mean=1.0885) | Mu_O(max=10.6) Mu_E(max=10.6) | Lam_O(max=32.01) Lam_E(max=64.03)
  [Outer 20/20] Loss (KL=0.7842, Const=1117760.0000) | Viol_Order(max=2.00, mean=0.0115) | Viol_Exist(max=2.00, mean=1.0887) | Mu_O(max=146.2) Mu_E(max=146.2) | Lam_O(max=483.97) Lam_E(max=967.95)

[Projection Start] Batch: 174, Constraints: 30
  [Outer 01/20] Loss (KL=0.0000, Const=1014.0401) | Viol_Order(max=2.00, mean=0.0125) | Viol_Exist(max=2.00, mean=1.0881) | Mu_O(max=1.0) Mu_E(max=1.0) | Lam_O(max=0.00) Lam_E(max=0.00)
  [Outer 10/20] Loss (KL=0.0017, Const=75643.6094) | Viol_Order(max=2.00, mean=0.0125) | Viol_Exist(max=2.00, mean=1.0881) | Mu_O(max=10.6) Mu_E(max=10.6) | Lam_O(max=64.03) Lam_E(max=64.03)
  [Outer 20/20] Loss (KL=0.8492, Const=1119558.0000) | Viol_Order(max=1.00, mean=0.0109) | Viol_Exist(max=2.00, mean=1.0885) | Mu_O(max=146.2) Mu_E(max=146.2) | Lam_O(max=581.60) Lam_E(max=967.95)

[Projection Start] Batch: 174, Constraints: 30
  [Outer 01/20] Loss (KL=0.0000, Const=1007.6525) | Viol_Order(max=2.00, mean=0.0123) | Viol_Exist(max=2.00, mean=1.0864) | Mu_O(max=1.0) Mu_E(max=1.0) | Lam_O(max=0.00) Lam_E(max=0.00)
  [Outer 10/20] Loss (KL=0.0715, Const=75016.8906) | Viol_Order(max=2.00, mean=0.0121) | Viol_Exist(max=2.00, mean=1.0864) | Mu_O(max=10.6) Mu_E(max=10.6) | Lam_O(max=64.03) Lam_E(max=64.03)
  [Outer 20/20] Loss (KL=0.5397, Const=1112773.7500) | Viol_Order(max=1.00, mean=0.0105) | Viol_Exist(max=2.00, mean=1.0881) | Mu_O(max=146.2) Mu_E(max=146.2) | Lam_O(max=507.83) Lam_E(max=967.95)

[Projection Start] Batch: 174, Constraints: 30
  [Outer 01/20] Loss (KL=0.0000, Const=1005.0874) | Viol_Order(max=1.00, mean=0.0107) | Viol_Exist(max=2.00, mean=1.0881) | Mu_O(max=1.0) Mu_E(max=1.0) | Lam_O(max=0.00) Lam_E(max=0.00)
  [Outer 10/20] Loss (KL=0.0058, Const=74939.4688) | Viol_Order(max=2.00, mean=0.0113) | Viol_Exist(max=2.00, mean=1.0877) | Mu_O(max=10.6) Mu_E(max=10.6) | Lam_O(max=32.01) Lam_E(max=64.03)
  [Outer 20/20] Loss (KL=0.8967, Const=1114921.5000) | Viol_Order(max=2.00, mean=0.0119) | Viol_Exist(max=2.00, mean=1.0872) | Mu_O(max=146.2) Mu_E(max=146.2) | Lam_O(max=483.97) Lam_E(max=967.95)

[Projection Start] Batch: 174, Constraints: 30
  [Outer 01/20] Loss (KL=0.0000, Const=1007.9507) | Viol_Order(max=2.00, mean=0.0119) | Viol_Exist(max=2.00, mean=1.0872) | Mu_O(max=1.0) Mu_E(max=1.0) | Lam_O(max=0.00) Lam_E(max=0.00)
  [Outer 10/20] Loss (KL=0.0558, Const=75000.2266) | Viol_Order(max=1.00, mean=0.0109) | Viol_Exist(max=2.00, mean=1.0879) | Mu_O(max=10.6) Mu_E(max=10.6) | Lam_O(max=64.03) Lam_E(max=64.03)
  [Outer 20/20] Loss (KL=1.6238, Const=1111288.0000) | Viol_Order(max=2.00, mean=0.0111) | Viol_Exist(max=2.00, mean=1.0868) | Mu_O(max=146.2) Mu_E(max=146.2) | Lam_O(max=483.97) Lam_E(max=967.95)

[Projection Start] Batch: 174, Constraints: 30
  [Outer 01/20] Loss (KL=0.0000, Const=1004.4452) | Viol_Order(max=2.00, mean=0.0111) | Viol_Exist(max=2.00, mean=1.0868) | Mu_O(max=1.0) Mu_E(max=1.0) | Lam_O(max=0.00) Lam_E(max=0.00)
  [Outer 10/20] Loss (KL=0.0026, Const=74934.6484) | Viol_Order(max=2.00, mean=0.0111) | Viol_Exist(max=2.00, mean=1.0868) | Mu_O(max=10.6) Mu_E(max=10.6) | Lam_O(max=64.03) Lam_E(max=64.03)
  [Outer 20/20] Loss (KL=1.0309, Const=1108871.1250) | Viol_Order(max=1.00, mean=0.0113) | Viol_Exist(max=2.00, mean=1.0864) | Mu_O(max=146.2) Mu_E(max=146.2) | Lam_O(max=483.97) Lam_E(max=967.95)

[Projection Start] Batch: 174, Constraints: 30
  [Outer 01/20] Loss (KL=0.0000, Const=997.5875) | Viol_Order(max=1.00, mean=0.0115) | Viol_Exist(max=2.00, mean=1.0851) | Mu_O(max=1.0) Mu_E(max=1.0) | Lam_O(max=0.00) Lam_E(max=0.00)
  [Outer 10/20] Loss (KL=0.0003, Const=74428.0938) | Viol_Order(max=1.00, mean=0.0115) | Viol_Exist(max=2.00, mean=1.0851) | Mu_O(max=10.6) Mu_E(max=10.6) | Lam_O(max=32.01) Lam_E(max=64.03)
  [Outer 20/20] Loss (KL=0.5050, Const=1106290.0000) | Viol_Order(max=1.00, mean=0.0109) | Viol_Exist(max=2.00, mean=1.0874) | Mu_O(max=146.2) Mu_E(max=146.2) | Lam_O(max=483.97) Lam_E(max=967.95)

[Projection Start] Batch: 174, Constraints: 30
  [Outer 01/20] Loss (KL=0.0000, Const=1002.7836) | Viol_Order(max=1.00, mean=0.0117) | Viol_Exist(max=2.00, mean=1.0866) | Mu_O(max=1.0) Mu_E(max=1.0) | Lam_O(max=0.00) Lam_E(max=0.00)
  [Outer 10/20] Loss (KL=0.0000, Const=74823.9375) | Viol_Order(max=1.00, mean=0.0117) | Viol_Exist(max=2.00, mean=1.0866) | Mu_O(max=10.6) Mu_E(max=10.6) | Lam_O(max=32.01) Lam_E(max=64.03)
  [Outer 20/20] Loss (KL=0.9687, Const=1111871.3750) | Viol_Order(max=1.00, mean=0.0107) | Viol_Exist(max=2.00, mean=1.0877) | Mu_O(max=146.2) Mu_E(max=146.2) | Lam_O(max=483.97) Lam_E(max=967.95)

[Projection Start] Batch: 174, Constraints: 30
  [Outer 01/20] Loss (KL=0.0000, Const=1002.4998) | Viol_Order(max=1.00, mean=0.0117) | Viol_Exist(max=2.00, mean=1.0864) | Mu_O(max=1.0) Mu_E(max=1.0) | Lam_O(max=0.00) Lam_E(max=0.00)
  [Outer 10/20] Loss (KL=0.0001, Const=74795.1094) | Viol_Order(max=1.00, mean=0.0117) | Viol_Exist(max=2.00, mean=1.0864) | Mu_O(max=10.6) Mu_E(max=10.6) | Lam_O(max=32.01) Lam_E(max=64.03)
  [Outer 20/20] Loss (KL=0.4281, Const=1112117.5000) | Viol_Order(max=1.00, mean=0.0111) | Viol_Exist(max=2.00, mean=1.0877) | Mu_O(max=146.2) Mu_E(max=146.2) | Lam_O(max=483.97) Lam_E(max=967.95)

[Projection Start] Batch: 174, Constraints: 30
  [Outer 01/20] Loss (KL=0.0000, Const=1006.5114) | Viol_Order(max=2.00, mean=0.0119) | Viol_Exist(max=2.00, mean=1.0872) | Mu_O(max=1.0) Mu_E(max=1.0) | Lam_O(max=0.00) Lam_E(max=0.00)
  [Outer 10/20] Loss (KL=0.0375, Const=74902.7031) | Viol_Order(max=1.00, mean=0.0115) | Viol_Exist(max=2.00, mean=1.0872) | Mu_O(max=10.6) Mu_E(max=10.6) | Lam_O(max=44.77) Lam_E(max=64.03)
  [Outer 20/20] Loss (KL=0.4384, Const=1113430.3750) | Viol_Order(max=1.00, mean=0.0115) | Viol_Exist(max=2.00, mean=1.0870) | Mu_O(max=146.2) Mu_E(max=146.2) | Lam_O(max=483.97) Lam_E(max=967.95)

[Projection Start] Batch: 174, Constraints: 30
  [Outer 01/20] Loss (KL=0.0000, Const=1004.5022) | Viol_Order(max=2.00, mean=0.0123) | Viol_Exist(max=2.00, mean=1.0862) | Mu_O(max=1.0) Mu_E(max=1.0) | Lam_O(max=0.00) Lam_E(max=0.00)
  [Outer 10/20] Loss (KL=0.0000, Const=74950.8750) | Viol_Order(max=2.00, mean=0.0123) | Viol_Exist(max=2.00, mean=1.0862) | Mu_O(max=10.6) Mu_E(max=10.6) | Lam_O(max=64.03) Lam_E(max=64.03)
  [Outer 20/20] Loss (KL=0.7930, Const=1110486.2500) | Viol_Order(max=1.00, mean=0.0105) | Viol_Exist(max=2.00, mean=1.0883) | Mu_O(max=146.2) Mu_E(max=146.2) | Lam_O(max=483.97) Lam_E(max=967.95)

[Projection Start] Batch: 174, Constraints: 30
  [Outer 01/20] Loss (KL=0.0000, Const=1009.1108) | Viol_Order(max=3.00, mean=0.0117) | Viol_Exist(max=2.00, mean=1.0877) | Mu_O(max=1.0) Mu_E(max=1.0) | Lam_O(max=0.00) Lam_E(max=0.00)
  [Outer 10/20] Loss (KL=0.0412, Const=74986.1562) | Viol_Order(max=1.00, mean=0.0111) | Viol_Exist(max=2.00, mean=1.0877) | Mu_O(max=10.6) Mu_E(max=10.6) | Lam_O(max=67.18) Lam_E(max=64.03)
  [Outer 20/20] Loss (KL=1.4352, Const=1112009.5000) | Viol_Order(max=1.00, mean=0.0098) | Viol_Exist(max=2.00, mean=1.0898) | Mu_O(max=146.2) Mu_E(max=146.2) | Lam_O(max=483.97) Lam_E(max=967.95)

[Projection Start] Batch: 174, Constraints: 30
  [Outer 01/20] Loss (KL=0.0000, Const=1008.2887) | Viol_Order(max=1.00, mean=0.0111) | Viol_Exist(max=2.00, mean=1.0891) | Mu_O(max=1.0) Mu_E(max=1.0) | Lam_O(max=0.00) Lam_E(max=0.00)
  [Outer 10/20] Loss (KL=0.0283, Const=75181.7188) | Viol_Order(max=1.00, mean=0.0109) | Viol_Exist(max=2.00, mean=1.0891) | Mu_O(max=10.6) Mu_E(max=10.6) | Lam_O(max=32.01) Lam_E(max=64.03)
  [Outer 20/20] Loss (KL=0.5142, Const=1115327.2500) | Viol_Order(max=1.00, mean=0.0098) | Viol_Exist(max=2.00, mean=1.0897) | Mu_O(max=146.2) Mu_E(max=146.2) | Lam_O(max=483.97) Lam_E(max=967.95)

[Projection Start] Batch: 174, Constraints: 30
  [Outer 01/20] Loss (KL=0.0000, Const=1009.8053) | Viol_Order(max=3.00, mean=0.0111) | Viol_Exist(max=2.00, mean=1.0889) | Mu_O(max=1.0) Mu_E(max=1.0) | Lam_O(max=0.00) Lam_E(max=0.00)
  [Outer 10/20] Loss (KL=0.0482, Const=75059.8750) | Viol_Order(max=1.00, mean=0.0107) | Viol_Exist(max=2.00, mean=1.0889) | Mu_O(max=10.6) Mu_E(max=10.6) | Lam_O(max=36.61) Lam_E(max=64.03)
  [Outer 20/20] Loss (KL=0.4667, Const=1116733.3750) | Viol_Order(max=1.00, mean=0.0102) | Viol_Exist(max=2.00, mean=1.0893) | Mu_O(max=146.2) Mu_E(max=146.2) | Lam_O(max=483.97) Lam_E(max=967.95)

[Projection Start] Batch: 174, Constraints: 30
  [Outer 01/20] Loss (KL=-0.0000, Const=1005.5256) | Viol_Order(max=1.00, mean=0.0109) | Viol_Exist(max=2.00, mean=1.0885) | Mu_O(max=1.0) Mu_E(max=1.0) | Lam_O(max=0.00) Lam_E(max=0.00)
  [Outer 10/20] Loss (KL=0.0000, Const=75033.1562) | Viol_Order(max=1.00, mean=0.0109) | Viol_Exist(max=2.00, mean=1.0885) | Mu_O(max=10.6) Mu_E(max=10.6) | Lam_O(max=32.01) Lam_E(max=64.03)
  [Outer 20/20] Loss (KL=1.1409, Const=1113764.0000) | Viol_Order(max=1.00, mean=0.0098) | Viol_Exist(max=2.00, mean=1.0883) | Mu_O(max=146.2) Mu_E(max=146.2) | Lam_O(max=483.97) Lam_E(max=967.95)

[Projection Start] Batch: 174, Constraints: 30
  [Outer 01/20] Loss (KL=0.0000, Const=1004.6825) | Viol_Order(max=2.00, mean=0.0103) | Viol_Exist(max=2.00, mean=1.0883) | Mu_O(max=1.0) Mu_E(max=1.0) | Lam_O(max=0.00) Lam_E(max=0.00)
  [Outer 10/20] Loss (KL=0.0001, Const=74965.9062) | Viol_Order(max=2.00, mean=0.0103) | Viol_Exist(max=2.00, mean=1.0883) | Mu_O(max=10.6) Mu_E(max=10.6) | Lam_O(max=64.03) Lam_E(max=64.03)
  [Outer 20/20] Loss (KL=1.7042, Const=1107607.0000) | Viol_Order(max=2.00, mean=0.0105) | Viol_Exist(max=2.00, mean=1.0872) | Mu_O(max=146.2) Mu_E(max=146.2) | Lam_O(max=483.97) Lam_E(max=967.95)

[Projection Start] Batch: 174, Constraints: 30
  [Outer 01/20] Loss (KL=0.0000, Const=1001.8785) | Viol_Order(max=2.00, mean=0.0119) | Viol_Exist(max=2.00, mean=1.0856) | Mu_O(max=1.0) Mu_E(max=1.0) | Lam_O(max=0.00) Lam_E(max=0.00)
  [Outer 10/20] Loss (KL=0.0424, Const=74482.1953) | Viol_Order(max=2.00, mean=0.0109) | Viol_Exist(max=2.00, mean=1.0864) | Mu_O(max=10.6) Mu_E(max=10.6) | Lam_O(max=64.03) Lam_E(max=64.03)
  [Outer 20/20] Loss (KL=1.0886, Const=1102996.6250) | Viol_Order(max=1.00, mean=0.0105) | Viol_Exist(max=2.00, mean=1.0877) | Mu_O(max=146.2) Mu_E(max=146.2) | Lam_O(max=483.97) Lam_E(max=967.95)

[Projection Start] Batch: 174, Constraints: 30
  [Outer 01/20] Loss (KL=0.0000, Const=1014.9149) | Viol_Order(max=4.00, mean=0.0132) | Viol_Exist(max=2.00, mean=1.0866) | Mu_O(max=1.0) Mu_E(max=1.0) | Lam_O(max=0.00) Lam_E(max=0.00)
  [Outer 10/20] Loss (KL=0.2696, Const=74476.1406) | Viol_Order(max=2.00, mean=0.0121) | Viol_Exist(max=2.00, mean=1.0870) | Mu_O(max=10.6) Mu_E(max=10.6) | Lam_O(max=67.68) Lam_E(max=64.03)
  [Outer 20/20] Loss (KL=0.8291, Const=1103580.0000) | Viol_Order(max=1.00, mean=0.0121) | Viol_Exist(max=2.00, mean=1.0868) | Mu_O(max=146.2) Mu_E(max=146.2) | Lam_O(max=483.97) Lam_E(max=967.95)

[Projection Start] Batch: 174, Constraints: 30
  [Outer 01/20] Loss (KL=0.0000, Const=1017.6279) | Viol_Order(max=3.00, mean=0.0142) | Viol_Exist(max=2.00, mean=1.0868) | Mu_O(max=1.0) Mu_E(max=1.0) | Lam_O(max=0.00) Lam_E(max=0.00)
  [Outer 10/20] Loss (KL=0.1425, Const=75073.4531) | Viol_Order(max=2.00, mean=0.0123) | Viol_Exist(max=2.00, mean=1.0868) | Mu_O(max=10.6) Mu_E(max=10.6) | Lam_O(max=68.02) Lam_E(max=64.03)
  [Outer 20/20] Loss (KL=0.7677, Const=1107647.0000) | Viol_Order(max=1.00, mean=0.0111) | Viol_Exist(max=2.00, mean=1.0874) | Mu_O(max=146.2) Mu_E(max=146.2) | Lam_O(max=483.97) Lam_E(max=967.95)

[Projection Start] Batch: 174, Constraints: 30
  [Outer 01/20] Loss (KL=0.0000, Const=1010.6348) | Viol_Order(max=3.00, mean=0.0130) | Viol_Exist(max=2.00, mean=1.0858) | Mu_O(max=1.0) Mu_E(max=1.0) | Lam_O(max=0.00) Lam_E(max=0.00)
  [Outer 10/20] Loss (KL=0.0001, Const=75413.6406) | Viol_Order(max=3.00, mean=0.0130) | Viol_Exist(max=2.00, mean=1.0858) | Mu_O(max=10.6) Mu_E(max=10.6) | Lam_O(max=96.04) Lam_E(max=64.03)
  [Outer 20/20] Loss (KL=1.2838, Const=1107455.7500) | Viol_Order(max=1.00, mean=0.0109) | Viol_Exist(max=2.00, mean=1.0877) | Mu_O(max=146.2) Mu_E(max=146.2) | Lam_O(max=483.97) Lam_E(max=967.95)

[Projection Start] Batch: 174, Constraints: 30
  [Outer 01/20] Loss (KL=0.0000, Const=1011.0145) | Viol_Order(max=2.00, mean=0.0128) | Viol_Exist(max=2.00, mean=1.0877) | Mu_O(max=1.0) Mu_E(max=1.0) | Lam_O(max=0.00) Lam_E(max=0.00)
  [Outer 10/20] Loss (KL=0.0389, Const=75228.2500) | Viol_Order(max=1.00, mean=0.0121) | Viol_Exist(max=2.00, mean=1.0877) | Mu_O(max=10.6) Mu_E(max=10.6) | Lam_O(max=64.03) Lam_E(max=64.03)
  [Outer 20/20] Loss (KL=1.8245, Const=1098054.7500) | Viol_Order(max=1.00, mean=0.0121) | Viol_Exist(max=2.00, mean=1.0830) | Mu_O(max=146.2) Mu_E(max=146.2) | Lam_O(max=483.97) Lam_E(max=967.95)

[Projection Start] Batch: 174, Constraints: 30
  [Outer 01/20] Loss (KL=0.0000, Const=1001.3871) | Viol_Order(max=2.00, mean=0.0144) | Viol_Exist(max=2.00, mean=1.0814) | Mu_O(max=1.0) Mu_E(max=1.0) | Lam_O(max=0.00) Lam_E(max=0.00)
  [Outer 10/20] Loss (KL=0.1785, Const=74029.8906) | Viol_Order(max=1.00, mean=0.0128) | Viol_Exist(max=2.00, mean=1.0830) | Mu_O(max=10.6) Mu_E(max=10.6) | Lam_O(max=55.87) Lam_E(max=64.03)
  [Outer 20/20] Loss (KL=0.9171, Const=1096984.8750) | Viol_Order(max=1.00, mean=0.0115) | Viol_Exist(max=2.00, mean=1.0851) | Mu_O(max=146.2) Mu_E(max=146.2) | Lam_O(max=483.97) Lam_E(max=967.95)

[Projection Start] Batch: 174, Constraints: 30
  [Outer 01/20] Loss (KL=0.0000, Const=1007.3301) | Viol_Order(max=3.00, mean=0.0134) | Viol_Exist(max=2.00, mean=1.0845) | Mu_O(max=1.0) Mu_E(max=1.0) | Lam_O(max=0.00) Lam_E(max=0.00)
  [Outer 10/20] Loss (KL=0.1421, Const=74535.0703) | Viol_Order(max=2.00, mean=0.0123) | Viol_Exist(max=2.00, mean=1.0845) | Mu_O(max=10.6) Mu_E(max=10.6) | Lam_O(max=64.03) Lam_E(max=64.03)
  [Outer 20/20] Loss (KL=0.5432, Const=1100671.3750) | Viol_Order(max=1.00, mean=0.0111) | Viol_Exist(max=2.00, mean=1.0847) | Mu_O(max=146.2) Mu_E(max=146.2) | Lam_O(max=558.30) Lam_E(max=967.95)

[Projection Start] Batch: 174, Constraints: 30
  [Outer 01/20] Loss (KL=0.0000, Const=998.5563) | Viol_Order(max=2.00, mean=0.0130) | Viol_Exist(max=2.00, mean=1.0831) | Mu_O(max=1.0) Mu_E(max=1.0) | Lam_O(max=0.00) Lam_E(max=0.00)
  [Outer 10/20] Loss (KL=0.0829, Const=74246.1719) | Viol_Order(max=1.00, mean=0.0123) | Viol_Exist(max=2.00, mean=1.0831) | Mu_O(max=10.6) Mu_E(max=10.6) | Lam_O(max=64.03) Lam_E(max=64.03)
  [Outer 20/20] Loss (KL=0.3782, Const=1099680.3750) | Viol_Order(max=2.00, mean=0.0117) | Viol_Exist(max=2.00, mean=1.0856) | Mu_O(max=146.2) Mu_E(max=146.2) | Lam_O(max=483.97) Lam_E(max=967.95)

[Projection Start] Batch: 174, Constraints: 30
  [Outer 01/20] Loss (KL=0.0000, Const=1007.3889) | Viol_Order(max=2.00, mean=0.0136) | Viol_Exist(max=2.00, mean=1.0841) | Mu_O(max=1.0) Mu_E(max=1.0) | Lam_O(max=0.00) Lam_E(max=0.00)
  [Outer 10/20] Loss (KL=0.0878, Const=74183.0391) | Viol_Order(max=2.00, mean=0.0115) | Viol_Exist(max=2.00, mean=1.0843) | Mu_O(max=10.6) Mu_E(max=10.6) | Lam_O(max=35.17) Lam_E(max=64.03)
  [Outer 20/20] Loss (KL=0.5904, Const=1098015.7500) | Viol_Order(max=1.00, mean=0.0115) | Viol_Exist(max=2.00, mean=1.0841) | Mu_O(max=146.2) Mu_E(max=146.2) | Lam_O(max=483.97) Lam_E(max=967.95)

[Projection Start] Batch: 174, Constraints: 30
  [Outer 01/20] Loss (KL=0.0000, Const=999.8965) | Viol_Order(max=2.00, mean=0.0126) | Viol_Exist(max=2.00, mean=1.0833) | Mu_O(max=1.0) Mu_E(max=1.0) | Lam_O(max=0.00) Lam_E(max=0.00)
  [Outer 10/20] Loss (KL=0.0685, Const=74292.9375) | Viol_Order(max=2.00, mean=0.0111) | Viol_Exist(max=2.00, mean=1.0856) | Mu_O(max=10.6) Mu_E(max=10.6) | Lam_O(max=64.03) Lam_E(max=64.03)
  [Outer 20/20] Loss (KL=0.5049, Const=1101041.5000) | Viol_Order(max=2.00, mean=0.0111) | Viol_Exist(max=2.00, mean=1.0856) | Mu_O(max=146.2) Mu_E(max=146.2) | Lam_O(max=483.97) Lam_E(max=967.95)

[Projection Start] Batch: 174, Constraints: 30
  [Outer 01/20] Loss (KL=0.0000, Const=1005.3295) | Viol_Order(max=2.00, mean=0.0128) | Viol_Exist(max=2.00, mean=1.0849) | Mu_O(max=1.0) Mu_E(max=1.0) | Lam_O(max=0.00) Lam_E(max=0.00)
  [Outer 10/20] Loss (KL=0.0466, Const=74662.0078) | Viol_Order(max=2.00, mean=0.0126) | Viol_Exist(max=2.00, mean=1.0856) | Mu_O(max=10.6) Mu_E(max=10.6) | Lam_O(max=64.03) Lam_E(max=64.03)
  [Outer 20/20] Loss (KL=1.8975, Const=1096799.3750) | Viol_Order(max=2.00, mean=0.0105) | Viol_Exist(max=2.00, mean=1.0851) | Mu_O(max=146.2) Mu_E(max=146.2) | Lam_O(max=483.97) Lam_E(max=967.95)

[Projection Start] Batch: 174, Constraints: 30
  [Outer 01/20] Loss (KL=0.0000, Const=1000.2184) | Viol_Order(max=2.00, mean=0.0128) | Viol_Exist(max=2.00, mean=1.0830) | Mu_O(max=1.0) Mu_E(max=1.0) | Lam_O(max=0.00) Lam_E(max=0.00)
  [Outer 10/20] Loss (KL=0.1420, Const=74153.0703) | Viol_Order(max=2.00, mean=0.0121) | Viol_Exist(max=2.00, mean=1.0837) | Mu_O(max=10.6) Mu_E(max=10.6) | Lam_O(max=41.44) Lam_E(max=64.03)
  [Outer 20/20] Loss (KL=2.7366, Const=1088589.6250) | Viol_Order(max=2.00, mean=0.0123) | Viol_Exist(max=2.00, mean=1.0833) | Mu_O(max=146.2) Mu_E(max=146.2) | Lam_O(max=483.97) Lam_E(max=967.95)

[Projection Start] Batch: 174, Constraints: 30
  [Outer 01/20] Loss (KL=0.0000, Const=1005.5167) | Viol_Order(max=2.00, mean=0.0140) | Viol_Exist(max=2.00, mean=1.0831) | Mu_O(max=1.0) Mu_E(max=1.0) | Lam_O(max=0.00) Lam_E(max=0.00)
  [Outer 10/20] Loss (KL=0.0499, Const=74876.5000) | Viol_Order(max=2.00, mean=0.0128) | Viol_Exist(max=2.00, mean=1.0845) | Mu_O(max=10.6) Mu_E(max=10.6) | Lam_O(max=64.03) Lam_E(max=64.03)
  [Outer 20/20] Loss (KL=1.0237, Const=1102406.0000) | Viol_Order(max=1.00, mean=0.0113) | Viol_Exist(max=2.00, mean=1.0862) | Mu_O(max=146.2) Mu_E(max=146.2) | Lam_O(max=483.97) Lam_E(max=967.95)

[Projection Start] Batch: 174, Constraints: 30
  [Outer 01/20] Loss (KL=0.0000, Const=1021.1157) | Viol_Order(max=3.00, mean=0.0136) | Viol_Exist(max=2.00, mean=1.0870) | Mu_O(max=1.0) Mu_E(max=1.0) | Lam_O(max=0.00) Lam_E(max=0.00)
  [Outer 10/20] Loss (KL=0.1783, Const=75322.7266) | Viol_Order(max=2.00, mean=0.0107) | Viol_Exist(max=2.00, mean=1.0898) | Mu_O(max=10.6) Mu_E(max=10.6) | Lam_O(max=64.03) Lam_E(max=64.03)
  [Outer 20/20] Loss (KL=1.8128, Const=1112593.2500) | Viol_Order(max=3.00, mean=0.0103) | Viol_Exist(max=2.00, mean=1.0891) | Mu_O(max=146.2) Mu_E(max=146.2) | Lam_O(max=483.97) Lam_E(max=967.95)

[Projection Start] Batch: 174, Constraints: 30
  [Outer 01/20] Loss (KL=0.0000, Const=1009.8559) | Viol_Order(max=3.00, mean=0.0121) | Viol_Exist(max=2.00, mean=1.0858) | Mu_O(max=1.0) Mu_E(max=1.0) | Lam_O(max=0.00) Lam_E(max=0.00)
  [Outer 10/20] Loss (KL=0.0785, Const=75006.1250) | Viol_Order(max=1.00, mean=0.0111) | Viol_Exist(max=2.00, mean=1.0866) | Mu_O(max=10.6) Mu_E(max=10.6) | Lam_O(max=65.30) Lam_E(max=64.03)
  [Outer 20/20] Loss (KL=0.3276, Const=1114433.7500) | Viol_Order(max=2.00, mean=0.0103) | Viol_Exist(max=2.00, mean=1.0902) | Mu_O(max=146.2) Mu_E(max=146.2) | Lam_O(max=483.97) Lam_E(max=967.95)

[Projection Start] Batch: 174, Constraints: 30
  [Outer 01/20] Loss (KL=0.0000, Const=1022.2715) | Viol_Order(max=3.00, mean=0.0115) | Viol_Exist(max=2.00, mean=1.0902) | Mu_O(max=1.0) Mu_E(max=1.0) | Lam_O(max=0.00) Lam_E(max=0.00)
  [Outer 10/20] Loss (KL=0.0562, Const=75872.6875) | Viol_Order(max=2.00, mean=0.0105) | Viol_Exist(max=2.00, mean=1.0910) | Mu_O(max=10.6) Mu_E(max=10.6) | Lam_O(max=96.04) Lam_E(max=64.03)
  [Outer 20/20] Loss (KL=0.7446, Const=1124129.7500) | Viol_Order(max=3.00, mean=0.0109) | Viol_Exist(max=2.00, mean=1.0900) | Mu_O(max=146.2) Mu_E(max=146.2) | Lam_O(max=581.60) Lam_E(max=967.95)

[Projection Start] Batch: 174, Constraints: 30
  [Outer 01/20] Loss (KL=0.0000, Const=1020.1241) | Viol_Order(max=3.00, mean=0.0113) | Viol_Exist(max=2.00, mean=1.0900) | Mu_O(max=1.0) Mu_E(max=1.0) | Lam_O(max=0.00) Lam_E(max=0.00)
  [Outer 10/20] Loss (KL=0.0696, Const=75779.7812) | Viol_Order(max=2.00, mean=0.0103) | Viol_Exist(max=2.00, mean=1.0908) | Mu_O(max=10.6) Mu_E(max=10.6) | Lam_O(max=64.03) Lam_E(max=64.03)
  [Outer 20/20] Loss (KL=0.4332, Const=1124989.7500) | Viol_Order(max=2.00, mean=0.0103) | Viol_Exist(max=2.00, mean=1.0906) | Mu_O(max=146.2) Mu_E(max=146.2) | Lam_O(max=503.49) Lam_E(max=967.95)

[Projection Start] Batch: 174, Constraints: 30
  [Outer 01/20] Loss (KL=0.0000, Const=1013.7949) | Viol_Order(max=2.00, mean=0.0111) | Viol_Exist(max=2.00, mean=1.0887) | Mu_O(max=1.0) Mu_E(max=1.0) | Lam_O(max=0.00) Lam_E(max=0.00)
  [Outer 10/20] Loss (KL=0.0000, Const=75650.8594) | Viol_Order(max=2.00, mean=0.0111) | Viol_Exist(max=2.00, mean=1.0887) | Mu_O(max=10.6) Mu_E(max=10.6) | Lam_O(max=64.03) Lam_E(max=64.03)
  [Outer 20/20] Loss (KL=0.6610, Const=1119482.2500) | Viol_Order(max=1.00, mean=0.0105) | Viol_Exist(max=2.00, mean=1.0891) | Mu_O(max=146.2) Mu_E(max=146.2) | Lam_O(max=483.97) Lam_E(max=967.95)

[Projection Start] Batch: 174, Constraints: 30
  [Outer 01/20] Loss (KL=0.0000, Const=1014.3782) | Viol_Order(max=3.00, mean=0.0130) | Viol_Exist(max=2.00, mean=1.0860) | Mu_O(max=1.0) Mu_E(max=1.0) | Lam_O(max=0.00) Lam_E(max=0.00)
  [Outer 10/20] Loss (KL=0.0062, Const=75447.0703) | Viol_Order(max=3.00, mean=0.0126) | Viol_Exist(max=2.00, mean=1.0860) | Mu_O(max=10.6) Mu_E(max=10.6) | Lam_O(max=96.04) Lam_E(max=64.03)
  [Outer 20/20] Loss (KL=1.5094, Const=1111207.3750) | Viol_Order(max=2.00, mean=0.0115) | Viol_Exist(max=2.00, mean=1.0885) | Mu_O(max=146.2) Mu_E(max=146.2) | Lam_O(max=483.97) Lam_E(max=967.95)

[Projection Start] Batch: 174, Constraints: 30
  [Outer 01/20] Loss (KL=0.0000, Const=1013.7202) | Viol_Order(max=2.00, mean=0.0136) | Viol_Exist(max=2.00, mean=1.0854) | Mu_O(max=1.0) Mu_E(max=1.0) | Lam_O(max=0.00) Lam_E(max=0.00)
  [Outer 10/20] Loss (KL=0.1387, Const=75269.1797) | Viol_Order(max=2.00, mean=0.0130) | Viol_Exist(max=2.00, mean=1.0868) | Mu_O(max=10.6) Mu_E(max=10.6) | Lam_O(max=64.03) Lam_E(max=64.03)
  [Outer 20/20] Loss (KL=1.2889, Const=1107636.0000) | Viol_Order(max=1.00, mean=0.0117) | Viol_Exist(max=2.00, mean=1.0877) | Mu_O(max=146.2) Mu_E(max=146.2) | Lam_O(max=483.97) Lam_E(max=967.95)

[Projection Start] Batch: 174, Constraints: 30
  [Outer 01/20] Loss (KL=0.0000, Const=1016.9005) | Viol_Order(max=2.00, mean=0.0126) | Viol_Exist(max=2.00, mean=1.0877) | Mu_O(max=1.0) Mu_E(max=1.0) | Lam_O(max=0.00) Lam_E(max=0.00)
  [Outer 10/20] Loss (KL=0.0447, Const=75813.0312) | Viol_Order(max=2.00, mean=0.0126) | Viol_Exist(max=2.00, mean=1.0874) | Mu_O(max=10.6) Mu_E(max=10.6) | Lam_O(max=64.03) Lam_E(max=64.03)
  [Outer 20/20] Loss (KL=1.6442, Const=1115636.3750) | Viol_Order(max=1.00, mean=0.0105) | Viol_Exist(max=2.00, mean=1.0881) | Mu_O(max=146.2) Mu_E(max=146.2) | Lam_O(max=483.97) Lam_E(max=967.95)

[Projection Start] Batch: 174, Constraints: 30
  [Outer 01/20] Loss (KL=0.0000, Const=1011.3094) | Viol_Order(max=2.00, mean=0.0113) | Viol_Exist(max=2.00, mean=1.0874) | Mu_O(max=1.0) Mu_E(max=1.0) | Lam_O(max=0.00) Lam_E(max=0.00)
  [Outer 10/20] Loss (KL=0.0218, Const=75456.7188) | Viol_Order(max=2.00, mean=0.0111) | Viol_Exist(max=2.00, mean=1.0881) | Mu_O(max=10.6) Mu_E(max=10.6) | Lam_O(max=64.03) Lam_E(max=64.03)
  [Outer 20/20] Loss (KL=0.5712, Const=1112044.5000) | Viol_Order(max=2.00, mean=0.0117) | Viol_Exist(max=2.00, mean=1.0860) | Mu_O(max=146.2) Mu_E(max=146.2) | Lam_O(max=483.97) Lam_E(max=967.95)

[Projection Start] Batch: 174, Constraints: 30
  [Outer 01/20] Loss (KL=0.0000, Const=1011.8662) | Viol_Order(max=2.00, mean=0.0121) | Viol_Exist(max=2.00, mean=1.0860) | Mu_O(max=1.0) Mu_E(max=1.0) | Lam_O(max=0.00) Lam_E(max=0.00)
  [Outer 10/20] Loss (KL=0.0452, Const=75404.0156) | Viol_Order(max=2.00, mean=0.0119) | Viol_Exist(max=2.00, mean=1.0860) | Mu_O(max=10.6) Mu_E(max=10.6) | Lam_O(max=64.03) Lam_E(max=64.03)
  [Outer 20/20] Loss (KL=0.6626, Const=1114206.1250) | Viol_Order(max=1.00, mean=0.0103) | Viol_Exist(max=2.00, mean=1.0870) | Mu_O(max=146.2) Mu_E(max=146.2) | Lam_O(max=483.97) Lam_E(max=967.95)

[Projection Start] Batch: 174, Constraints: 30
  [Outer 01/20] Loss (KL=0.0000, Const=1005.5320) | Viol_Order(max=2.00, mean=0.0119) | Viol_Exist(max=2.00, mean=1.0849) | Mu_O(max=1.0) Mu_E(max=1.0) | Lam_O(max=0.00) Lam_E(max=0.00)
  [Outer 10/20] Loss (KL=0.0479, Const=74937.3594) | Viol_Order(max=2.00, mean=0.0111) | Viol_Exist(max=2.00, mean=1.0860) | Mu_O(max=10.6) Mu_E(max=10.6) | Lam_O(max=64.03) Lam_E(max=64.03)
  [Outer 20/20] Loss (KL=0.8694, Const=1104165.5000) | Viol_Order(max=1.00, mean=0.0105) | Viol_Exist(max=2.00, mean=1.0856) | Mu_O(max=146.2) Mu_E(max=146.2) | Lam_O(max=501.56) Lam_E(max=967.95)

[Projection Start] Batch: 174, Constraints: 30
  [Outer 01/20] Loss (KL=0.0000, Const=1004.5721) | Viol_Order(max=2.00, mean=0.0119) | Viol_Exist(max=2.00, mean=1.0849) | Mu_O(max=1.0) Mu_E(max=1.0) | Lam_O(max=0.00) Lam_E(max=0.00)
  [Outer 10/20] Loss (KL=0.0001, Const=74963.0781) | Viol_Order(max=2.00, mean=0.0119) | Viol_Exist(max=2.00, mean=1.0849) | Mu_O(max=10.6) Mu_E(max=10.6) | Lam_O(max=64.03) Lam_E(max=64.03)
  [Outer 20/20] Loss (KL=0.9779, Const=1106841.7500) | Viol_Order(max=1.00, mean=0.0105) | Viol_Exist(max=2.00, mean=1.0851) | Mu_O(max=146.2) Mu_E(max=146.2) | Lam_O(max=483.97) Lam_E(max=967.95)

[Projection Start] Batch: 174, Constraints: 30
  [Outer 01/20] Loss (KL=0.0000, Const=1007.0225) | Viol_Order(max=2.00, mean=0.0123) | Viol_Exist(max=2.00, mean=1.0851) | Mu_O(max=1.0) Mu_E(max=1.0) | Lam_O(max=0.00) Lam_E(max=0.00)
  [Outer 10/20] Loss (KL=0.0015, Const=75084.0156) | Viol_Order(max=2.00, mean=0.0123) | Viol_Exist(max=2.00, mean=1.0851) | Mu_O(max=10.6) Mu_E(max=10.6) | Lam_O(max=64.03) Lam_E(max=64.03)
  [Outer 20/20] Loss (KL=0.6147, Const=1111951.1250) | Viol_Order(max=2.00, mean=0.0111) | Viol_Exist(max=2.00, mean=1.0862) | Mu_O(max=146.2) Mu_E(max=146.2) | Lam_O(max=499.43) Lam_E(max=967.95)

[Projection Start] Batch: 174, Constraints: 30
  [Outer 01/20] Loss (KL=0.0000, Const=1013.8741) | Viol_Order(max=2.00, mean=0.0128) | Viol_Exist(max=2.00, mean=1.0862) | Mu_O(max=1.0) Mu_E(max=1.0) | Lam_O(max=0.00) Lam_E(max=0.00)
  [Outer 10/20] Loss (KL=0.0577, Const=75290.5938) | Viol_Order(max=1.00, mean=0.0115) | Viol_Exist(max=2.00, mean=1.0872) | Mu_O(max=10.6) Mu_E(max=10.6) | Lam_O(max=47.72) Lam_E(max=64.03)
  [Outer 20/20] Loss (KL=0.8912, Const=1117948.7500) | Viol_Order(max=1.00, mean=0.0107) | Viol_Exist(max=2.00, mean=1.0872) | Mu_O(max=146.2) Mu_E(max=146.2) | Lam_O(max=483.97) Lam_E(max=967.95)

[Projection Start] Batch: 174, Constraints: 30
  [Outer 01/20] Loss (KL=0.0000, Const=1011.8511) | Viol_Order(max=2.00, mean=0.0121) | Viol_Exist(max=2.00, mean=1.0862) | Mu_O(max=1.0) Mu_E(max=1.0) | Lam_O(max=0.00) Lam_E(max=0.00)
  [Outer 10/20] Loss (KL=0.0182, Const=75476.0781) | Viol_Order(max=2.00, mean=0.0126) | Viol_Exist(max=2.00, mean=1.0862) | Mu_O(max=10.6) Mu_E(max=10.6) | Lam_O(max=64.03) Lam_E(max=64.03)
  [Outer 20/20] Loss (KL=0.4156, Const=1110490.2500) | Viol_Order(max=2.00, mean=0.0113) | Viol_Exist(max=2.00, mean=1.0847) | Mu_O(max=146.2) Mu_E(max=146.2) | Lam_O(max=499.43) Lam_E(max=967.95)

[Projection Start] Batch: 174, Constraints: 30
  [Outer 01/20] Loss (KL=0.0000, Const=1004.4006) | Viol_Order(max=2.00, mean=0.0115) | Viol_Exist(max=2.00, mean=1.0847) | Mu_O(max=1.0) Mu_E(max=1.0) | Lam_O(max=0.00) Lam_E(max=0.00)
  [Outer 10/20] Loss (KL=0.0238, Const=74789.7500) | Viol_Order(max=2.00, mean=0.0107) | Viol_Exist(max=2.00, mean=1.0856) | Mu_O(max=10.6) Mu_E(max=10.6) | Lam_O(max=64.03) Lam_E(max=64.03)
  [Outer 20/20] Loss (KL=0.4270, Const=1108129.5000) | Viol_Order(max=1.00, mean=0.0107) | Viol_Exist(max=2.00, mean=1.0860) | Mu_O(max=146.2) Mu_E(max=146.2) | Lam_O(max=483.97) Lam_E(max=967.95)

[Projection Start] Batch: 174, Constraints: 30
  [Outer 01/20] Loss (KL=0.0000, Const=1002.4025) | Viol_Order(max=1.00, mean=0.0111) | Viol_Exist(max=2.00, mean=1.0852) | Mu_O(max=1.0) Mu_E(max=1.0) | Lam_O(max=0.00) Lam_E(max=0.00)
  [Outer 10/20] Loss (KL=0.0106, Const=74719.6016) | Viol_Order(max=1.00, mean=0.0107) | Viol_Exist(max=2.00, mean=1.0860) | Mu_O(max=10.6) Mu_E(max=10.6) | Lam_O(max=32.01) Lam_E(max=64.03)
  [Outer 20/20] Loss (KL=1.1089, Const=1109134.7500) | Viol_Order(max=1.00, mean=0.0098) | Viol_Exist(max=2.00, mean=1.0875) | Mu_O(max=146.2) Mu_E(max=146.2) | Lam_O(max=483.97) Lam_E(max=967.95)

[Projection Start] Batch: 174, Constraints: 30
  [Outer 01/20] Loss (KL=0.0000, Const=1007.4052) | Viol_Order(max=1.00, mean=0.0107) | Viol_Exist(max=2.00, mean=1.0866) | Mu_O(max=1.0) Mu_E(max=1.0) | Lam_O(max=0.00) Lam_E(max=0.00)
  [Outer 10/20] Loss (KL=0.0000, Const=75173.0625) | Viol_Order(max=1.00, mean=0.0107) | Viol_Exist(max=2.00, mean=1.0866) | Mu_O(max=10.6) Mu_E(max=10.6) | Lam_O(max=32.01) Lam_E(max=64.03)
  [Outer 20/20] Loss (KL=1.2873, Const=1113091.0000) | Viol_Order(max=1.00, mean=0.0100) | Viol_Exist(max=2.00, mean=1.0872) | Mu_O(max=146.2) Mu_E(max=146.2) | Lam_O(max=483.97) Lam_E(max=967.95)

[Projection Start] Batch: 174, Constraints: 30
  [Outer 01/20] Loss (KL=0.0000, Const=1007.5408) | Viol_Order(max=2.00, mean=0.0105) | Viol_Exist(max=2.00, mean=1.0864) | Mu_O(max=1.0) Mu_E(max=1.0) | Lam_O(max=0.00) Lam_E(max=0.00)
  [Outer 10/20] Loss (KL=0.0344, Const=75093.9453) | Viol_Order(max=1.00, mean=0.0103) | Viol_Exist(max=2.00, mean=1.0864) | Mu_O(max=10.6) Mu_E(max=10.6) | Lam_O(max=55.87) Lam_E(max=64.03)
  [Outer 20/20] Loss (KL=1.6598, Const=1105199.5000) | Viol_Order(max=1.00, mean=0.0107) | Viol_Exist(max=2.00, mean=1.0849) | Mu_O(max=146.2) Mu_E(max=146.2) | Lam_O(max=483.97) Lam_E(max=967.95)

[Projection Start] Batch: 174, Constraints: 30
  [Outer 01/20] Loss (KL=0.0000, Const=1003.2815) | Viol_Order(max=1.00, mean=0.0111) | Viol_Exist(max=2.00, mean=1.0841) | Mu_O(max=1.0) Mu_E(max=1.0) | Lam_O(max=0.00) Lam_E(max=0.00)
  [Outer 10/20] Loss (KL=0.0470, Const=74518.5391) | Viol_Order(max=1.00, mean=0.0117) | Viol_Exist(max=2.00, mean=1.0835) | Mu_O(max=10.6) Mu_E(max=10.6) | Lam_O(max=32.01) Lam_E(max=64.03)
  [Outer 20/20] Loss (KL=1.1805, Const=1096181.3750) | Viol_Order(max=1.00, mean=0.0111) | Viol_Exist(max=2.00, mean=1.0845) | Mu_O(max=146.2) Mu_E(max=146.2) | Lam_O(max=483.97) Lam_E(max=967.95)

[Projection Start] Batch: 174, Constraints: 30
  [Outer 01/20] Loss (KL=0.0000, Const=1001.6710) | Viol_Order(max=1.00, mean=0.0111) | Viol_Exist(max=2.00, mean=1.0845) | Mu_O(max=1.0) Mu_E(max=1.0) | Lam_O(max=0.00) Lam_E(max=0.00)
  [Outer 10/20] Loss (KL=0.0006, Const=74738.4844) | Viol_Order(max=1.00, mean=0.0111) | Viol_Exist(max=2.00, mean=1.0845) | Mu_O(max=10.6) Mu_E(max=10.6) | Lam_O(max=32.01) Lam_E(max=64.03)
  [Outer 20/20] Loss (KL=0.4200, Const=1111798.7500) | Viol_Order(max=1.00, mean=0.0103) | Viol_Exist(max=2.00, mean=1.0858) | Mu_O(max=146.2) Mu_E(max=146.2) | Lam_O(max=483.97) Lam_E(max=967.95)

[Projection Start] Batch: 174, Constraints: 30
  [Outer 01/20] Loss (KL=0.0000, Const=1002.3583) | Viol_Order(max=1.00, mean=0.0103) | Viol_Exist(max=2.00, mean=1.0858) | Mu_O(max=1.0) Mu_E(max=1.0) | Lam_O(max=0.00) Lam_E(max=0.00)
  [Outer 10/20] Loss (KL=0.0007, Const=74798.5156) | Viol_Order(max=1.00, mean=0.0103) | Viol_Exist(max=2.00, mean=1.0858) | Mu_O(max=10.6) Mu_E(max=10.6) | Lam_O(max=32.01) Lam_E(max=64.03)
  [Outer 20/20] Loss (KL=0.6841, Const=1109494.1250) | Viol_Order(max=1.00, mean=0.0119) | Viol_Exist(max=2.00, mean=1.0843) | Mu_O(max=146.2) Mu_E(max=146.2) | Lam_O(max=483.97) Lam_E(max=967.95)

[Projection Start] Batch: 174, Constraints: 30
  [Outer 01/20] Loss (KL=0.0000, Const=1002.9525) | Viol_Order(max=1.00, mean=0.0119) | Viol_Exist(max=2.00, mean=1.0843) | Mu_O(max=1.0) Mu_E(max=1.0) | Lam_O(max=0.00) Lam_E(max=0.00)
  [Outer 10/20] Loss (KL=0.0031, Const=74739.5391) | Viol_Order(max=1.00, mean=0.0119) | Viol_Exist(max=2.00, mean=1.0843) | Mu_O(max=10.6) Mu_E(max=10.6) | Lam_O(max=32.01) Lam_E(max=64.03)
  [Outer 20/20] Loss (KL=0.8372, Const=1107466.8750) | Viol_Order(max=2.00, mean=0.0123) | Viol_Exist(max=2.00, mean=1.0845) | Mu_O(max=146.2) Mu_E(max=146.2) | Lam_O(max=483.97) Lam_E(max=967.95)

[Projection Start] Batch: 174, Constraints: 30
  [Outer 01/20] Loss (KL=0.0003, Const=1003.3453) | Viol_Order(max=1.00, mean=0.0119) | Viol_Exist(max=2.00, mean=1.0843) | Mu_O(max=1.0) Mu_E(max=1.0) | Lam_O(max=0.00) Lam_E(max=0.00)
  [Outer 10/20] Loss (KL=0.0427, Const=74807.6094) | Viol_Order(max=1.00, mean=0.0119) | Viol_Exist(max=2.00, mean=1.0839) | Mu_O(max=10.6) Mu_E(max=10.6) | Lam_O(max=32.01) Lam_E(max=64.03)
  [Outer 20/20] Loss (KL=0.5764, Const=1105203.8750) | Viol_Order(max=1.00, mean=0.0100) | Viol_Exist(max=2.00, mean=1.0858) | Mu_O(max=146.2) Mu_E(max=146.2) | Lam_O(max=483.97) Lam_E(max=967.95)

[Projection Start] Batch: 174, Constraints: 30
  [Outer 01/20] Loss (KL=0.0000, Const=1000.2425) | Viol_Order(max=1.00, mean=0.0102) | Viol_Exist(max=2.00, mean=1.0851) | Mu_O(max=1.0) Mu_E(max=1.0) | Lam_O(max=0.00) Lam_E(max=0.00)
  [Outer 10/20] Loss (KL=0.0007, Const=74642.0156) | Viol_Order(max=1.00, mean=0.0102) | Viol_Exist(max=2.00, mean=1.0851) | Mu_O(max=10.6) Mu_E(max=10.6) | Lam_O(max=32.01) Lam_E(max=64.03)
  [Outer 20/20] Loss (KL=0.2867, Const=1110647.7500) | Viol_Order(max=1.00, mean=0.0102) | Viol_Exist(max=2.00, mean=1.0851) | Mu_O(max=146.2) Mu_E(max=146.2) | Lam_O(max=483.97) Lam_E(max=967.95)

[Projection Start] Batch: 174, Constraints: 30
  [Outer 01/20] Loss (KL=0.0000, Const=1000.2355) | Viol_Order(max=1.00, mean=0.0102) | Viol_Exist(max=2.00, mean=1.0851) | Mu_O(max=1.0) Mu_E(max=1.0) | Lam_O(max=0.00) Lam_E(max=0.00)
  [Outer 10/20] Loss (KL=0.0001, Const=74642.4531) | Viol_Order(max=1.00, mean=0.0102) | Viol_Exist(max=2.00, mean=1.0851) | Mu_O(max=10.6) Mu_E(max=10.6) | Lam_O(max=32.01) Lam_E(max=64.03)
  [Outer 20/20] Loss (KL=0.6522, Const=1106184.8750) | Viol_Order(max=1.00, mean=0.0103) | Viol_Exist(max=2.00, mean=1.0852) | Mu_O(max=146.2) Mu_E(max=146.2) | Lam_O(max=483.97) Lam_E(max=967.95)

[Projection Start] Batch: 174, Constraints: 30
  [Outer 01/20] Loss (KL=0.0000, Const=1000.8783) | Viol_Order(max=1.00, mean=0.0105) | Viol_Exist(max=2.00, mean=1.0852) | Mu_O(max=1.0) Mu_E(max=1.0) | Lam_O(max=0.00) Lam_E(max=0.00)
  [Outer 10/20] Loss (KL=0.0011, Const=74686.4062) | Viol_Order(max=1.00, mean=0.0105) | Viol_Exist(max=2.00, mean=1.0852) | Mu_O(max=10.6) Mu_E(max=10.6) | Lam_O(max=32.01) Lam_E(max=64.03)
  [Outer 20/20] Loss (KL=0.4026, Const=1107778.5000) | Viol_Order(max=1.00, mean=0.0107) | Viol_Exist(max=2.00, mean=1.0847) | Mu_O(max=146.2) Mu_E(max=146.2) | Lam_O(max=483.97) Lam_E(max=967.95)

[Projection Start] Batch: 174, Constraints: 30
  [Outer 01/20] Loss (KL=0.0000, Const=1003.4078) | Viol_Order(max=2.00, mean=0.0113) | Viol_Exist(max=2.00, mean=1.0847) | Mu_O(max=1.0) Mu_E(max=1.0) | Lam_O(max=0.00) Lam_E(max=0.00)
  [Outer 10/20] Loss (KL=0.0010, Const=74880.9062) | Viol_Order(max=2.00, mean=0.0113) | Viol_Exist(max=2.00, mean=1.0847) | Mu_O(max=10.6) Mu_E(max=10.6) | Lam_O(max=64.03) Lam_E(max=64.03)
  [Outer 20/20] Loss (KL=0.8486, Const=1106711.1250) | Viol_Order(max=1.00, mean=0.0103) | Viol_Exist(max=2.00, mean=1.0852) | Mu_O(max=146.2) Mu_E(max=146.2) | Lam_O(max=656.53) Lam_E(max=967.95)

[Projection Start] Batch: 174, Constraints: 30
  [Outer 01/20] Loss (KL=0.0000, Const=1001.4219) | Viol_Order(max=1.00, mean=0.0109) | Viol_Exist(max=2.00, mean=1.0847) | Mu_O(max=1.0) Mu_E(max=1.0) | Lam_O(max=0.00) Lam_E(max=0.00)
  [Outer 10/20] Loss (KL=0.0015, Const=74730.5156) | Viol_Order(max=1.00, mean=0.0109) | Viol_Exist(max=2.00, mean=1.0847) | Mu_O(max=10.6) Mu_E(max=10.6) | Lam_O(max=32.01) Lam_E(max=64.03)
  [Outer 20/20] Loss (KL=1.4232, Const=1106371.5000) | Viol_Order(max=2.00, mean=0.0113) | Viol_Exist(max=2.00, mean=1.0862) | Mu_O(max=146.2) Mu_E(max=146.2) | Lam_O(max=483.97) Lam_E(max=967.95)

[Projection Start] Batch: 174, Constraints: 30
  [Outer 01/20] Loss (KL=0.0000, Const=1010.9254) | Viol_Order(max=2.00, mean=0.0113) | Viol_Exist(max=2.00, mean=1.0862) | Mu_O(max=1.0) Mu_E(max=1.0) | Lam_O(max=0.00) Lam_E(max=0.00)
  [Outer 10/20] Loss (KL=0.0823, Const=74664.2188) | Viol_Order(max=1.00, mean=0.0102) | Viol_Exist(max=2.00, mean=1.0856) | Mu_O(max=10.6) Mu_E(max=10.6) | Lam_O(max=64.03) Lam_E(max=64.03)
  [Outer 20/20] Loss (KL=0.3287, Const=1109654.6250) | Viol_Order(max=1.00, mean=0.0094) | Viol_Exist(max=2.00, mean=1.0870) | Mu_O(max=146.2) Mu_E(max=146.2) | Lam_O(max=483.97) Lam_E(max=967.95)

[Projection Start] Batch: 174, Constraints: 30
  [Outer 01/20] Loss (KL=0.0000, Const=1006.0483) | Viol_Order(max=1.00, mean=0.0098) | Viol_Exist(max=2.00, mean=1.0864) | Mu_O(max=1.0) Mu_E(max=1.0) | Lam_O(max=0.00) Lam_E(max=0.00)
  [Outer 10/20] Loss (KL=0.0007, Const=75017.6719) | Viol_Order(max=1.00, mean=0.0098) | Viol_Exist(max=2.00, mean=1.0864) | Mu_O(max=10.6) Mu_E(max=10.6) | Lam_O(max=32.01) Lam_E(max=64.03)
  [Outer 20/20] Loss (KL=1.5126, Const=1107787.7500) | Viol_Order(max=1.00, mean=0.0096) | Viol_Exist(max=2.00, mean=1.0856) | Mu_O(max=146.2) Mu_E(max=146.2) | Lam_O(max=483.97) Lam_E(max=967.95)

[Projection Start] Batch: 174, Constraints: 30
  [Outer 01/20] Loss (KL=0.0000, Const=1003.2340) | Viol_Order(max=2.00, mean=0.0102) | Viol_Exist(max=2.00, mean=1.0856) | Mu_O(max=1.0) Mu_E(max=1.0) | Lam_O(max=0.00) Lam_E(max=0.00)
  [Outer 10/20] Loss (KL=0.0001, Const=74866.7734) | Viol_Order(max=2.00, mean=0.0102) | Viol_Exist(max=2.00, mean=1.0856) | Mu_O(max=10.6) Mu_E(max=10.6) | Lam_O(max=64.03) Lam_E(max=64.03)
  [Outer 20/20] Loss (KL=0.6269, Const=1112800.2500) | Viol_Order(max=2.00, mean=0.0103) | Viol_Exist(max=2.00, mean=1.0858) | Mu_O(max=146.2) Mu_E(max=146.2) | Lam_O(max=967.95) Lam_E(max=967.95)

[Projection Start] Batch: 174, Constraints: 30
  [Outer 01/20] Loss (KL=0.0000, Const=1007.3685) | Viol_Order(max=2.00, mean=0.0103) | Viol_Exist(max=2.00, mean=1.0858) | Mu_O(max=1.0) Mu_E(max=1.0) | Lam_O(max=0.00) Lam_E(max=0.00)
  [Outer 10/20] Loss (KL=0.0003, Const=75170.3750) | Viol_Order(max=2.00, mean=0.0103) | Viol_Exist(max=2.00, mean=1.0858) | Mu_O(max=10.6) Mu_E(max=10.6) | Lam_O(max=64.03) Lam_E(max=64.03)
  [Outer 20/20] Loss (KL=0.3119, Const=1118045.6250) | Viol_Order(max=2.00, mean=0.0103) | Viol_Exist(max=2.00, mean=1.0858) | Mu_O(max=146.2) Mu_E(max=146.2) | Lam_O(max=967.95) Lam_E(max=967.95)
[DEBUG][shape] time torch.Size([174, 15])
[DEBUG][shape] mask torch.Size([174, 15])
[DEBUG][shape] tau  torch.Size([174, 15])
[DEBUG][shape] cond1 torch.Size([174, 15])
[DEBUG][shape] unpadded_length torch.Size([174]) 14
[DEBUG][shape] content_token torch.Size([174, 31])
[GPU 2] Saved part file to ./data/Istanbul_PO1/Istanbul_PO1_ihfzzq9m_generated_part2.pkl
