/opt/conda/envs/marionette/lib/python3.10/site-packages/lightning_fabric/__init__.py:29: UserWarning: pkg_resources is deprecated as an API. See https://setuptools.pypa.io/en/latest/pkg_resources.html. The pkg_resources package is slated for removal as early as 2025-11-30. Refrain from using this package or pin to Setuptools<81.
  __import__("pkg_resources").declare_namespace(__name__)
[DEBUG] Force updated projector.projection_existence_weight to 0.7
[DEBUG] sample.py forced use_constraint_projection=True
[DEBUG] projection params: {'freq': 2, 'tau': 0.0, 'lambda_init': 0.0, 'mu_init': 1.0, 'mu_alpha': 1.3, 'mu_max': 1000.0, 'outer_iterations': 15, 'inner_iterations': 25, 'eta': 0.15, 'delta_tol': 1e-08, 'projection_existence_weight': 0.7, 'use_gumbel_softmax': True, 'gumbel_temperature': 3.0, 'mu': 1.0}
[GPU 1] Processing 1229 sequences (Range: 1229 -> 2458)
po_matrix shape: torch.Size([512, 9, 9]) sum0: 26.0
tau before cond_encoder: torch.Size([512, 15]) time: torch.Size([512, 15])
tau after  cond_encoder: torch.Size([512, 15]) time: torch.Size([512, 15])

[Projection Start] Batch: 512, Constraints: 33
  [Outer 01/15] Loss (KL=0.2298, Const=5546.7275) | Viol_Order(max=0.00, mean=0.0000) | Viol_Exist(max=2.00, mean=1.9995) | Mu_O(max=1.0) Mu_E(max=1.0) | Lam_O(max=0.00) Lam_E(max=0.00)
  [Outer 10/15] Loss (KL=72.9616, Const=167894.5625) | Viol_Order(max=9.00, mean=0.0619) | Viol_Exist(max=2.00, mean=1.1651) | Mu_O(max=8.2) Mu_E(max=10.6) | Lam_O(max=39.99) Lam_E(max=64.03)
  [Outer 15/15] Loss (KL=113.9768, Const=465728.6250) | Viol_Order(max=4.00, mean=0.0739) | Viol_Exist(max=2.00, mean=1.0497) | Mu_O(max=23.3) Mu_E(max=39.4) | Lam_O(max=85.09) Lam_E(max=255.82)

[Projection Start] Batch: 512, Constraints: 33
  [Outer 01/15] Loss (KL=0.3579, Const=5210.6631) | Viol_Order(max=1.00, mean=0.0001) | Viol_Exist(max=2.00, mean=1.9872) | Mu_O(max=1.0) Mu_E(max=1.0) | Lam_O(max=0.00) Lam_E(max=0.00)
  [Outer 10/15] Loss (KL=70.2427, Const=162069.2656) | Viol_Order(max=6.00, mean=0.0592) | Viol_Exist(max=2.00, mean=1.1591) | Mu_O(max=10.6) Mu_E(max=10.6) | Lam_O(max=33.31) Lam_E(max=64.03)
  [Outer 15/15] Loss (KL=108.5299, Const=453030.0000) | Viol_Order(max=5.00, mean=0.0681) | Viol_Exist(max=2.00, mean=1.0487) | Mu_O(max=39.4) Mu_E(max=39.4) | Lam_O(max=129.21) Lam_E(max=255.82)

[Projection Start] Batch: 512, Constraints: 33
  [Outer 01/15] Loss (KL=0.4414, Const=5052.0615) | Viol_Order(max=1.00, mean=0.0001) | Viol_Exist(max=2.00, mean=1.9717) | Mu_O(max=1.0) Mu_E(max=1.0) | Lam_O(max=0.00) Lam_E(max=0.00)
  [Outer 10/15] Loss (KL=67.2084, Const=159289.4688) | Viol_Order(max=6.00, mean=0.0588) | Viol_Exist(max=2.00, mean=1.1461) | Mu_O(max=10.6) Mu_E(max=10.6) | Lam_O(max=38.97) Lam_E(max=64.03)
  [Outer 15/15] Loss (KL=104.9501, Const=446168.8750) | Viol_Order(max=4.00, mean=0.0690) | Viol_Exist(max=2.00, mean=1.0428) | Mu_O(max=39.4) Mu_E(max=39.4) | Lam_O(max=127.91) Lam_E(max=255.82)

[Projection Start] Batch: 512, Constraints: 33
  [Outer 01/15] Loss (KL=0.5181, Const=4958.4414) | Viol_Order(max=1.00, mean=0.0003) | Viol_Exist(max=2.00, mean=1.9555) | Mu_O(max=1.0) Mu_E(max=1.0) | Lam_O(max=0.00) Lam_E(max=0.00)
  [Outer 10/15] Loss (KL=65.3497, Const=156886.9688) | Viol_Order(max=6.00, mean=0.0595) | Viol_Exist(max=2.00, mean=1.1246) | Mu_O(max=10.6) Mu_E(max=10.6) | Lam_O(max=32.01) Lam_E(max=64.03)
  [Outer 15/15] Loss (KL=101.5057, Const=436694.0938) | Viol_Order(max=3.00, mean=0.0665) | Viol_Exist(max=2.00, mean=1.0339) | Mu_O(max=39.4) Mu_E(max=39.4) | Lam_O(max=127.91) Lam_E(max=255.82)

[Projection Start] Batch: 512, Constraints: 33
  [Outer 01/15] Loss (KL=0.6074, Const=4911.3438) | Viol_Order(max=1.00, mean=0.0010) | Viol_Exist(max=2.00, mean=1.9109) | Mu_O(max=1.0) Mu_E(max=1.0) | Lam_O(max=0.00) Lam_E(max=0.00)
  [Outer 10/15] Loss (KL=62.9935, Const=152680.0938) | Viol_Order(max=6.00, mean=0.0585) | Viol_Exist(max=2.00, mean=1.1187) | Mu_O(max=10.6) Mu_E(max=10.6) | Lam_O(max=47.63) Lam_E(max=64.03)
  [Outer 15/15] Loss (KL=96.9323, Const=429883.0000) | Viol_Order(max=3.00, mean=0.0672) | Viol_Exist(max=2.00, mean=1.0327) | Mu_O(max=39.4) Mu_E(max=39.4) | Lam_O(max=129.21) Lam_E(max=255.82)

[Projection Start] Batch: 512, Constraints: 33
  [Outer 01/15] Loss (KL=0.6763, Const=4983.0273) | Viol_Order(max=2.00, mean=0.0017) | Viol_Exist(max=2.00, mean=1.8754) | Mu_O(max=1.0) Mu_E(max=1.0) | Lam_O(max=0.00) Lam_E(max=0.00)
  [Outer 10/15] Loss (KL=61.1932, Const=147965.2188) | Viol_Order(max=4.00, mean=0.0640) | Viol_Exist(max=2.00, mean=1.1001) | Mu_O(max=10.6) Mu_E(max=10.6) | Lam_O(max=37.47) Lam_E(max=64.03)
  [Outer 15/15] Loss (KL=93.4197, Const=412226.6250) | Viol_Order(max=4.00, mean=0.0685) | Viol_Exist(max=2.00, mean=1.0311) | Mu_O(max=39.4) Mu_E(max=39.4) | Lam_O(max=128.59) Lam_E(max=255.82)

[Projection Start] Batch: 512, Constraints: 33
  [Outer 01/15] Loss (KL=0.7617, Const=4968.0786) | Viol_Order(max=3.00, mean=0.0036) | Viol_Exist(max=2.00, mean=1.8182) | Mu_O(max=1.0) Mu_E(max=1.0) | Lam_O(max=0.00) Lam_E(max=0.00)
  [Outer 10/15] Loss (KL=58.9109, Const=147469.8438) | Viol_Order(max=4.00, mean=0.0616) | Viol_Exist(max=2.00, mean=1.0903) | Mu_O(max=10.6) Mu_E(max=10.6) | Lam_O(max=33.31) Lam_E(max=64.03)
  [Outer 15/15] Loss (KL=89.8634, Const=414563.0625) | Viol_Order(max=5.00, mean=0.0697) | Viol_Exist(max=2.00, mean=1.0234) | Mu_O(max=39.4) Mu_E(max=39.4) | Lam_O(max=129.21) Lam_E(max=255.82)

[Projection Start] Batch: 512, Constraints: 33
  [Outer 01/15] Loss (KL=0.8064, Const=4913.1597) | Viol_Order(max=2.00, mean=0.0053) | Viol_Exist(max=2.00, mean=1.7694) | Mu_O(max=1.0) Mu_E(max=1.0) | Lam_O(max=0.00) Lam_E(max=0.00)
  [Outer 10/15] Loss (KL=56.9353, Const=141578.9219) | Viol_Order(max=4.00, mean=0.0643) | Viol_Exist(max=2.00, mean=1.0846) | Mu_O(max=10.6) Mu_E(max=10.6) | Lam_O(max=47.72) Lam_E(max=64.03)
  [Outer 15/15] Loss (KL=85.9916, Const=399489.7500) | Viol_Order(max=3.00, mean=0.0643) | Viol_Exist(max=2.00, mean=1.0256) | Mu_O(max=39.4) Mu_E(max=39.4) | Lam_O(max=127.91) Lam_E(max=255.82)

[Projection Start] Batch: 512, Constraints: 33
  [Outer 01/15] Loss (KL=0.8216, Const=4922.7568) | Viol_Order(max=3.00, mean=0.0072) | Viol_Exist(max=2.00, mean=1.7244) | Mu_O(max=1.0) Mu_E(max=1.0) | Lam_O(max=0.00) Lam_E(max=0.00)
  [Outer 10/15] Loss (KL=55.0446, Const=141386.2188) | Viol_Order(max=6.00, mean=0.0660) | Viol_Exist(max=2.00, mean=1.0699) | Mu_O(max=10.6) Mu_E(max=10.6) | Lam_O(max=47.99) Lam_E(max=64.03)
  [Outer 15/15] Loss (KL=83.5940, Const=395699.0938) | Viol_Order(max=3.00, mean=0.0678) | Viol_Exist(max=2.00, mean=1.0194) | Mu_O(max=39.4) Mu_E(max=39.4) | Lam_O(max=127.91) Lam_E(max=255.82)

[Projection Start] Batch: 512, Constraints: 33
  [Outer 01/15] Loss (KL=0.8932, Const=4880.6963) | Viol_Order(max=2.00, mean=0.0120) | Viol_Exist(max=2.00, mean=1.6528) | Mu_O(max=1.0) Mu_E(max=1.0) | Lam_O(max=0.00) Lam_E(max=0.00)
  [Outer 10/15] Loss (KL=52.4775, Const=140035.2969) | Viol_Order(max=6.00, mean=0.0613) | Viol_Exist(max=2.00, mean=1.0682) | Mu_O(max=10.6) Mu_E(max=10.6) | Lam_O(max=40.00) Lam_E(max=64.03)
  [Outer 15/15] Loss (KL=79.2618, Const=393981.3125) | Viol_Order(max=4.00, mean=0.0684) | Viol_Exist(max=2.00, mean=1.0191) | Mu_O(max=39.4) Mu_E(max=39.4) | Lam_O(max=129.21) Lam_E(max=255.82)

[Projection Start] Batch: 512, Constraints: 33
  [Outer 01/15] Loss (KL=0.9513, Const=4851.6499) | Viol_Order(max=3.00, mean=0.0186) | Viol_Exist(max=2.00, mean=1.5945) | Mu_O(max=1.0) Mu_E(max=1.0) | Lam_O(max=0.00) Lam_E(max=0.00)
  [Outer 10/15] Loss (KL=50.4020, Const=137008.4531) | Viol_Order(max=4.00, mean=0.0588) | Viol_Exist(max=2.00, mean=1.0636) | Mu_O(max=10.6) Mu_E(max=10.6) | Lam_O(max=40.80) Lam_E(max=64.03)
  [Outer 15/15] Loss (KL=75.8189, Const=390748.9375) | Viol_Order(max=3.00, mean=0.0659) | Viol_Exist(max=2.00, mean=1.0175) | Mu_O(max=39.4) Mu_E(max=39.4) | Lam_O(max=129.21) Lam_E(max=255.82)

[Projection Start] Batch: 512, Constraints: 33
  [Outer 01/15] Loss (KL=0.9830, Const=4838.7617) | Viol_Order(max=4.00, mean=0.0214) | Viol_Exist(max=2.00, mean=1.5327) | Mu_O(max=1.0) Mu_E(max=1.0) | Lam_O(max=0.00) Lam_E(max=0.00)
  [Outer 10/15] Loss (KL=48.1837, Const=135908.5938) | Viol_Order(max=3.00, mean=0.0592) | Viol_Exist(max=2.00, mean=1.0549) | Mu_O(max=10.6) Mu_E(max=10.6) | Lam_O(max=62.15) Lam_E(max=64.03)
  [Outer 15/15] Loss (KL=73.1473, Const=382359.2812) | Viol_Order(max=2.00, mean=0.0634) | Viol_Exist(max=2.00, mean=1.0155) | Mu_O(max=39.4) Mu_E(max=39.4) | Lam_O(max=127.91) Lam_E(max=255.82)

[Projection Start] Batch: 512, Constraints: 33
  [Outer 01/15] Loss (KL=1.0304, Const=4765.7109) | Viol_Order(max=4.00, mean=0.0315) | Viol_Exist(max=2.00, mean=1.4608) | Mu_O(max=1.0) Mu_E(max=1.0) | Lam_O(max=0.00) Lam_E(max=0.00)
  [Outer 10/15] Loss (KL=45.2975, Const=135768.0000) | Viol_Order(max=3.00, mean=0.0576) | Viol_Exist(max=2.00, mean=1.0448) | Mu_O(max=10.6) Mu_E(max=10.6) | Lam_O(max=59.20) Lam_E(max=64.03)
  [Outer 15/15] Loss (KL=68.9383, Const=386733.7188) | Viol_Order(max=2.00, mean=0.0603) | Viol_Exist(max=2.00, mean=1.0110) | Mu_O(max=39.4) Mu_E(max=39.4) | Lam_O(max=128.91) Lam_E(max=255.82)

[Projection Start] Batch: 512, Constraints: 33
  [Outer 01/15] Loss (KL=0.9589, Const=4737.6865) | Viol_Order(max=4.00, mean=0.0384) | Viol_Exist(max=2.00, mean=1.3923) | Mu_O(max=1.0) Mu_E(max=1.0) | Lam_O(max=0.00) Lam_E(max=0.00)
  [Outer 10/15] Loss (KL=43.5936, Const=133853.2188) | Viol_Order(max=4.00, mean=0.0583) | Viol_Exist(max=2.00, mean=1.0411) | Mu_O(max=10.6) Mu_E(max=10.6) | Lam_O(max=64.03) Lam_E(max=64.03)
  [Outer 15/15] Loss (KL=66.9368, Const=377812.5000) | Viol_Order(max=2.00, mean=0.0582) | Viol_Exist(max=2.00, mean=1.0073) | Mu_O(max=39.4) Mu_E(max=39.4) | Lam_O(max=159.93) Lam_E(max=255.82)

[Projection Start] Batch: 512, Constraints: 33
  [Outer 01/15] Loss (KL=0.9559, Const=4700.2148) | Viol_Order(max=4.00, mean=0.0484) | Viol_Exist(max=2.00, mean=1.3288) | Mu_O(max=1.0) Mu_E(max=1.0) | Lam_O(max=0.00) Lam_E(max=0.00)
  [Outer 10/15] Loss (KL=40.6751, Const=133775.2188) | Viol_Order(max=4.00, mean=0.0565) | Viol_Exist(max=2.00, mean=1.0343) | Mu_O(max=10.6) Mu_E(max=10.6) | Lam_O(max=36.61) Lam_E(max=64.03)
  [Outer 15/15] Loss (KL=62.2699, Const=374784.3125) | Viol_Order(max=2.00, mean=0.0582) | Viol_Exist(max=2.00, mean=1.0102) | Mu_O(max=39.4) Mu_E(max=39.4) | Lam_O(max=131.90) Lam_E(max=255.82)

[Projection Start] Batch: 512, Constraints: 33
  [Outer 01/15] Loss (KL=0.9541, Const=4636.4434) | Viol_Order(max=4.00, mean=0.0566) | Viol_Exist(max=2.00, mean=1.2926) | Mu_O(max=1.0) Mu_E(max=1.0) | Lam_O(max=0.00) Lam_E(max=0.00)
  [Outer 10/15] Loss (KL=38.3292, Const=132392.2656) | Viol_Order(max=3.00, mean=0.0601) | Viol_Exist(max=2.00, mean=1.0303) | Mu_O(max=10.6) Mu_E(max=10.6) | Lam_O(max=46.72) Lam_E(max=64.03)
  [Outer 15/15] Loss (KL=59.2413, Const=372305.8750) | Viol_Order(max=3.00, mean=0.0638) | Viol_Exist(max=2.00, mean=1.0070) | Mu_O(max=39.4) Mu_E(max=39.4) | Lam_O(max=130.21) Lam_E(max=255.82)

[Projection Start] Batch: 512, Constraints: 33
  [Outer 01/15] Loss (KL=0.9440, Const=4652.1689) | Viol_Order(max=4.00, mean=0.0658) | Viol_Exist(max=2.00, mean=1.2466) | Mu_O(max=1.0) Mu_E(max=1.0) | Lam_O(max=0.00) Lam_E(max=0.00)
  [Outer 10/15] Loss (KL=35.7044, Const=135662.3438) | Viol_Order(max=3.00, mean=0.0579) | Viol_Exist(max=2.00, mean=1.0313) | Mu_O(max=10.6) Mu_E(max=10.6) | Lam_O(max=44.77) Lam_E(max=64.03)
  [Outer 15/15] Loss (KL=55.2849, Const=384455.5625) | Viol_Order(max=2.00, mean=0.0629) | Viol_Exist(max=2.00, mean=1.0119) | Mu_O(max=39.4) Mu_E(max=39.4) | Lam_O(max=140.67) Lam_E(max=255.82)

[Projection Start] Batch: 512, Constraints: 33
  [Outer 01/15] Loss (KL=0.8443, Const=4512.6753) | Viol_Order(max=4.00, mean=0.0751) | Viol_Exist(max=2.00, mean=1.2192) | Mu_O(max=1.0) Mu_E(max=1.0) | Lam_O(max=0.00) Lam_E(max=0.00)
  [Outer 10/15] Loss (KL=32.6238, Const=136284.8125) | Viol_Order(max=4.00, mean=0.0588) | Viol_Exist(max=2.00, mean=1.0344) | Mu_O(max=10.6) Mu_E(max=10.6) | Lam_O(max=64.03) Lam_E(max=64.03)
  [Outer 15/15] Loss (KL=52.0338, Const=386516.8750) | Viol_Order(max=2.00, mean=0.0628) | Viol_Exist(max=2.00, mean=1.0096) | Mu_O(max=39.4) Mu_E(max=39.4) | Lam_O(max=159.93) Lam_E(max=255.82)

[Projection Start] Batch: 512, Constraints: 33
  [Outer 01/15] Loss (KL=0.7769, Const=4404.1885) | Viol_Order(max=9.00, mean=0.0843) | Viol_Exist(max=2.00, mean=1.1853) | Mu_O(max=1.0) Mu_E(max=1.0) | Lam_O(max=0.00) Lam_E(max=0.00)
  [Outer 10/15] Loss (KL=29.4801, Const=137599.0781) | Viol_Order(max=2.00, mean=0.0577) | Viol_Exist(max=2.00, mean=1.0294) | Mu_O(max=10.6) Mu_E(max=10.6) | Lam_O(max=57.76) Lam_E(max=64.03)
  [Outer 15/15] Loss (KL=48.2733, Const=388426.0000) | Viol_Order(max=2.00, mean=0.0614) | Viol_Exist(max=2.00, mean=1.0099) | Mu_O(max=39.4) Mu_E(max=39.4) | Lam_O(max=131.90) Lam_E(max=255.82)

[Projection Start] Batch: 512, Constraints: 33
  [Outer 01/15] Loss (KL=0.6827, Const=4325.3867) | Viol_Order(max=5.00, mean=0.0803) | Viol_Exist(max=2.00, mean=1.1603) | Mu_O(max=1.0) Mu_E(max=1.0) | Lam_O(max=0.00) Lam_E(max=0.00)
  [Outer 10/15] Loss (KL=27.1369, Const=136590.4688) | Viol_Order(max=2.00, mean=0.0545) | Viol_Exist(max=2.00, mean=1.0244) | Mu_O(max=10.6) Mu_E(max=10.6) | Lam_O(max=39.99) Lam_E(max=64.03)
  [Outer 15/15] Loss (KL=43.8539, Const=390970.0000) | Viol_Order(max=2.00, mean=0.0618) | Viol_Exist(max=2.00, mean=1.0085) | Mu_O(max=39.4) Mu_E(max=39.4) | Lam_O(max=131.90) Lam_E(max=255.82)

[Projection Start] Batch: 512, Constraints: 33
  [Outer 01/15] Loss (KL=0.5444, Const=4289.9883) | Viol_Order(max=6.00, mean=0.0786) | Viol_Exist(max=2.00, mean=1.1381) | Mu_O(max=1.0) Mu_E(max=1.0) | Lam_O(max=0.00) Lam_E(max=0.00)
  [Outer 10/15] Loss (KL=24.7081, Const=138877.2188) | Viol_Order(max=2.00, mean=0.0553) | Viol_Exist(max=2.00, mean=1.0263) | Mu_O(max=10.6) Mu_E(max=10.6) | Lam_O(max=35.90) Lam_E(max=64.03)
  [Outer 15/15] Loss (KL=41.7529, Const=395403.5000) | Viol_Order(max=2.00, mean=0.0632) | Viol_Exist(max=2.00, mean=1.0114) | Mu_O(max=39.4) Mu_E(max=39.4) | Lam_O(max=131.80) Lam_E(max=255.82)

[Projection Start] Batch: 512, Constraints: 33
  [Outer 01/15] Loss (KL=0.4450, Const=4155.3999) | Viol_Order(max=6.00, mean=0.0795) | Viol_Exist(max=2.00, mean=1.1114) | Mu_O(max=1.0) Mu_E(max=1.0) | Lam_O(max=0.00) Lam_E(max=0.00)
  [Outer 10/15] Loss (KL=21.5710, Const=141635.9375) | Viol_Order(max=2.00, mean=0.0532) | Viol_Exist(max=2.00, mean=1.0331) | Mu_O(max=10.6) Mu_E(max=10.6) | Lam_O(max=33.31) Lam_E(max=64.03)
  [Outer 15/15] Loss (KL=38.0545, Const=400000.8438) | Viol_Order(max=2.00, mean=0.0645) | Viol_Exist(max=2.00, mean=1.0108) | Mu_O(max=39.4) Mu_E(max=39.4) | Lam_O(max=129.21) Lam_E(max=255.82)

[Projection Start] Batch: 512, Constraints: 33
  [Outer 01/15] Loss (KL=0.3215, Const=3970.5820) | Viol_Order(max=4.00, mean=0.0806) | Viol_Exist(max=2.00, mean=1.0705) | Mu_O(max=1.0) Mu_E(max=1.0) | Lam_O(max=0.00) Lam_E(max=0.00)
  [Outer 10/15] Loss (KL=17.4543, Const=142578.9219) | Viol_Order(max=2.00, mean=0.0512) | Viol_Exist(max=2.00, mean=1.0302) | Mu_O(max=10.6) Mu_E(max=10.6) | Lam_O(max=44.00) Lam_E(max=64.03)
  [Outer 15/15] Loss (KL=33.0970, Const=410252.2500) | Viol_Order(max=2.00, mean=0.0615) | Viol_Exist(max=2.00, mean=1.0118) | Mu_O(max=39.4) Mu_E(max=39.4) | Lam_O(max=128.91) Lam_E(max=255.82)

[Projection Start] Batch: 512, Constraints: 33
  [Outer 01/15] Loss (KL=0.1727, Const=3795.9756) | Viol_Order(max=4.00, mean=0.0764) | Viol_Exist(max=2.00, mean=1.0553) | Mu_O(max=1.0) Mu_E(max=1.0) | Lam_O(max=0.00) Lam_E(max=0.00)
  [Outer 10/15] Loss (KL=14.8640, Const=143597.8438) | Viol_Order(max=2.00, mean=0.0523) | Viol_Exist(max=2.00, mean=1.0244) | Mu_O(max=10.6) Mu_E(max=10.6) | Lam_O(max=36.61) Lam_E(max=64.03)
  [Outer 15/15] Loss (KL=29.6619, Const=417495.3750) | Viol_Order(max=2.00, mean=0.0578) | Viol_Exist(max=2.00, mean=1.0135) | Mu_O(max=39.4) Mu_E(max=39.4) | Lam_O(max=130.21) Lam_E(max=255.82)

[Projection Start] Batch: 512, Constraints: 33
  [Outer 01/15] Loss (KL=0.0491, Const=3527.4539) | Viol_Order(max=3.00, mean=0.0705) | Viol_Exist(max=2.00, mean=1.0294) | Mu_O(max=1.0) Mu_E(max=1.0) | Lam_O(max=0.00) Lam_E(max=0.00)
  [Outer 10/15] Loss (KL=11.1641, Const=146865.6719) | Viol_Order(max=2.00, mean=0.0542) | Viol_Exist(max=2.00, mean=1.0169) | Mu_O(max=10.6) Mu_E(max=10.6) | Lam_O(max=38.92) Lam_E(max=64.03)
  [Outer 15/15] Loss (KL=24.6838, Const=426843.6250) | Viol_Order(max=2.00, mean=0.0592) | Viol_Exist(max=2.00, mean=1.0098) | Mu_O(max=39.4) Mu_E(max=39.4) | Lam_O(max=134.82) Lam_E(max=255.82)

[Projection Start] Batch: 512, Constraints: 33
  [Outer 01/15] Loss (KL=0.0012, Const=2943.7102) | Viol_Order(max=4.00, mean=0.0692) | Viol_Exist(max=2.00, mean=1.0066) | Mu_O(max=1.0) Mu_E(max=1.0) | Lam_O(max=0.00) Lam_E(max=0.00)
  [Outer 10/15] Loss (KL=13.3029, Const=132832.5000) | Viol_Order(max=2.00, mean=0.0509) | Viol_Exist(max=2.00, mean=1.0234) | Mu_O(max=10.6) Mu_E(max=10.6) | Lam_O(max=44.77) Lam_E(max=64.03)
  [Outer 15/15] Loss (KL=24.7704, Const=374127.5625) | Viol_Order(max=2.00, mean=0.0605) | Viol_Exist(max=2.00, mean=1.0075) | Mu_O(max=39.4) Mu_E(max=39.4) | Lam_O(max=127.91) Lam_E(max=255.82)

[Projection Start] Batch: 512, Constraints: 33
  [Outer 01/15] Loss (KL=0.0004, Const=2918.2410) | Viol_Order(max=2.00, mean=0.0663) | Viol_Exist(max=2.00, mean=1.0043) | Mu_O(max=1.0) Mu_E(max=1.0) | Lam_O(max=0.00) Lam_E(max=0.00)
  [Outer 10/15] Loss (KL=13.7076, Const=126905.3750) | Viol_Order(max=2.00, mean=0.0500) | Viol_Exist(max=2.00, mean=1.0223) | Mu_O(max=10.6) Mu_E(max=10.6) | Lam_O(max=37.17) Lam_E(max=64.03)
  [Outer 15/15] Loss (KL=25.2036, Const=355207.4688) | Viol_Order(max=2.00, mean=0.0568) | Viol_Exist(max=2.00, mean=1.0027) | Mu_O(max=39.4) Mu_E(max=39.4) | Lam_O(max=127.91) Lam_E(max=255.82)

[Projection Start] Batch: 512, Constraints: 33
  [Outer 01/15] Loss (KL=0.0008, Const=2862.9929) | Viol_Order(max=3.00, mean=0.0605) | Viol_Exist(max=2.00, mean=1.0020) | Mu_O(max=1.0) Mu_E(max=1.0) | Lam_O(max=0.00) Lam_E(max=0.00)
  [Outer 10/15] Loss (KL=13.8450, Const=125282.2656) | Viol_Order(max=2.00, mean=0.0509) | Viol_Exist(max=2.00, mean=1.0144) | Mu_O(max=10.6) Mu_E(max=10.6) | Lam_O(max=57.76) Lam_E(max=64.03)
  [Outer 15/15] Loss (KL=23.8496, Const=365461.4062) | Viol_Order(max=2.00, mean=0.0558) | Viol_Exist(max=2.00, mean=1.0033) | Mu_O(max=39.4) Mu_E(max=39.4) | Lam_O(max=127.91) Lam_E(max=255.82)

[Projection Start] Batch: 512, Constraints: 33
  [Outer 01/15] Loss (KL=0.0003, Const=2847.5461) | Viol_Order(max=2.00, mean=0.0602) | Viol_Exist(max=2.00, mean=1.0014) | Mu_O(max=1.0) Mu_E(max=1.0) | Lam_O(max=0.00) Lam_E(max=0.00)
  [Outer 10/15] Loss (KL=13.6724, Const=125660.2031) | Viol_Order(max=2.00, mean=0.0446) | Viol_Exist(max=2.00, mean=1.0186) | Mu_O(max=10.6) Mu_E(max=10.6) | Lam_O(max=38.20) Lam_E(max=64.03)
  [Outer 15/15] Loss (KL=24.0862, Const=365366.8125) | Viol_Order(max=2.00, mean=0.0529) | Viol_Exist(max=2.00, mean=1.0033) | Mu_O(max=39.4) Mu_E(max=39.4) | Lam_O(max=127.91) Lam_E(max=255.82)

[Projection Start] Batch: 512, Constraints: 33
  [Outer 01/15] Loss (KL=0.0007, Const=2820.0466) | Viol_Order(max=2.00, mean=0.0563) | Viol_Exist(max=2.00, mean=1.0018) | Mu_O(max=1.0) Mu_E(max=1.0) | Lam_O(max=0.00) Lam_E(max=0.00)
  [Outer 10/15] Loss (KL=14.0925, Const=123764.8594) | Viol_Order(max=2.00, mean=0.0468) | Viol_Exist(max=2.00, mean=1.0170) | Mu_O(max=10.6) Mu_E(max=10.6) | Lam_O(max=32.01) Lam_E(max=64.03)
  [Outer 15/15] Loss (KL=23.7955, Const=360176.8125) | Viol_Order(max=2.00, mean=0.0542) | Viol_Exist(max=2.00, mean=1.0012) | Mu_O(max=39.4) Mu_E(max=39.4) | Lam_O(max=127.91) Lam_E(max=255.82)

[Projection Start] Batch: 512, Constraints: 33
  [Outer 01/15] Loss (KL=0.0002, Const=2831.6152) | Viol_Order(max=2.00, mean=0.0575) | Viol_Exist(max=2.00, mean=1.0012) | Mu_O(max=1.0) Mu_E(max=1.0) | Lam_O(max=0.00) Lam_E(max=0.00)
  [Outer 10/15] Loss (KL=13.3852, Const=126000.1406) | Viol_Order(max=2.00, mean=0.0450) | Viol_Exist(max=2.00, mean=1.0149) | Mu_O(max=10.6) Mu_E(max=10.6) | Lam_O(max=32.01) Lam_E(max=64.03)
  [Outer 15/15] Loss (KL=24.5126, Const=367679.6250) | Viol_Order(max=2.00, mean=0.0549) | Viol_Exist(max=2.00, mean=0.9985) | Mu_O(max=39.4) Mu_E(max=39.4) | Lam_O(max=127.91) Lam_E(max=255.82)

[Projection Start] Batch: 512, Constraints: 33
  [Outer 01/15] Loss (KL=0.0013, Const=2829.3560) | Viol_Order(max=3.00, mean=0.0584) | Viol_Exist(max=2.00, mean=0.9978) | Mu_O(max=1.0) Mu_E(max=1.0) | Lam_O(max=0.00) Lam_E(max=0.00)
  [Outer 10/15] Loss (KL=13.6279, Const=123587.0000) | Viol_Order(max=2.00, mean=0.0451) | Viol_Exist(max=2.00, mean=1.0189) | Mu_O(max=10.6) Mu_E(max=10.6) | Lam_O(max=38.20) Lam_E(max=64.03)
  [Outer 15/15] Loss (KL=23.4116, Const=364610.8750) | Viol_Order(max=2.00, mean=0.0553) | Viol_Exist(max=2.00, mean=0.9993) | Mu_O(max=39.4) Mu_E(max=39.4) | Lam_O(max=127.91) Lam_E(max=255.82)

[Projection Start] Batch: 512, Constraints: 33
  [Outer 01/15] Loss (KL=0.0014, Const=2819.7212) | Viol_Order(max=3.00, mean=0.0585) | Viol_Exist(max=2.00, mean=0.9996) | Mu_O(max=1.0) Mu_E(max=1.0) | Lam_O(max=0.00) Lam_E(max=0.00)
  [Outer 10/15] Loss (KL=12.8312, Const=125667.2969) | Viol_Order(max=2.00, mean=0.0471) | Viol_Exist(max=2.00, mean=1.0131) | Mu_O(max=10.6) Mu_E(max=10.6) | Lam_O(max=36.84) Lam_E(max=64.03)
  [Outer 15/15] Loss (KL=23.0879, Const=365025.5000) | Viol_Order(max=4.00, mean=0.0552) | Viol_Exist(max=2.00, mean=0.9970) | Mu_O(max=39.4) Mu_E(max=39.4) | Lam_O(max=132.74) Lam_E(max=255.82)

[Projection Start] Batch: 512, Constraints: 33
  [Outer 01/15] Loss (KL=0.0007, Const=2802.5369) | Viol_Order(max=4.00, mean=0.0571) | Viol_Exist(max=2.00, mean=0.9988) | Mu_O(max=1.0) Mu_E(max=1.0) | Lam_O(max=0.00) Lam_E(max=0.00)
  [Outer 10/15] Loss (KL=13.0343, Const=124775.4766) | Viol_Order(max=2.00, mean=0.0455) | Viol_Exist(max=2.00, mean=1.0156) | Mu_O(max=10.6) Mu_E(max=10.6) | Lam_O(max=32.01) Lam_E(max=64.03)
  [Outer 15/15] Loss (KL=23.1953, Const=364121.1875) | Viol_Order(max=2.00, mean=0.0529) | Viol_Exist(max=2.00, mean=1.0007) | Mu_O(max=39.4) Mu_E(max=39.4) | Lam_O(max=127.91) Lam_E(max=255.82)

[Projection Start] Batch: 512, Constraints: 33
  [Outer 01/15] Loss (KL=0.0009, Const=2803.7085) | Viol_Order(max=2.00, mean=0.0553) | Viol_Exist(max=2.00, mean=1.0008) | Mu_O(max=1.0) Mu_E(max=1.0) | Lam_O(max=0.00) Lam_E(max=0.00)
  [Outer 10/15] Loss (KL=13.4971, Const=123441.9688) | Viol_Order(max=2.00, mean=0.0442) | Viol_Exist(max=2.00, mean=1.0124) | Mu_O(max=10.6) Mu_E(max=10.6) | Lam_O(max=36.00) Lam_E(max=64.03)
  [Outer 15/15] Loss (KL=23.5406, Const=358827.1875) | Viol_Order(max=2.00, mean=0.0505) | Viol_Exist(max=2.00, mean=0.9990) | Mu_O(max=39.4) Mu_E(max=39.4) | Lam_O(max=138.52) Lam_E(max=255.82)

[Projection Start] Batch: 512, Constraints: 33
  [Outer 01/15] Loss (KL=0.0006, Const=2771.3677) | Viol_Order(max=2.00, mean=0.0531) | Viol_Exist(max=2.00, mean=0.9988) | Mu_O(max=1.0) Mu_E(max=1.0) | Lam_O(max=0.00) Lam_E(max=0.00)
  [Outer 10/15] Loss (KL=13.0751, Const=123170.5781) | Viol_Order(max=2.00, mean=0.0423) | Viol_Exist(max=2.00, mean=1.0131) | Mu_O(max=10.6) Mu_E(max=10.6) | Lam_O(max=32.01) Lam_E(max=64.03)
  [Outer 15/15] Loss (KL=23.6238, Const=358142.0312) | Viol_Order(max=2.00, mean=0.0520) | Viol_Exist(max=2.00, mean=0.9990) | Mu_O(max=39.4) Mu_E(max=39.4) | Lam_O(max=127.91) Lam_E(max=255.82)

[Projection Start] Batch: 512, Constraints: 33
  [Outer 01/15] Loss (KL=0.0003, Const=2781.5273) | Viol_Order(max=2.00, mean=0.0543) | Viol_Exist(max=2.00, mean=0.9981) | Mu_O(max=1.0) Mu_E(max=1.0) | Lam_O(max=0.00) Lam_E(max=0.00)
  [Outer 10/15] Loss (KL=12.8079, Const=124957.4766) | Viol_Order(max=2.00, mean=0.0443) | Viol_Exist(max=2.00, mean=1.0104) | Mu_O(max=10.6) Mu_E(max=10.6) | Lam_O(max=36.84) Lam_E(max=64.03)
  [Outer 15/15] Loss (KL=22.8426, Const=365986.5625) | Viol_Order(max=2.00, mean=0.0504) | Viol_Exist(max=2.00, mean=0.9979) | Mu_O(max=39.4) Mu_E(max=39.4) | Lam_O(max=132.74) Lam_E(max=255.82)

[Projection Start] Batch: 512, Constraints: 33
  [Outer 01/15] Loss (KL=0.0007, Const=2800.0410) | Viol_Order(max=2.00, mean=0.0530) | Viol_Exist(max=2.00, mean=1.0003) | Mu_O(max=1.0) Mu_E(max=1.0) | Lam_O(max=0.00) Lam_E(max=0.00)
  [Outer 10/15] Loss (KL=12.8499, Const=125311.2188) | Viol_Order(max=2.00, mean=0.0434) | Viol_Exist(max=2.00, mean=1.0098) | Mu_O(max=10.6) Mu_E(max=10.6) | Lam_O(max=60.32) Lam_E(max=64.03)
  [Outer 15/15] Loss (KL=23.2885, Const=363855.6875) | Viol_Order(max=2.00, mean=0.0499) | Viol_Exist(max=2.00, mean=0.9972) | Mu_O(max=39.4) Mu_E(max=39.4) | Lam_O(max=127.91) Lam_E(max=255.82)

[Projection Start] Batch: 512, Constraints: 33
  [Outer 01/15] Loss (KL=0.0005, Const=2743.6250) | Viol_Order(max=2.00, mean=0.0520) | Viol_Exist(max=2.00, mean=0.9972) | Mu_O(max=1.0) Mu_E(max=1.0) | Lam_O(max=0.00) Lam_E(max=0.00)
  [Outer 10/15] Loss (KL=13.4550, Const=120917.1406) | Viol_Order(max=2.00, mean=0.0440) | Viol_Exist(max=2.00, mean=1.0081) | Mu_O(max=10.6) Mu_E(max=10.6) | Lam_O(max=34.87) Lam_E(max=64.03)
  [Outer 15/15] Loss (KL=22.9137, Const=357810.1250) | Viol_Order(max=2.00, mean=0.0498) | Viol_Exist(max=2.00, mean=0.9964) | Mu_O(max=39.4) Mu_E(max=39.4) | Lam_O(max=130.77) Lam_E(max=255.82)

[Projection Start] Batch: 512, Constraints: 33
  [Outer 01/15] Loss (KL=0.0010, Const=2760.5430) | Viol_Order(max=3.00, mean=0.0523) | Viol_Exist(max=2.00, mean=0.9982) | Mu_O(max=1.0) Mu_E(max=1.0) | Lam_O(max=0.00) Lam_E(max=0.00)
  [Outer 10/15] Loss (KL=13.0933, Const=123084.7031) | Viol_Order(max=2.00, mean=0.0431) | Viol_Exist(max=2.00, mean=1.0098) | Mu_O(max=10.6) Mu_E(max=10.6) | Lam_O(max=32.01) Lam_E(max=64.03)
  [Outer 15/15] Loss (KL=22.8940, Const=364414.5938) | Viol_Order(max=2.00, mean=0.0479) | Viol_Exist(max=2.00, mean=0.9998) | Mu_O(max=39.4) Mu_E(max=39.4) | Lam_O(max=127.91) Lam_E(max=255.82)

[Projection Start] Batch: 512, Constraints: 33
  [Outer 01/15] Loss (KL=0.0008, Const=2767.2241) | Viol_Order(max=4.00, mean=0.0511) | Viol_Exist(max=2.00, mean=1.0016) | Mu_O(max=1.0) Mu_E(max=1.0) | Lam_O(max=0.00) Lam_E(max=0.00)
  [Outer 10/15] Loss (KL=13.5884, Const=122501.5469) | Viol_Order(max=2.00, mean=0.0421) | Viol_Exist(max=2.00, mean=1.0111) | Mu_O(max=10.6) Mu_E(max=10.6) | Lam_O(max=36.00) Lam_E(max=64.03)
  [Outer 15/15] Loss (KL=23.5556, Const=358215.6875) | Viol_Order(max=2.00, mean=0.0488) | Viol_Exist(max=2.00, mean=0.9980) | Mu_O(max=39.4) Mu_E(max=39.4) | Lam_O(max=127.91) Lam_E(max=255.82)

[Projection Start] Batch: 512, Constraints: 33
  [Outer 01/15] Loss (KL=0.0004, Const=2737.8062) | Viol_Order(max=3.00, mean=0.0518) | Viol_Exist(max=2.00, mean=0.9974) | Mu_O(max=1.0) Mu_E(max=1.0) | Lam_O(max=0.00) Lam_E(max=0.00)
  [Outer 10/15] Loss (KL=13.1530, Const=121592.3281) | Viol_Order(max=2.00, mean=0.0430) | Viol_Exist(max=2.00, mean=1.0079) | Mu_O(max=10.6) Mu_E(max=10.6) | Lam_O(max=32.01) Lam_E(max=64.03)
  [Outer 15/15] Loss (KL=22.9640, Const=359301.1250) | Viol_Order(max=2.00, mean=0.0487) | Viol_Exist(max=2.00, mean=0.9960) | Mu_O(max=39.4) Mu_E(max=39.4) | Lam_O(max=127.91) Lam_E(max=255.82)

[Projection Start] Batch: 512, Constraints: 33
  [Outer 01/15] Loss (KL=0.0017, Const=2741.4268) | Viol_Order(max=2.00, mean=0.0510) | Viol_Exist(max=2.00, mean=0.9962) | Mu_O(max=1.0) Mu_E(max=1.0) | Lam_O(max=0.00) Lam_E(max=0.00)
  [Outer 10/15] Loss (KL=13.0926, Const=123216.2500) | Viol_Order(max=2.00, mean=0.0385) | Viol_Exist(max=2.00, mean=1.0112) | Mu_O(max=10.6) Mu_E(max=10.6) | Lam_O(max=38.20) Lam_E(max=64.03)
  [Outer 15/15] Loss (KL=23.7576, Const=358041.5000) | Viol_Order(max=2.00, mean=0.0475) | Viol_Exist(max=2.00, mean=0.9978) | Mu_O(max=39.4) Mu_E(max=39.4) | Lam_O(max=127.91) Lam_E(max=255.82)

[Projection Start] Batch: 512, Constraints: 33
  [Outer 01/15] Loss (KL=0.0004, Const=2740.8347) | Viol_Order(max=2.00, mean=0.0507) | Viol_Exist(max=2.00, mean=0.9985) | Mu_O(max=1.0) Mu_E(max=1.0) | Lam_O(max=0.00) Lam_E(max=0.00)
  [Outer 10/15] Loss (KL=13.4884, Const=121532.0625) | Viol_Order(max=2.00, mean=0.0427) | Viol_Exist(max=2.00, mean=1.0067) | Mu_O(max=10.6) Mu_E(max=10.6) | Lam_O(max=32.01) Lam_E(max=64.03)
  [Outer 15/15] Loss (KL=22.8804, Const=357965.5000) | Viol_Order(max=2.00, mean=0.0452) | Viol_Exist(max=2.00, mean=0.9964) | Mu_O(max=39.4) Mu_E(max=39.4) | Lam_O(max=127.91) Lam_E(max=255.82)

[Projection Start] Batch: 512, Constraints: 33
  [Outer 01/15] Loss (KL=0.0002, Const=2700.6223) | Viol_Order(max=2.00, mean=0.0479) | Viol_Exist(max=2.00, mean=0.9964) | Mu_O(max=1.0) Mu_E(max=1.0) | Lam_O(max=0.00) Lam_E(max=0.00)
  [Outer 10/15] Loss (KL=12.9016, Const=122038.0469) | Viol_Order(max=2.00, mean=0.0428) | Viol_Exist(max=2.00, mean=1.0079) | Mu_O(max=10.6) Mu_E(max=10.6) | Lam_O(max=47.33) Lam_E(max=64.03)
  [Outer 15/15] Loss (KL=22.4633, Const=362663.4688) | Viol_Order(max=2.00, mean=0.0494) | Viol_Exist(max=2.00, mean=0.9949) | Mu_O(max=39.4) Mu_E(max=39.4) | Lam_O(max=127.91) Lam_E(max=255.82)

[Projection Start] Batch: 512, Constraints: 33
  [Outer 01/15] Loss (KL=0.0009, Const=2743.2119) | Viol_Order(max=2.00, mean=0.0504) | Viol_Exist(max=2.00, mean=0.9972) | Mu_O(max=1.0) Mu_E(max=1.0) | Lam_O(max=0.00) Lam_E(max=0.00)
  [Outer 10/15] Loss (KL=13.0427, Const=121890.3125) | Viol_Order(max=2.00, mean=0.0426) | Viol_Exist(max=2.00, mean=1.0061) | Mu_O(max=10.6) Mu_E(max=10.6) | Lam_O(max=33.01) Lam_E(max=64.03)
  [Outer 15/15] Loss (KL=23.0462, Const=362754.5312) | Viol_Order(max=2.00, mean=0.0485) | Viol_Exist(max=2.00, mean=0.9950) | Mu_O(max=39.4) Mu_E(max=39.4) | Lam_O(max=128.91) Lam_E(max=255.82)

[Projection Start] Batch: 512, Constraints: 33
  [Outer 01/15] Loss (KL=0.0007, Const=2707.5576) | Viol_Order(max=2.00, mean=0.0498) | Viol_Exist(max=2.00, mean=0.9944) | Mu_O(max=1.0) Mu_E(max=1.0) | Lam_O(max=0.00) Lam_E(max=0.00)
  [Outer 10/15] Loss (KL=12.3095, Const=124945.3594) | Viol_Order(max=2.00, mean=0.0399) | Viol_Exist(max=2.00, mean=1.0090) | Mu_O(max=10.6) Mu_E(max=10.6) | Lam_O(max=32.01) Lam_E(max=64.03)
  [Outer 15/15] Loss (KL=23.4186, Const=360496.8750) | Viol_Order(max=2.00, mean=0.0500) | Viol_Exist(max=2.00, mean=0.9958) | Mu_O(max=39.4) Mu_E(max=39.4) | Lam_O(max=127.91) Lam_E(max=255.82)

[Projection Start] Batch: 512, Constraints: 33
  [Outer 01/15] Loss (KL=0.0004, Const=2727.2566) | Viol_Order(max=2.00, mean=0.0524) | Viol_Exist(max=2.00, mean=0.9949) | Mu_O(max=1.0) Mu_E(max=1.0) | Lam_O(max=0.00) Lam_E(max=0.00)
  [Outer 10/15] Loss (KL=12.3564, Const=123560.0625) | Viol_Order(max=2.00, mean=0.0412) | Viol_Exist(max=2.00, mean=1.0107) | Mu_O(max=10.6) Mu_E(max=10.6) | Lam_O(max=32.01) Lam_E(max=64.03)
  [Outer 15/15] Loss (KL=23.0907, Const=360287.0625) | Viol_Order(max=2.00, mean=0.0500) | Viol_Exist(max=2.00, mean=0.9966) | Mu_O(max=39.4) Mu_E(max=39.4) | Lam_O(max=127.91) Lam_E(max=255.82)

[Projection Start] Batch: 512, Constraints: 33
  [Outer 01/15] Loss (KL=0.0008, Const=2713.0923) | Viol_Order(max=3.00, mean=0.0522) | Viol_Exist(max=2.00, mean=0.9947) | Mu_O(max=1.0) Mu_E(max=1.0) | Lam_O(max=0.00) Lam_E(max=0.00)
  [Outer 10/15] Loss (KL=13.1118, Const=123110.1406) | Viol_Order(max=4.00, mean=0.0412) | Viol_Exist(max=2.00, mean=1.0085) | Mu_O(max=10.6) Mu_E(max=10.6) | Lam_O(max=32.01) Lam_E(max=64.03)
  [Outer 15/15] Loss (KL=22.6420, Const=372041.1250) | Viol_Order(max=2.00, mean=0.0472) | Viol_Exist(max=2.00, mean=0.9933) | Mu_O(max=39.4) Mu_E(max=39.4) | Lam_O(max=127.91) Lam_E(max=255.82)

[Projection Start] Batch: 512, Constraints: 33
  [Outer 01/15] Loss (KL=0.0004, Const=2706.7717) | Viol_Order(max=2.00, mean=0.0495) | Viol_Exist(max=2.00, mean=0.9947) | Mu_O(max=1.0) Mu_E(max=1.0) | Lam_O(max=0.00) Lam_E(max=0.00)
  [Outer 10/15] Loss (KL=12.5287, Const=123489.5547) | Viol_Order(max=2.00, mean=0.0389) | Viol_Exist(max=2.00, mean=1.0083) | Mu_O(max=10.6) Mu_E(max=10.6) | Lam_O(max=32.01) Lam_E(max=64.03)
  [Outer 15/15] Loss (KL=22.6620, Const=368783.5312) | Viol_Order(max=2.00, mean=0.0487) | Viol_Exist(max=2.00, mean=0.9963) | Mu_O(max=39.4) Mu_E(max=39.4) | Lam_O(max=127.91) Lam_E(max=255.82)

[Projection Start] Batch: 512, Constraints: 33
  [Outer 01/15] Loss (KL=0.0005, Const=2718.5781) | Viol_Order(max=2.00, mean=0.0506) | Viol_Exist(max=2.00, mean=0.9960) | Mu_O(max=1.0) Mu_E(max=1.0) | Lam_O(max=0.00) Lam_E(max=0.00)
  [Outer 10/15] Loss (KL=12.7947, Const=123011.7500) | Viol_Order(max=2.00, mean=0.0409) | Viol_Exist(max=2.00, mean=1.0049) | Mu_O(max=10.6) Mu_E(max=10.6) | Lam_O(max=38.03) Lam_E(max=64.03)
  [Outer 15/15] Loss (KL=21.8273, Const=365203.0000) | Viol_Order(max=2.00, mean=0.0473) | Viol_Exist(max=2.00, mean=0.9926) | Mu_O(max=39.4) Mu_E(max=39.4) | Lam_O(max=127.91) Lam_E(max=255.82)

[Projection Start] Batch: 512, Constraints: 33
  [Outer 01/15] Loss (KL=0.0005, Const=2671.3372) | Viol_Order(max=3.00, mean=0.0476) | Viol_Exist(max=2.00, mean=0.9935) | Mu_O(max=1.0) Mu_E(max=1.0) | Lam_O(max=0.00) Lam_E(max=0.00)
  [Outer 10/15] Loss (KL=12.1030, Const=123341.4844) | Viol_Order(max=2.00, mean=0.0394) | Viol_Exist(max=2.00, mean=1.0050) | Mu_O(max=10.6) Mu_E(max=10.6) | Lam_O(max=32.01) Lam_E(max=64.03)
  [Outer 15/15] Loss (KL=21.7699, Const=365932.7500) | Viol_Order(max=2.00, mean=0.0488) | Viol_Exist(max=2.00, mean=0.9948) | Mu_O(max=39.4) Mu_E(max=39.4) | Lam_O(max=127.91) Lam_E(max=255.82)

[Projection Start] Batch: 512, Constraints: 33
  [Outer 01/15] Loss (KL=0.0006, Const=2702.5073) | Viol_Order(max=2.00, mean=0.0499) | Viol_Exist(max=2.00, mean=0.9958) | Mu_O(max=1.0) Mu_E(max=1.0) | Lam_O(max=0.00) Lam_E(max=0.00)
  [Outer 10/15] Loss (KL=12.7396, Const=121802.7891) | Viol_Order(max=2.00, mean=0.0415) | Viol_Exist(max=2.00, mean=1.0053) | Mu_O(max=10.6) Mu_E(max=10.6) | Lam_O(max=32.01) Lam_E(max=64.03)
  [Outer 15/15] Loss (KL=22.2604, Const=360489.5000) | Viol_Order(max=2.00, mean=0.0472) | Viol_Exist(max=2.00, mean=0.9963) | Mu_O(max=39.4) Mu_E(max=39.4) | Lam_O(max=127.91) Lam_E(max=255.82)

[Projection Start] Batch: 512, Constraints: 33
  [Outer 01/15] Loss (KL=0.0005, Const=2678.5996) | Viol_Order(max=2.00, mean=0.0494) | Viol_Exist(max=2.00, mean=0.9949) | Mu_O(max=1.0) Mu_E(max=1.0) | Lam_O(max=0.00) Lam_E(max=0.00)
  [Outer 10/15] Loss (KL=13.0358, Const=120732.4141) | Viol_Order(max=2.00, mean=0.0405) | Viol_Exist(max=2.00, mean=1.0054) | Mu_O(max=10.6) Mu_E(max=10.6) | Lam_O(max=32.01) Lam_E(max=64.03)
  [Outer 15/15] Loss (KL=22.8850, Const=355757.5938) | Viol_Order(max=2.00, mean=0.0483) | Viol_Exist(max=2.00, mean=0.9936) | Mu_O(max=39.4) Mu_E(max=39.4) | Lam_O(max=127.91) Lam_E(max=255.82)

[Projection Start] Batch: 512, Constraints: 33
  [Outer 01/15] Loss (KL=0.0006, Const=2701.8225) | Viol_Order(max=3.00, mean=0.0498) | Viol_Exist(max=2.00, mean=0.9946) | Mu_O(max=1.0) Mu_E(max=1.0) | Lam_O(max=0.00) Lam_E(max=0.00)
  [Outer 10/15] Loss (KL=13.2018, Const=120245.9844) | Viol_Order(max=2.00, mean=0.0419) | Viol_Exist(max=2.00, mean=1.0069) | Mu_O(max=10.6) Mu_E(max=10.6) | Lam_O(max=32.01) Lam_E(max=64.03)
  [Outer 15/15] Loss (KL=23.1744, Const=355897.6875) | Viol_Order(max=2.00, mean=0.0472) | Viol_Exist(max=2.00, mean=0.9918) | Mu_O(max=39.4) Mu_E(max=39.4) | Lam_O(max=127.91) Lam_E(max=255.82)

[Projection Start] Batch: 512, Constraints: 33
  [Outer 01/15] Loss (KL=0.0017, Const=2661.3765) | Viol_Order(max=3.00, mean=0.0482) | Viol_Exist(max=2.00, mean=0.9924) | Mu_O(max=1.0) Mu_E(max=1.0) | Lam_O(max=0.00) Lam_E(max=0.00)
  [Outer 10/15] Loss (KL=12.9218, Const=121110.1250) | Viol_Order(max=2.00, mean=0.0376) | Viol_Exist(max=2.00, mean=1.0060) | Mu_O(max=10.6) Mu_E(max=10.6) | Lam_O(max=32.01) Lam_E(max=64.03)
  [Outer 15/15] Loss (KL=22.0810, Const=361080.6562) | Viol_Order(max=2.00, mean=0.0449) | Viol_Exist(max=2.00, mean=0.9949) | Mu_O(max=39.4) Mu_E(max=39.4) | Lam_O(max=127.91) Lam_E(max=255.82)

[Projection Start] Batch: 512, Constraints: 33
  [Outer 01/15] Loss (KL=0.0006, Const=2687.0232) | Viol_Order(max=3.00, mean=0.0469) | Viol_Exist(max=2.00, mean=0.9960) | Mu_O(max=1.0) Mu_E(max=1.0) | Lam_O(max=0.00) Lam_E(max=0.00)
  [Outer 10/15] Loss (KL=12.7172, Const=121614.3203) | Viol_Order(max=2.00, mean=0.0420) | Viol_Exist(max=2.00, mean=1.0052) | Mu_O(max=10.6) Mu_E(max=10.6) | Lam_O(max=32.01) Lam_E(max=64.03)
  [Outer 15/15] Loss (KL=22.7394, Const=356457.3750) | Viol_Order(max=4.00, mean=0.0456) | Viol_Exist(max=2.00, mean=0.9957) | Mu_O(max=39.4) Mu_E(max=39.4) | Lam_O(max=127.91) Lam_E(max=255.82)

[Projection Start] Batch: 512, Constraints: 33
  [Outer 01/15] Loss (KL=0.0019, Const=2705.5918) | Viol_Order(max=4.00, mean=0.0472) | Viol_Exist(max=2.00, mean=0.9960) | Mu_O(max=1.0) Mu_E(max=1.0) | Lam_O(max=0.00) Lam_E(max=0.00)
  [Outer 10/15] Loss (KL=12.5497, Const=121730.9844) | Viol_Order(max=2.00, mean=0.0392) | Viol_Exist(max=2.00, mean=1.0070) | Mu_O(max=10.6) Mu_E(max=10.6) | Lam_O(max=32.01) Lam_E(max=64.03)
  [Outer 15/15] Loss (KL=22.3027, Const=359769.2500) | Viol_Order(max=2.00, mean=0.0463) | Viol_Exist(max=2.00, mean=0.9929) | Mu_O(max=39.4) Mu_E(max=39.4) | Lam_O(max=127.91) Lam_E(max=255.82)

[Projection Start] Batch: 512, Constraints: 33
  [Outer 01/15] Loss (KL=0.0003, Const=2662.6348) | Viol_Order(max=2.00, mean=0.0468) | Viol_Exist(max=2.00, mean=0.9930) | Mu_O(max=1.0) Mu_E(max=1.0) | Lam_O(max=0.00) Lam_E(max=0.00)
  [Outer 10/15] Loss (KL=12.6477, Const=121811.3750) | Viol_Order(max=2.00, mean=0.0369) | Viol_Exist(max=2.00, mean=1.0067) | Mu_O(max=10.6) Mu_E(max=10.6) | Lam_O(max=32.01) Lam_E(max=64.03)
  [Outer 15/15] Loss (KL=23.1264, Const=361504.2500) | Viol_Order(max=2.00, mean=0.0450) | Viol_Exist(max=2.00, mean=0.9935) | Mu_O(max=39.4) Mu_E(max=39.4) | Lam_O(max=127.91) Lam_E(max=255.82)

[Projection Start] Batch: 512, Constraints: 33
  [Outer 01/15] Loss (KL=0.0005, Const=2693.6077) | Viol_Order(max=2.00, mean=0.0468) | Viol_Exist(max=2.00, mean=0.9961) | Mu_O(max=1.0) Mu_E(max=1.0) | Lam_O(max=0.00) Lam_E(max=0.00)
  [Outer 10/15] Loss (KL=12.9951, Const=121003.6719) | Viol_Order(max=2.00, mean=0.0408) | Viol_Exist(max=2.00, mean=1.0036) | Mu_O(max=10.6) Mu_E(max=10.6) | Lam_O(max=36.00) Lam_E(max=64.03)
  [Outer 15/15] Loss (KL=22.5832, Const=359685.3125) | Viol_Order(max=2.00, mean=0.0465) | Viol_Exist(max=2.00, mean=0.9943) | Mu_O(max=39.4) Mu_E(max=39.4) | Lam_O(max=127.91) Lam_E(max=255.82)

[Projection Start] Batch: 512, Constraints: 33
  [Outer 01/15] Loss (KL=0.0009, Const=2665.7556) | Viol_Order(max=3.00, mean=0.0487) | Viol_Exist(max=2.00, mean=0.9925) | Mu_O(max=1.0) Mu_E(max=1.0) | Lam_O(max=0.00) Lam_E(max=0.00)
  [Outer 10/15] Loss (KL=12.3709, Const=124482.7500) | Viol_Order(max=2.00, mean=0.0402) | Viol_Exist(max=2.00, mean=1.0048) | Mu_O(max=10.6) Mu_E(max=10.6) | Lam_O(max=32.01) Lam_E(max=64.03)
  [Outer 15/15] Loss (KL=21.9992, Const=373698.3750) | Viol_Order(max=2.00, mean=0.0472) | Viol_Exist(max=2.00, mean=0.9930) | Mu_O(max=39.4) Mu_E(max=39.4) | Lam_O(max=127.91) Lam_E(max=255.82)

[Projection Start] Batch: 512, Constraints: 33
  [Outer 01/15] Loss (KL=0.0016, Const=2661.8418) | Viol_Order(max=2.00, mean=0.0482) | Viol_Exist(max=2.00, mean=0.9921) | Mu_O(max=1.0) Mu_E(max=1.0) | Lam_O(max=0.00) Lam_E(max=0.00)
  [Outer 10/15] Loss (KL=12.3941, Const=122747.9688) | Viol_Order(max=2.00, mean=0.0413) | Viol_Exist(max=2.00, mean=1.0021) | Mu_O(max=10.6) Mu_E(max=10.6) | Lam_O(max=38.29) Lam_E(max=64.03)
  [Outer 15/15] Loss (KL=22.7625, Const=364687.1250) | Viol_Order(max=2.00, mean=0.0468) | Viol_Exist(max=2.00, mean=0.9950) | Mu_O(max=39.4) Mu_E(max=39.4) | Lam_O(max=127.91) Lam_E(max=255.82)

[Projection Start] Batch: 512, Constraints: 33
  [Outer 01/15] Loss (KL=0.0005, Const=2679.2261) | Viol_Order(max=2.00, mean=0.0483) | Viol_Exist(max=2.00, mean=0.9943) | Mu_O(max=1.0) Mu_E(max=1.0) | Lam_O(max=0.00) Lam_E(max=0.00)
  [Outer 10/15] Loss (KL=12.8529, Const=120504.3750) | Viol_Order(max=2.00, mean=0.0407) | Viol_Exist(max=2.00, mean=1.0055) | Mu_O(max=10.6) Mu_E(max=10.6) | Lam_O(max=32.01) Lam_E(max=64.03)
  [Outer 15/15] Loss (KL=22.3627, Const=360366.7500) | Viol_Order(max=1.00, mean=0.0462) | Viol_Exist(max=2.00, mean=0.9925) | Mu_O(max=39.4) Mu_E(max=39.4) | Lam_O(max=127.91) Lam_E(max=255.82)

[Projection Start] Batch: 512, Constraints: 33
  [Outer 01/15] Loss (KL=0.0013, Const=2688.1387) | Viol_Order(max=5.00, mean=0.0489) | Viol_Exist(max=2.00, mean=0.9940) | Mu_O(max=1.0) Mu_E(max=1.0) | Lam_O(max=0.00) Lam_E(max=0.00)
  [Outer 10/15] Loss (KL=12.9109, Const=121205.8906) | Viol_Order(max=2.00, mean=0.0378) | Viol_Exist(max=2.00, mean=1.0062) | Mu_O(max=10.6) Mu_E(max=10.6) | Lam_O(max=32.01) Lam_E(max=64.03)
  [Outer 15/15] Loss (KL=22.1631, Const=363912.5000) | Viol_Order(max=2.00, mean=0.0469) | Viol_Exist(max=2.00, mean=0.9925) | Mu_O(max=39.4) Mu_E(max=39.4) | Lam_O(max=127.91) Lam_E(max=255.82)

[Projection Start] Batch: 512, Constraints: 33
  [Outer 01/15] Loss (KL=0.0007, Const=2660.1721) | Viol_Order(max=2.00, mean=0.0484) | Viol_Exist(max=2.00, mean=0.9933) | Mu_O(max=1.0) Mu_E(max=1.0) | Lam_O(max=0.00) Lam_E(max=0.00)
  [Outer 10/15] Loss (KL=12.8568, Const=122298.5078) | Viol_Order(max=2.00, mean=0.0378) | Viol_Exist(max=2.00, mean=1.0040) | Mu_O(max=10.6) Mu_E(max=10.6) | Lam_O(max=32.01) Lam_E(max=64.03)
  [Outer 15/15] Loss (KL=21.7048, Const=368893.0625) | Viol_Order(max=2.00, mean=0.0458) | Viol_Exist(max=2.00, mean=0.9937) | Mu_O(max=39.4) Mu_E(max=39.4) | Lam_O(max=127.91) Lam_E(max=255.82)

[Projection Start] Batch: 512, Constraints: 33
  [Outer 01/15] Loss (KL=0.0005, Const=2663.4961) | Viol_Order(max=3.00, mean=0.0470) | Viol_Exist(max=2.00, mean=0.9925) | Mu_O(max=1.0) Mu_E(max=1.0) | Lam_O(max=0.00) Lam_E(max=0.00)
  [Outer 10/15] Loss (KL=12.3236, Const=121669.8516) | Viol_Order(max=2.00, mean=0.0395) | Viol_Exist(max=2.00, mean=1.0034) | Mu_O(max=10.6) Mu_E(max=10.6) | Lam_O(max=32.01) Lam_E(max=64.03)
  [Outer 15/15] Loss (KL=22.2819, Const=366152.6875) | Viol_Order(max=2.00, mean=0.0457) | Viol_Exist(max=2.00, mean=0.9940) | Mu_O(max=39.4) Mu_E(max=39.4) | Lam_O(max=127.91) Lam_E(max=255.82)

[Projection Start] Batch: 512, Constraints: 33
  [Outer 01/15] Loss (KL=0.0003, Const=2670.7979) | Viol_Order(max=2.00, mean=0.0468) | Viol_Exist(max=2.00, mean=0.9938) | Mu_O(max=1.0) Mu_E(max=1.0) | Lam_O(max=0.00) Lam_E(max=0.00)
  [Outer 10/15] Loss (KL=13.2528, Const=119778.5625) | Viol_Order(max=2.00, mean=0.0397) | Viol_Exist(max=2.00, mean=1.0066) | Mu_O(max=10.6) Mu_E(max=10.6) | Lam_O(max=32.01) Lam_E(max=64.03)
  [Outer 15/15] Loss (KL=21.9802, Const=358909.7188) | Viol_Order(max=1.00, mean=0.0481) | Viol_Exist(max=2.00, mean=0.9919) | Mu_O(max=39.4) Mu_E(max=39.4) | Lam_O(max=127.91) Lam_E(max=255.82)

[Projection Start] Batch: 512, Constraints: 33
  [Outer 01/15] Loss (KL=0.0003, Const=2664.4077) | Viol_Order(max=2.00, mean=0.0501) | Viol_Exist(max=2.00, mean=0.9912) | Mu_O(max=1.0) Mu_E(max=1.0) | Lam_O(max=0.00) Lam_E(max=0.00)
  [Outer 10/15] Loss (KL=12.7547, Const=120634.7266) | Viol_Order(max=2.00, mean=0.0387) | Viol_Exist(max=2.00, mean=1.0054) | Mu_O(max=10.6) Mu_E(max=10.6) | Lam_O(max=32.01) Lam_E(max=64.03)
  [Outer 15/15] Loss (KL=22.2238, Const=359598.5000) | Viol_Order(max=2.00, mean=0.0444) | Viol_Exist(max=2.00, mean=0.9941) | Mu_O(max=39.4) Mu_E(max=39.4) | Lam_O(max=127.91) Lam_E(max=255.82)

[Projection Start] Batch: 512, Constraints: 33
  [Outer 01/15] Loss (KL=0.0010, Const=2683.2073) | Viol_Order(max=2.00, mean=0.0462) | Viol_Exist(max=2.00, mean=0.9956) | Mu_O(max=1.0) Mu_E(max=1.0) | Lam_O(max=0.00) Lam_E(max=0.00)
  [Outer 10/15] Loss (KL=12.9071, Const=120374.5781) | Viol_Order(max=2.00, mean=0.0412) | Viol_Exist(max=2.00, mean=1.0018) | Mu_O(max=10.6) Mu_E(max=10.6) | Lam_O(max=40.17) Lam_E(max=64.03)
  [Outer 15/15] Loss (KL=22.3584, Const=359689.9062) | Viol_Order(max=2.00, mean=0.0456) | Viol_Exist(max=2.00, mean=0.9918) | Mu_O(max=39.4) Mu_E(max=39.4) | Lam_O(max=131.63) Lam_E(max=255.82)

[Projection Start] Batch: 512, Constraints: 33
  [Outer 01/15] Loss (KL=0.0005, Const=2640.4980) | Viol_Order(max=2.00, mean=0.0459) | Viol_Exist(max=2.00, mean=0.9924) | Mu_O(max=1.0) Mu_E(max=1.0) | Lam_O(max=0.00) Lam_E(max=0.00)
  [Outer 10/15] Loss (KL=12.9011, Const=119411.7266) | Viol_Order(max=2.00, mean=0.0405) | Viol_Exist(max=2.00, mean=1.0037) | Mu_O(max=10.6) Mu_E(max=10.6) | Lam_O(max=38.20) Lam_E(max=64.03)
  [Outer 15/15] Loss (KL=22.0364, Const=362339.8750) | Viol_Order(max=2.00, mean=0.0443) | Viol_Exist(max=2.00, mean=0.9941) | Mu_O(max=39.4) Mu_E(max=39.4) | Lam_O(max=127.91) Lam_E(max=255.82)

[Projection Start] Batch: 512, Constraints: 33
  [Outer 01/15] Loss (KL=0.0006, Const=2653.1201) | Viol_Order(max=2.00, mean=0.0450) | Viol_Exist(max=2.00, mean=0.9933) | Mu_O(max=1.0) Mu_E(max=1.0) | Lam_O(max=0.00) Lam_E(max=0.00)
  [Outer 10/15] Loss (KL=12.4415, Const=120153.8516) | Viol_Order(max=2.00, mean=0.0403) | Viol_Exist(max=2.00, mean=1.0031) | Mu_O(max=10.6) Mu_E(max=10.6) | Lam_O(max=32.01) Lam_E(max=64.03)
  [Outer 15/15] Loss (KL=22.0296, Const=363189.4375) | Viol_Order(max=2.00, mean=0.0444) | Viol_Exist(max=2.00, mean=0.9951) | Mu_O(max=39.4) Mu_E(max=39.4) | Lam_O(max=127.91) Lam_E(max=255.82)

[Projection Start] Batch: 512, Constraints: 33
  [Outer 01/15] Loss (KL=0.0005, Const=2659.1504) | Viol_Order(max=2.00, mean=0.0449) | Viol_Exist(max=2.00, mean=0.9947) | Mu_O(max=1.0) Mu_E(max=1.0) | Lam_O(max=0.00) Lam_E(max=0.00)
  [Outer 10/15] Loss (KL=13.0792, Const=121678.9375) | Viol_Order(max=2.00, mean=0.0392) | Viol_Exist(max=2.00, mean=1.0051) | Mu_O(max=10.6) Mu_E(max=10.6) | Lam_O(max=32.01) Lam_E(max=64.03)
  [Outer 15/15] Loss (KL=23.3069, Const=358128.9375) | Viol_Order(max=2.00, mean=0.0462) | Viol_Exist(max=2.00, mean=0.9942) | Mu_O(max=39.4) Mu_E(max=39.4) | Lam_O(max=127.91) Lam_E(max=255.82)

[Projection Start] Batch: 512, Constraints: 33
  [Outer 01/15] Loss (KL=0.0007, Const=2665.8721) | Viol_Order(max=2.00, mean=0.0479) | Viol_Exist(max=2.00, mean=0.9938) | Mu_O(max=1.0) Mu_E(max=1.0) | Lam_O(max=0.00) Lam_E(max=0.00)
  [Outer 10/15] Loss (KL=13.0756, Const=119360.7656) | Viol_Order(max=2.00, mean=0.0390) | Viol_Exist(max=2.00, mean=1.0075) | Mu_O(max=10.6) Mu_E(max=10.6) | Lam_O(max=32.01) Lam_E(max=64.03)
  [Outer 15/15] Loss (KL=23.2891, Const=347779.3438) | Viol_Order(max=2.00, mean=0.0479) | Viol_Exist(max=2.00, mean=0.9943) | Mu_O(max=39.4) Mu_E(max=39.4) | Lam_O(max=127.91) Lam_E(max=255.82)

[Projection Start] Batch: 512, Constraints: 33
  [Outer 01/15] Loss (KL=0.0011, Const=2681.6675) | Viol_Order(max=2.00, mean=0.0487) | Viol_Exist(max=2.00, mean=0.9950) | Mu_O(max=1.0) Mu_E(max=1.0) | Lam_O(max=0.00) Lam_E(max=0.00)
  [Outer 10/15] Loss (KL=13.7730, Const=117819.2188) | Viol_Order(max=2.00, mean=0.0402) | Viol_Exist(max=2.00, mean=1.0037) | Mu_O(max=10.6) Mu_E(max=10.6) | Lam_O(max=32.01) Lam_E(max=64.03)
  [Outer 15/15] Loss (KL=23.4061, Const=353392.3125) | Viol_Order(max=2.00, mean=0.0446) | Viol_Exist(max=2.00, mean=0.9933) | Mu_O(max=39.4) Mu_E(max=39.4) | Lam_O(max=127.91) Lam_E(max=255.82)

[Projection Start] Batch: 512, Constraints: 33
  [Outer 01/15] Loss (KL=0.0006, Const=2665.2700) | Viol_Order(max=2.00, mean=0.0464) | Viol_Exist(max=2.00, mean=0.9937) | Mu_O(max=1.0) Mu_E(max=1.0) | Lam_O(max=0.00) Lam_E(max=0.00)
  [Outer 10/15] Loss (KL=13.1381, Const=118979.4688) | Viol_Order(max=2.00, mean=0.0410) | Viol_Exist(max=2.00, mean=1.0054) | Mu_O(max=10.6) Mu_E(max=10.6) | Lam_O(max=33.76) Lam_E(max=64.03)
  [Outer 15/15] Loss (KL=22.8935, Const=355431.3750) | Viol_Order(max=2.00, mean=0.0467) | Viol_Exist(max=2.00, mean=0.9937) | Mu_O(max=39.4) Mu_E(max=39.4) | Lam_O(max=127.91) Lam_E(max=255.82)

[Projection Start] Batch: 512, Constraints: 33
  [Outer 01/15] Loss (KL=0.0008, Const=2670.1797) | Viol_Order(max=2.00, mean=0.0481) | Viol_Exist(max=2.00, mean=0.9929) | Mu_O(max=1.0) Mu_E(max=1.0) | Lam_O(max=0.00) Lam_E(max=0.00)
  [Outer 10/15] Loss (KL=13.2657, Const=119323.3125) | Viol_Order(max=4.00, mean=0.0399) | Viol_Exist(max=2.00, mean=1.0082) | Mu_O(max=10.6) Mu_E(max=10.6) | Lam_O(max=34.96) Lam_E(max=64.03)
  [Outer 15/15] Loss (KL=22.5082, Const=355742.5625) | Viol_Order(max=2.00, mean=0.0455) | Viol_Exist(max=2.00, mean=0.9970) | Mu_O(max=39.4) Mu_E(max=39.4) | Lam_O(max=127.91) Lam_E(max=255.82)

[Projection Start] Batch: 512, Constraints: 33
  [Outer 01/15] Loss (KL=0.0004, Const=2673.7075) | Viol_Order(max=4.00, mean=0.0469) | Viol_Exist(max=2.00, mean=0.9965) | Mu_O(max=1.0) Mu_E(max=1.0) | Lam_O(max=0.00) Lam_E(max=0.00)
  [Outer 10/15] Loss (KL=13.3618, Const=118224.9531) | Viol_Order(max=2.00, mean=0.0406) | Viol_Exist(max=2.00, mean=1.0049) | Mu_O(max=10.6) Mu_E(max=10.6) | Lam_O(max=36.00) Lam_E(max=64.03)
  [Outer 15/15] Loss (KL=22.7771, Const=355600.4375) | Viol_Order(max=2.00, mean=0.0465) | Viol_Exist(max=2.00, mean=0.9927) | Mu_O(max=39.4) Mu_E(max=39.4) | Lam_O(max=131.90) Lam_E(max=255.82)

[Projection Start] Batch: 512, Constraints: 33
  [Outer 01/15] Loss (KL=0.0004, Const=2656.1748) | Viol_Order(max=2.00, mean=0.0473) | Viol_Exist(max=2.00, mean=0.9935) | Mu_O(max=1.0) Mu_E(max=1.0) | Lam_O(max=0.00) Lam_E(max=0.00)
  [Outer 10/15] Loss (KL=13.1061, Const=118911.2188) | Viol_Order(max=2.00, mean=0.0397) | Viol_Exist(max=2.00, mean=1.0039) | Mu_O(max=10.6) Mu_E(max=10.6) | Lam_O(max=32.01) Lam_E(max=64.03)
  [Outer 15/15] Loss (KL=22.7928, Const=354208.7500) | Viol_Order(max=2.00, mean=0.0441) | Viol_Exist(max=2.00, mean=0.9949) | Mu_O(max=39.4) Mu_E(max=39.4) | Lam_O(max=127.91) Lam_E(max=255.82)

[Projection Start] Batch: 512, Constraints: 33
  [Outer 01/15] Loss (KL=0.0015, Const=2652.6313) | Viol_Order(max=2.00, mean=0.0459) | Viol_Exist(max=2.00, mean=0.9935) | Mu_O(max=1.0) Mu_E(max=1.0) | Lam_O(max=0.00) Lam_E(max=0.00)
  [Outer 10/15] Loss (KL=13.2104, Const=118458.4219) | Viol_Order(max=2.00, mean=0.0385) | Viol_Exist(max=2.00, mean=1.0033) | Mu_O(max=10.6) Mu_E(max=10.6) | Lam_O(max=38.20) Lam_E(max=64.03)
  [Outer 15/15] Loss (KL=21.8636, Const=351985.1250) | Viol_Order(max=1.00, mean=0.0448) | Viol_Exist(max=2.00, mean=0.9930) | Mu_O(max=39.4) Mu_E(max=39.4) | Lam_O(max=127.91) Lam_E(max=255.82)

[Projection Start] Batch: 512, Constraints: 33
  [Outer 01/15] Loss (KL=0.0013, Const=2661.5254) | Viol_Order(max=2.00, mean=0.0466) | Viol_Exist(max=2.00, mean=0.9935) | Mu_O(max=1.0) Mu_E(max=1.0) | Lam_O(max=0.00) Lam_E(max=0.00)
  [Outer 10/15] Loss (KL=13.2493, Const=119279.9062) | Viol_Order(max=2.00, mean=0.0426) | Viol_Exist(max=2.00, mean=1.0036) | Mu_O(max=10.6) Mu_E(max=10.6) | Lam_O(max=32.01) Lam_E(max=64.03)
  [Outer 15/15] Loss (KL=22.0494, Const=355797.5625) | Viol_Order(max=2.00, mean=0.0468) | Viol_Exist(max=2.00, mean=0.9933) | Mu_O(max=39.4) Mu_E(max=39.4) | Lam_O(max=145.83) Lam_E(max=255.82)

[Projection Start] Batch: 512, Constraints: 33
  [Outer 01/15] Loss (KL=0.0014, Const=2664.2170) | Viol_Order(max=2.00, mean=0.0480) | Viol_Exist(max=2.00, mean=0.9934) | Mu_O(max=1.0) Mu_E(max=1.0) | Lam_O(max=0.00) Lam_E(max=0.00)
  [Outer 10/15] Loss (KL=13.5319, Const=118132.4219) | Viol_Order(max=2.00, mean=0.0406) | Viol_Exist(max=2.00, mean=1.0046) | Mu_O(max=10.6) Mu_E(max=10.6) | Lam_O(max=32.01) Lam_E(max=64.03)
  [Outer 15/15] Loss (KL=23.5426, Const=349169.6562) | Viol_Order(max=2.00, mean=0.0447) | Viol_Exist(max=2.00, mean=0.9924) | Mu_O(max=39.4) Mu_E(max=39.4) | Lam_O(max=127.91) Lam_E(max=255.82)

[Projection Start] Batch: 512, Constraints: 33
  [Outer 01/15] Loss (KL=0.0006, Const=2630.1970) | Viol_Order(max=3.00, mean=0.0459) | Viol_Exist(max=2.00, mean=0.9915) | Mu_O(max=1.0) Mu_E(max=1.0) | Lam_O(max=0.00) Lam_E(max=0.00)
  [Outer 10/15] Loss (KL=13.3006, Const=117681.7188) | Viol_Order(max=3.00, mean=0.0378) | Viol_Exist(max=2.00, mean=1.0049) | Mu_O(max=10.6) Mu_E(max=10.6) | Lam_O(max=32.01) Lam_E(max=64.03)
  [Outer 15/15] Loss (KL=23.0817, Const=354395.5625) | Viol_Order(max=2.00, mean=0.0455) | Viol_Exist(max=2.00, mean=0.9925) | Mu_O(max=39.4) Mu_E(max=39.4) | Lam_O(max=127.91) Lam_E(max=255.82)

[Projection Start] Batch: 512, Constraints: 33
  [Outer 01/15] Loss (KL=0.0013, Const=2661.3462) | Viol_Order(max=2.00, mean=0.0460) | Viol_Exist(max=2.00, mean=0.9932) | Mu_O(max=1.0) Mu_E(max=1.0) | Lam_O(max=0.00) Lam_E(max=0.00)
  [Outer 10/15] Loss (KL=13.5008, Const=117992.4219) | Viol_Order(max=2.00, mean=0.0426) | Viol_Exist(max=2.00, mean=1.0063) | Mu_O(max=10.6) Mu_E(max=10.6) | Lam_O(max=32.01) Lam_E(max=64.03)
  [Outer 15/15] Loss (KL=22.7776, Const=352069.2188) | Viol_Order(max=1.00, mean=0.0455) | Viol_Exist(max=2.00, mean=0.9937) | Mu_O(max=39.4) Mu_E(max=39.4) | Lam_O(max=127.91) Lam_E(max=255.82)

[Projection Start] Batch: 512, Constraints: 33
  [Outer 01/15] Loss (KL=0.0016, Const=2674.2959) | Viol_Order(max=2.00, mean=0.0469) | Viol_Exist(max=2.00, mean=0.9938) | Mu_O(max=1.0) Mu_E(max=1.0) | Lam_O(max=0.00) Lam_E(max=0.00)
  [Outer 10/15] Loss (KL=12.8154, Const=119804.6406) | Viol_Order(max=2.00, mean=0.0407) | Viol_Exist(max=2.00, mean=1.0078) | Mu_O(max=10.6) Mu_E(max=10.6) | Lam_O(max=32.01) Lam_E(max=64.03)
  [Outer 15/15] Loss (KL=22.9381, Const=356814.9375) | Viol_Order(max=2.00, mean=0.0418) | Viol_Exist(max=2.00, mean=0.9934) | Mu_O(max=39.4) Mu_E(max=39.4) | Lam_O(max=127.91) Lam_E(max=255.82)

[Projection Start] Batch: 512, Constraints: 33
  [Outer 01/15] Loss (KL=0.0007, Const=2672.4526) | Viol_Order(max=2.00, mean=0.0424) | Viol_Exist(max=2.00, mean=0.9969) | Mu_O(max=1.0) Mu_E(max=1.0) | Lam_O(max=0.00) Lam_E(max=0.00)
  [Outer 10/15] Loss (KL=13.6746, Const=116296.1094) | Viol_Order(max=2.00, mean=0.0398) | Viol_Exist(max=2.00, mean=1.0022) | Mu_O(max=10.6) Mu_E(max=10.6) | Lam_O(max=32.01) Lam_E(max=64.03)
  [Outer 15/15] Loss (KL=22.8078, Const=352030.2500) | Viol_Order(max=1.00, mean=0.0441) | Viol_Exist(max=2.00, mean=0.9892) | Mu_O(max=39.4) Mu_E(max=39.4) | Lam_O(max=127.91) Lam_E(max=255.82)

[Projection Start] Batch: 512, Constraints: 33
  [Outer 01/15] Loss (KL=0.0008, Const=2617.6587) | Viol_Order(max=2.00, mean=0.0450) | Viol_Exist(max=2.00, mean=0.9895) | Mu_O(max=1.0) Mu_E(max=1.0) | Lam_O(max=0.00) Lam_E(max=0.00)
  [Outer 10/15] Loss (KL=12.9201, Const=117994.2969) | Viol_Order(max=2.00, mean=0.0388) | Viol_Exist(max=2.00, mean=1.0033) | Mu_O(max=10.6) Mu_E(max=10.6) | Lam_O(max=32.01) Lam_E(max=64.03)
  [Outer 15/15] Loss (KL=22.0840, Const=354719.4062) | Viol_Order(max=2.00, mean=0.0430) | Viol_Exist(max=2.00, mean=0.9914) | Mu_O(max=39.4) Mu_E(max=39.4) | Lam_O(max=127.91) Lam_E(max=255.82)

[Projection Start] Batch: 512, Constraints: 33
  [Outer 01/15] Loss (KL=0.0009, Const=2602.5903) | Viol_Order(max=2.00, mean=0.0435) | Viol_Exist(max=2.00, mean=0.9915) | Mu_O(max=1.0) Mu_E(max=1.0) | Lam_O(max=0.00) Lam_E(max=0.00)
  [Outer 10/15] Loss (KL=12.5618, Const=119987.6562) | Viol_Order(max=2.00, mean=0.0369) | Viol_Exist(max=2.00, mean=1.0044) | Mu_O(max=10.6) Mu_E(max=10.6) | Lam_O(max=32.01) Lam_E(max=64.03)
  [Outer 15/15] Loss (KL=22.6519, Const=356344.3750) | Viol_Order(max=1.00, mean=0.0410) | Viol_Exist(max=2.00, mean=0.9908) | Mu_O(max=39.4) Mu_E(max=39.4) | Lam_O(max=127.91) Lam_E(max=255.82)

[Projection Start] Batch: 512, Constraints: 33
  [Outer 01/15] Loss (KL=0.0008, Const=2612.2173) | Viol_Order(max=2.00, mean=0.0427) | Viol_Exist(max=2.00, mean=0.9921) | Mu_O(max=1.0) Mu_E(max=1.0) | Lam_O(max=0.00) Lam_E(max=0.00)
  [Outer 10/15] Loss (KL=13.9906, Const=114733.4531) | Viol_Order(max=2.00, mean=0.0409) | Viol_Exist(max=2.00, mean=1.0004) | Mu_O(max=10.6) Mu_E(max=10.6) | Lam_O(max=32.01) Lam_E(max=64.03)
  [Outer 15/15] Loss (KL=22.5916, Const=346399.2188) | Viol_Order(max=2.00, mean=0.0430) | Viol_Exist(max=2.00, mean=0.9948) | Mu_O(max=39.4) Mu_E(max=39.4) | Lam_O(max=127.91) Lam_E(max=255.82)

[Projection Start] Batch: 512, Constraints: 33
  [Outer 01/15] Loss (KL=0.0021, Const=2664.1802) | Viol_Order(max=2.00, mean=0.0443) | Viol_Exist(max=2.00, mean=0.9962) | Mu_O(max=1.0) Mu_E(max=1.0) | Lam_O(max=0.00) Lam_E(max=0.00)
  [Outer 10/15] Loss (KL=14.2191, Const=114913.8906) | Viol_Order(max=2.00, mean=0.0378) | Viol_Exist(max=2.00, mean=1.0018) | Mu_O(max=10.6) Mu_E(max=10.6) | Lam_O(max=32.01) Lam_E(max=64.03)
  [Outer 15/15] Loss (KL=23.8484, Const=344944.2500) | Viol_Order(max=2.00, mean=0.0427) | Viol_Exist(max=2.00, mean=0.9929) | Mu_O(max=39.4) Mu_E(max=39.4) | Lam_O(max=151.21) Lam_E(max=255.82)

[Projection Start] Batch: 512, Constraints: 33
  [Outer 01/15] Loss (KL=0.0005, Const=2624.9746) | Viol_Order(max=2.00, mean=0.0445) | Viol_Exist(max=2.00, mean=0.9922) | Mu_O(max=1.0) Mu_E(max=1.0) | Lam_O(max=0.00) Lam_E(max=0.00)
  [Outer 10/15] Loss (KL=13.8065, Const=113578.1562) | Viol_Order(max=2.00, mean=0.0373) | Viol_Exist(max=2.00, mean=1.0009) | Mu_O(max=10.6) Mu_E(max=10.6) | Lam_O(max=32.01) Lam_E(max=64.03)
  [Outer 15/15] Loss (KL=23.4805, Const=344550.6250) | Viol_Order(max=2.00, mean=0.0433) | Viol_Exist(max=2.00, mean=0.9939) | Mu_O(max=39.4) Mu_E(max=39.4) | Lam_O(max=127.91) Lam_E(max=255.82)

[Projection Start] Batch: 512, Constraints: 33
  [Outer 01/15] Loss (KL=0.0018, Const=2660.4653) | Viol_Order(max=2.00, mean=0.0439) | Viol_Exist(max=2.00, mean=0.9967) | Mu_O(max=1.0) Mu_E(max=1.0) | Lam_O(max=0.00) Lam_E(max=0.00)
  [Outer 10/15] Loss (KL=13.8595, Const=115452.9531) | Viol_Order(max=2.00, mean=0.0386) | Viol_Exist(max=2.00, mean=0.9996) | Mu_O(max=10.6) Mu_E(max=10.6) | Lam_O(max=32.01) Lam_E(max=64.03)
  [Outer 15/15] Loss (KL=23.5758, Const=344733.5625) | Viol_Order(max=2.00, mean=0.0441) | Viol_Exist(max=2.00, mean=0.9912) | Mu_O(max=39.4) Mu_E(max=39.4) | Lam_O(max=127.91) Lam_E(max=255.82)

[Projection Start] Batch: 512, Constraints: 33
  [Outer 01/15] Loss (KL=0.0007, Const=2632.6650) | Viol_Order(max=2.00, mean=0.0450) | Viol_Exist(max=2.00, mean=0.9930) | Mu_O(max=1.0) Mu_E(max=1.0) | Lam_O(max=0.00) Lam_E(max=0.00)
  [Outer 10/15] Loss (KL=14.0477, Const=116162.9141) | Viol_Order(max=2.00, mean=0.0340) | Viol_Exist(max=2.00, mean=1.0064) | Mu_O(max=10.6) Mu_E(max=10.6) | Lam_O(max=32.01) Lam_E(max=64.03)
  [Outer 15/15] Loss (KL=23.5623, Const=344432.6250) | Viol_Order(max=2.00, mean=0.0427) | Viol_Exist(max=2.00, mean=0.9934) | Mu_O(max=39.4) Mu_E(max=39.4) | Lam_O(max=127.91) Lam_E(max=255.82)

[Projection Start] Batch: 512, Constraints: 33
  [Outer 01/15] Loss (KL=0.0007, Const=2648.7092) | Viol_Order(max=2.00, mean=0.0434) | Viol_Exist(max=2.00, mean=0.9937) | Mu_O(max=1.0) Mu_E(max=1.0) | Lam_O(max=0.00) Lam_E(max=0.00)
  [Outer 10/15] Loss (KL=14.0177, Const=115079.9844) | Viol_Order(max=3.00, mean=0.0373) | Viol_Exist(max=2.00, mean=1.0061) | Mu_O(max=10.6) Mu_E(max=10.6) | Lam_O(max=34.31) Lam_E(max=64.03)
  [Outer 15/15] Loss (KL=23.6336, Const=342194.8438) | Viol_Order(max=2.00, mean=0.0448) | Viol_Exist(max=2.00, mean=0.9919) | Mu_O(max=39.4) Mu_E(max=39.4) | Lam_O(max=127.91) Lam_E(max=255.82)

[Projection Start] Batch: 512, Constraints: 33
  [Outer 01/15] Loss (KL=0.0004, Const=2620.1255) | Viol_Order(max=2.00, mean=0.0445) | Viol_Exist(max=2.00, mean=0.9924) | Mu_O(max=1.0) Mu_E(max=1.0) | Lam_O(max=0.00) Lam_E(max=0.00)
  [Outer 10/15] Loss (KL=13.8094, Const=114657.8594) | Viol_Order(max=2.00, mean=0.0378) | Viol_Exist(max=2.00, mean=1.0032) | Mu_O(max=10.6) Mu_E(max=10.6) | Lam_O(max=32.40) Lam_E(max=64.03)
  [Outer 15/15] Loss (KL=23.7165, Const=344119.8750) | Viol_Order(max=2.00, mean=0.0452) | Viol_Exist(max=2.00, mean=0.9905) | Mu_O(max=39.4) Mu_E(max=39.4) | Lam_O(max=127.91) Lam_E(max=255.82)

[Projection Start] Batch: 512, Constraints: 33
  [Outer 01/15] Loss (KL=0.0003, Const=2638.1733) | Viol_Order(max=4.00, mean=0.0459) | Viol_Exist(max=2.00, mean=0.9927) | Mu_O(max=1.0) Mu_E(max=1.0) | Lam_O(max=0.00) Lam_E(max=0.00)
  [Outer 10/15] Loss (KL=13.5809, Const=115286.5938) | Viol_Order(max=2.00, mean=0.0400) | Viol_Exist(max=2.00, mean=1.0027) | Mu_O(max=10.6) Mu_E(max=10.6) | Lam_O(max=32.01) Lam_E(max=64.03)
  [Outer 15/15] Loss (KL=21.7842, Const=346677.3125) | Viol_Order(max=2.00, mean=0.0459) | Viol_Exist(max=2.00, mean=0.9920) | Mu_O(max=39.4) Mu_E(max=39.4) | Lam_O(max=127.91) Lam_E(max=255.82)

[Projection Start] Batch: 512, Constraints: 33
  [Outer 01/15] Loss (KL=0.0015, Const=2664.8335) | Viol_Order(max=3.00, mean=0.0463) | Viol_Exist(max=2.00, mean=0.9947) | Mu_O(max=1.0) Mu_E(max=1.0) | Lam_O(max=0.00) Lam_E(max=0.00)
  [Outer 10/15] Loss (KL=14.2783, Const=114302.8359) | Viol_Order(max=2.00, mean=0.0369) | Viol_Exist(max=2.00, mean=1.0018) | Mu_O(max=10.6) Mu_E(max=10.6) | Lam_O(max=42.57) Lam_E(max=64.03)
  [Outer 15/15] Loss (KL=23.0828, Const=346570.0625) | Viol_Order(max=2.00, mean=0.0441) | Viol_Exist(max=2.00, mean=0.9938) | Mu_O(max=39.4) Mu_E(max=39.4) | Lam_O(max=127.91) Lam_E(max=255.82)

[Projection Start] Batch: 512, Constraints: 33
  [Outer 01/15] Loss (KL=0.0006, Const=2640.8999) | Viol_Order(max=3.00, mean=0.0454) | Viol_Exist(max=2.00, mean=0.9931) | Mu_O(max=1.0) Mu_E(max=1.0) | Lam_O(max=0.00) Lam_E(max=0.00)
  [Outer 10/15] Loss (KL=14.0818, Const=113223.9453) | Viol_Order(max=2.00, mean=0.0364) | Viol_Exist(max=2.00, mean=1.0005) | Mu_O(max=10.6) Mu_E(max=10.6) | Lam_O(max=32.01) Lam_E(max=64.03)
  [Outer 15/15] Loss (KL=23.3447, Const=341838.6875) | Viol_Order(max=2.00, mean=0.0422) | Viol_Exist(max=2.00, mean=0.9920) | Mu_O(max=39.4) Mu_E(max=39.4) | Lam_O(max=127.91) Lam_E(max=255.82)

[Projection Start] Batch: 512, Constraints: 33
  [Outer 01/15] Loss (KL=0.0003, Const=2612.2754) | Viol_Order(max=2.00, mean=0.0424) | Viol_Exist(max=2.00, mean=0.9929) | Mu_O(max=1.0) Mu_E(max=1.0) | Lam_O(max=0.00) Lam_E(max=0.00)
  [Outer 10/15] Loss (KL=13.6674, Const=113915.8047) | Viol_Order(max=2.00, mean=0.0381) | Viol_Exist(max=2.00, mean=1.0011) | Mu_O(max=10.6) Mu_E(max=10.6) | Lam_O(max=32.01) Lam_E(max=64.03)
  [Outer 15/15] Loss (KL=23.1448, Const=348152.0000) | Viol_Order(max=2.00, mean=0.0421) | Viol_Exist(max=2.00, mean=0.9960) | Mu_O(max=39.4) Mu_E(max=39.4) | Lam_O(max=127.91) Lam_E(max=255.82)

[Projection Start] Batch: 512, Constraints: 33
  [Outer 01/15] Loss (KL=0.0004, Const=2648.7295) | Viol_Order(max=3.00, mean=0.0430) | Viol_Exist(max=2.00, mean=0.9953) | Mu_O(max=1.0) Mu_E(max=1.0) | Lam_O(max=0.00) Lam_E(max=0.00)
  [Outer 10/15] Loss (KL=13.8493, Const=115110.6016) | Viol_Order(max=2.00, mean=0.0374) | Viol_Exist(max=2.00, mean=0.9997) | Mu_O(max=10.6) Mu_E(max=10.6) | Lam_O(max=32.01) Lam_E(max=64.03)
  [Outer 15/15] Loss (KL=24.1321, Const=345740.9375) | Viol_Order(max=2.00, mean=0.0409) | Viol_Exist(max=2.00, mean=0.9944) | Mu_O(max=39.4) Mu_E(max=39.4) | Lam_O(max=127.91) Lam_E(max=255.82)

[Projection Start] Batch: 512, Constraints: 33
  [Outer 01/15] Loss (KL=0.0006, Const=2630.9194) | Viol_Order(max=2.00, mean=0.0420) | Viol_Exist(max=2.00, mean=0.9949) | Mu_O(max=1.0) Mu_E(max=1.0) | Lam_O(max=0.00) Lam_E(max=0.00)
  [Outer 10/15] Loss (KL=13.7498, Const=114854.2266) | Viol_Order(max=2.00, mean=0.0392) | Viol_Exist(max=2.00, mean=1.0028) | Mu_O(max=10.6) Mu_E(max=10.6) | Lam_O(max=32.01) Lam_E(max=64.03)
  [Outer 15/15] Loss (KL=23.1011, Const=344764.2500) | Viol_Order(max=2.00, mean=0.0444) | Viol_Exist(max=2.00, mean=0.9929) | Mu_O(max=39.4) Mu_E(max=39.4) | Lam_O(max=127.91) Lam_E(max=255.82)

[Projection Start] Batch: 512, Constraints: 33
  [Outer 01/15] Loss (KL=0.0004, Const=2631.2021) | Viol_Order(max=2.00, mean=0.0443) | Viol_Exist(max=2.00, mean=0.9945) | Mu_O(max=1.0) Mu_E(max=1.0) | Lam_O(max=0.00) Lam_E(max=0.00)
  [Outer 10/15] Loss (KL=14.0843, Const=113689.5625) | Viol_Order(max=2.00, mean=0.0372) | Viol_Exist(max=2.00, mean=1.0007) | Mu_O(max=10.6) Mu_E(max=10.6) | Lam_O(max=43.03) Lam_E(max=64.03)
  [Outer 15/15] Loss (KL=22.8290, Const=344246.5625) | Viol_Order(max=2.00, mean=0.0442) | Viol_Exist(max=2.00, mean=0.9925) | Mu_O(max=39.4) Mu_E(max=39.4) | Lam_O(max=138.93) Lam_E(max=255.82)

[Projection Start] Batch: 512, Constraints: 33
  [Outer 01/15] Loss (KL=0.0012, Const=2634.1599) | Viol_Order(max=2.00, mean=0.0453) | Viol_Exist(max=2.00, mean=0.9924) | Mu_O(max=1.0) Mu_E(max=1.0) | Lam_O(max=0.00) Lam_E(max=0.00)
  [Outer 10/15] Loss (KL=14.7511, Const=111064.4297) | Viol_Order(max=2.00, mean=0.0347) | Viol_Exist(max=2.00, mean=1.0037) | Mu_O(max=10.6) Mu_E(max=10.6) | Lam_O(max=32.01) Lam_E(max=64.03)
  [Outer 15/15] Loss (KL=23.4318, Const=337058.5625) | Viol_Order(max=2.00, mean=0.0430) | Viol_Exist(max=2.00, mean=0.9920) | Mu_O(max=39.4) Mu_E(max=39.4) | Lam_O(max=138.52) Lam_E(max=255.82)

[Projection Start] Batch: 512, Constraints: 33
  [Outer 01/15] Loss (KL=0.0005, Const=2624.0015) | Viol_Order(max=2.00, mean=0.0437) | Viol_Exist(max=2.00, mean=0.9938) | Mu_O(max=1.0) Mu_E(max=1.0) | Lam_O(max=0.00) Lam_E(max=0.00)
  [Outer 10/15] Loss (KL=14.3909, Const=114316.9844) | Viol_Order(max=2.00, mean=0.0359) | Viol_Exist(max=2.00, mean=1.0036) | Mu_O(max=10.6) Mu_E(max=10.6) | Lam_O(max=32.01) Lam_E(max=64.03)
  [Outer 15/15] Loss (KL=22.8443, Const=352332.6875) | Viol_Order(max=2.00, mean=0.0420) | Viol_Exist(max=2.00, mean=0.9932) | Mu_O(max=39.4) Mu_E(max=39.4) | Lam_O(max=127.91) Lam_E(max=255.82)

[Projection Start] Batch: 512, Constraints: 33
  [Outer 01/15] Loss (KL=0.0004, Const=2618.2542) | Viol_Order(max=2.00, mean=0.0440) | Viol_Exist(max=2.00, mean=0.9943) | Mu_O(max=1.0) Mu_E(max=1.0) | Lam_O(max=0.00) Lam_E(max=0.00)
  [Outer 10/15] Loss (KL=13.6861, Const=116199.1094) | Viol_Order(max=2.00, mean=0.0362) | Viol_Exist(max=2.00, mean=1.0023) | Mu_O(max=10.6) Mu_E(max=10.6) | Lam_O(max=32.01) Lam_E(max=64.03)
  [Outer 15/15] Loss (KL=23.2790, Const=347530.3125) | Viol_Order(max=2.00, mean=0.0421) | Viol_Exist(max=2.00, mean=0.9928) | Mu_O(max=39.4) Mu_E(max=39.4) | Lam_O(max=127.91) Lam_E(max=255.82)

[Projection Start] Batch: 512, Constraints: 33
  [Outer 01/15] Loss (KL=0.0004, Const=2649.0815) | Viol_Order(max=3.00, mean=0.0440) | Viol_Exist(max=2.00, mean=0.9964) | Mu_O(max=1.0) Mu_E(max=1.0) | Lam_O(max=0.00) Lam_E(max=0.00)
  [Outer 10/15] Loss (KL=13.9700, Const=113975.1094) | Viol_Order(max=2.00, mean=0.0375) | Viol_Exist(max=2.00, mean=1.0043) | Mu_O(max=10.6) Mu_E(max=10.6) | Lam_O(max=32.01) Lam_E(max=64.03)
  [Outer 15/15] Loss (KL=22.9572, Const=347301.8438) | Viol_Order(max=2.00, mean=0.0443) | Viol_Exist(max=2.00, mean=0.9913) | Mu_O(max=39.4) Mu_E(max=39.4) | Lam_O(max=127.91) Lam_E(max=255.82)

[Projection Start] Batch: 512, Constraints: 33
  [Outer 01/15] Loss (KL=0.0011, Const=2619.9590) | Viol_Order(max=2.00, mean=0.0444) | Viol_Exist(max=2.00, mean=0.9934) | Mu_O(max=1.0) Mu_E(max=1.0) | Lam_O(max=0.00) Lam_E(max=0.00)
  [Outer 10/15] Loss (KL=13.9102, Const=114273.4531) | Viol_Order(max=2.00, mean=0.0374) | Viol_Exist(max=2.00, mean=1.0041) | Mu_O(max=10.6) Mu_E(max=10.6) | Lam_O(max=32.01) Lam_E(max=64.03)
  [Outer 15/15] Loss (KL=22.7390, Const=347835.7500) | Viol_Order(max=2.00, mean=0.0416) | Viol_Exist(max=2.00, mean=0.9939) | Mu_O(max=39.4) Mu_E(max=39.4) | Lam_O(max=127.91) Lam_E(max=255.82)

[Projection Start] Batch: 512, Constraints: 33
  [Outer 01/15] Loss (KL=0.0010, Const=2625.5210) | Viol_Order(max=2.00, mean=0.0424) | Viol_Exist(max=2.00, mean=0.9950) | Mu_O(max=1.0) Mu_E(max=1.0) | Lam_O(max=0.00) Lam_E(max=0.00)
  [Outer 10/15] Loss (KL=13.6655, Const=116195.3438) | Viol_Order(max=2.00, mean=0.0358) | Viol_Exist(max=2.00, mean=1.0043) | Mu_O(max=10.6) Mu_E(max=10.6) | Lam_O(max=32.01) Lam_E(max=64.03)
  [Outer 15/15] Loss (KL=22.6800, Const=346634.2188) | Viol_Order(max=1.00, mean=0.0407) | Viol_Exist(max=2.00, mean=0.9912) | Mu_O(max=39.4) Mu_E(max=39.4) | Lam_O(max=127.91) Lam_E(max=255.82)

[Projection Start] Batch: 512, Constraints: 33
  [Outer 01/15] Loss (KL=0.0005, Const=2596.8384) | Viol_Order(max=2.00, mean=0.0423) | Viol_Exist(max=2.00, mean=0.9944) | Mu_O(max=1.0) Mu_E(max=1.0) | Lam_O(max=0.00) Lam_E(max=0.00)
  [Outer 10/15] Loss (KL=13.9079, Const=115027.6172) | Viol_Order(max=2.00, mean=0.0367) | Viol_Exist(max=2.00, mean=1.0020) | Mu_O(max=10.6) Mu_E(max=10.6) | Lam_O(max=32.01) Lam_E(max=64.03)
  [Outer 15/15] Loss (KL=23.1328, Const=343333.1875) | Viol_Order(max=2.00, mean=0.0424) | Viol_Exist(max=2.00, mean=0.9916) | Mu_O(max=39.4) Mu_E(max=39.4) | Lam_O(max=127.91) Lam_E(max=255.82)

[Projection Start] Batch: 512, Constraints: 33
  [Outer 01/15] Loss (KL=0.0009, Const=2607.9517) | Viol_Order(max=2.00, mean=0.0440) | Viol_Exist(max=2.00, mean=0.9933) | Mu_O(max=1.0) Mu_E(max=1.0) | Lam_O(max=0.00) Lam_E(max=0.00)
  [Outer 10/15] Loss (KL=14.2869, Const=112306.2031) | Viol_Order(max=2.00, mean=0.0365) | Viol_Exist(max=2.00, mean=1.0018) | Mu_O(max=10.6) Mu_E(max=10.6) | Lam_O(max=32.01) Lam_E(max=64.03)
  [Outer 15/15] Loss (KL=23.2054, Const=342975.4375) | Viol_Order(max=2.00, mean=0.0426) | Viol_Exist(max=2.00, mean=0.9925) | Mu_O(max=39.4) Mu_E(max=39.4) | Lam_O(max=127.91) Lam_E(max=255.82)

[Projection Start] Batch: 512, Constraints: 33
  [Outer 01/15] Loss (KL=0.0009, Const=2613.9473) | Viol_Order(max=4.00, mean=0.0440) | Viol_Exist(max=2.00, mean=0.9929) | Mu_O(max=1.0) Mu_E(max=1.0) | Lam_O(max=0.00) Lam_E(max=0.00)
  [Outer 10/15] Loss (KL=14.1412, Const=114084.3906) | Viol_Order(max=2.00, mean=0.0347) | Viol_Exist(max=2.00, mean=1.0028) | Mu_O(max=10.6) Mu_E(max=10.6) | Lam_O(max=32.01) Lam_E(max=64.03)
  [Outer 15/15] Loss (KL=23.5969, Const=345396.5625) | Viol_Order(max=2.00, mean=0.0424) | Viol_Exist(max=2.00, mean=0.9915) | Mu_O(max=39.4) Mu_E(max=39.4) | Lam_O(max=127.91) Lam_E(max=255.82)

[Projection Start] Batch: 512, Constraints: 33
  [Outer 01/15] Loss (KL=0.0007, Const=2629.7759) | Viol_Order(max=2.00, mean=0.0432) | Viol_Exist(max=2.00, mean=0.9940) | Mu_O(max=1.0) Mu_E(max=1.0) | Lam_O(max=0.00) Lam_E(max=0.00)
  [Outer 10/15] Loss (KL=13.9027, Const=116187.6484) | Viol_Order(max=2.00, mean=0.0356) | Viol_Exist(max=2.00, mean=1.0043) | Mu_O(max=10.6) Mu_E(max=10.6) | Lam_O(max=32.01) Lam_E(max=64.03)
  [Outer 15/15] Loss (KL=23.3579, Const=349436.5000) | Viol_Order(max=2.00, mean=0.0416) | Viol_Exist(max=2.00, mean=0.9947) | Mu_O(max=39.4) Mu_E(max=39.4) | Lam_O(max=138.52) Lam_E(max=255.82)

[Projection Start] Batch: 512, Constraints: 33
  [Outer 01/15] Loss (KL=0.0006, Const=2620.6599) | Viol_Order(max=2.00, mean=0.0436) | Viol_Exist(max=2.00, mean=0.9943) | Mu_O(max=1.0) Mu_E(max=1.0) | Lam_O(max=0.00) Lam_E(max=0.00)
  [Outer 10/15] Loss (KL=14.3601, Const=113628.9219) | Viol_Order(max=2.00, mean=0.0369) | Viol_Exist(max=2.00, mean=1.0055) | Mu_O(max=10.6) Mu_E(max=10.6) | Lam_O(max=36.00) Lam_E(max=64.03)
  [Outer 15/15] Loss (KL=23.1408, Const=343625.1250) | Viol_Order(max=2.00, mean=0.0428) | Viol_Exist(max=2.00, mean=0.9932) | Mu_O(max=39.4) Mu_E(max=39.4) | Lam_O(max=127.91) Lam_E(max=255.82)

[Projection Start] Batch: 512, Constraints: 33
  [Outer 01/15] Loss (KL=0.0004, Const=2615.5859) | Viol_Order(max=2.00, mean=0.0434) | Viol_Exist(max=2.00, mean=0.9943) | Mu_O(max=1.0) Mu_E(max=1.0) | Lam_O(max=0.00) Lam_E(max=0.00)
  [Outer 10/15] Loss (KL=14.6795, Const=112703.2969) | Viol_Order(max=2.00, mean=0.0366) | Viol_Exist(max=2.00, mean=1.0073) | Mu_O(max=10.6) Mu_E(max=10.6) | Lam_O(max=32.01) Lam_E(max=64.03)
  [Outer 15/15] Loss (KL=23.3372, Const=341409.4375) | Viol_Order(max=2.00, mean=0.0426) | Viol_Exist(max=2.00, mean=0.9921) | Mu_O(max=39.4) Mu_E(max=39.4) | Lam_O(max=127.91) Lam_E(max=255.82)

[Projection Start] Batch: 512, Constraints: 33
  [Outer 01/15] Loss (KL=0.0007, Const=2610.8833) | Viol_Order(max=2.00, mean=0.0437) | Viol_Exist(max=2.00, mean=0.9930) | Mu_O(max=1.0) Mu_E(max=1.0) | Lam_O(max=0.00) Lam_E(max=0.00)
  [Outer 10/15] Loss (KL=14.3400, Const=113640.2344) | Viol_Order(max=2.00, mean=0.0372) | Viol_Exist(max=2.00, mean=1.0060) | Mu_O(max=10.6) Mu_E(max=10.6) | Lam_O(max=32.01) Lam_E(max=64.03)
  [Outer 15/15] Loss (KL=23.1364, Const=338216.3125) | Viol_Order(max=2.00, mean=0.0386) | Viol_Exist(max=2.00, mean=0.9924) | Mu_O(max=39.4) Mu_E(max=39.4) | Lam_O(max=127.91) Lam_E(max=255.82)

[Projection Start] Batch: 512, Constraints: 33
  [Outer 01/15] Loss (KL=0.0020, Const=2584.5422) | Viol_Order(max=2.00, mean=0.0396) | Viol_Exist(max=2.00, mean=0.9931) | Mu_O(max=1.0) Mu_E(max=1.0) | Lam_O(max=0.00) Lam_E(max=0.00)
  [Outer 10/15] Loss (KL=13.9792, Const=110843.9844) | Viol_Order(max=2.00, mean=0.0364) | Viol_Exist(max=2.00, mean=0.9993) | Mu_O(max=10.6) Mu_E(max=10.6) | Lam_O(max=32.01) Lam_E(max=64.03)
  [Outer 15/15] Loss (KL=22.4966, Const=338439.3125) | Viol_Order(max=2.00, mean=0.0421) | Viol_Exist(max=2.00, mean=0.9917) | Mu_O(max=39.4) Mu_E(max=39.4) | Lam_O(max=127.91) Lam_E(max=255.82)

[Projection Start] Batch: 512, Constraints: 33
  [Outer 01/15] Loss (KL=0.0007, Const=2612.8643) | Viol_Order(max=2.00, mean=0.0435) | Viol_Exist(max=2.00, mean=0.9934) | Mu_O(max=1.0) Mu_E(max=1.0) | Lam_O(max=0.00) Lam_E(max=0.00)
  [Outer 10/15] Loss (KL=13.9816, Const=113594.3281) | Viol_Order(max=2.00, mean=0.0341) | Viol_Exist(max=2.00, mean=1.0062) | Mu_O(max=10.6) Mu_E(max=10.6) | Lam_O(max=32.01) Lam_E(max=64.03)
  [Outer 15/15] Loss (KL=23.6833, Const=338167.7500) | Viol_Order(max=2.00, mean=0.0397) | Viol_Exist(max=2.00, mean=0.9918) | Mu_O(max=39.4) Mu_E(max=39.4) | Lam_O(max=127.91) Lam_E(max=255.82)

[Projection Start] Batch: 512, Constraints: 33
  [Outer 01/15] Loss (KL=0.0004, Const=2591.3313) | Viol_Order(max=2.00, mean=0.0414) | Viol_Exist(max=2.00, mean=0.9941) | Mu_O(max=1.0) Mu_E(max=1.0) | Lam_O(max=0.00) Lam_E(max=0.00)
  [Outer 10/15] Loss (KL=14.2780, Const=110787.5078) | Viol_Order(max=2.00, mean=0.0336) | Viol_Exist(max=2.00, mean=0.9999) | Mu_O(max=10.6) Mu_E(max=10.6) | Lam_O(max=35.73) Lam_E(max=64.03)
  [Outer 15/15] Loss (KL=23.4561, Const=331012.0625) | Viol_Order(max=2.00, mean=0.0414) | Viol_Exist(max=2.00, mean=0.9927) | Mu_O(max=39.4) Mu_E(max=39.4) | Lam_O(max=127.91) Lam_E(max=255.82)

[Projection Start] Batch: 512, Constraints: 33
  [Outer 01/15] Loss (KL=0.0005, Const=2606.1040) | Viol_Order(max=2.00, mean=0.0418) | Viol_Exist(max=2.00, mean=0.9923) | Mu_O(max=1.0) Mu_E(max=1.0) | Lam_O(max=0.00) Lam_E(max=0.00)
  [Outer 10/15] Loss (KL=14.4745, Const=110155.4219) | Viol_Order(max=2.00, mean=0.0355) | Viol_Exist(max=2.00, mean=1.0018) | Mu_O(max=10.6) Mu_E(max=10.6) | Lam_O(max=32.01) Lam_E(max=64.03)
  [Outer 15/15] Loss (KL=22.5656, Const=333246.8125) | Viol_Order(max=2.00, mean=0.0418) | Viol_Exist(max=2.00, mean=0.9943) | Mu_O(max=39.4) Mu_E(max=39.4) | Lam_O(max=127.91) Lam_E(max=255.82)

[Projection Start] Batch: 512, Constraints: 33
  [Outer 01/15] Loss (KL=0.0005, Const=2631.8301) | Viol_Order(max=2.00, mean=0.0436) | Viol_Exist(max=2.00, mean=0.9952) | Mu_O(max=1.0) Mu_E(max=1.0) | Lam_O(max=0.00) Lam_E(max=0.00)
  [Outer 10/15] Loss (KL=15.3684, Const=110000.2422) | Viol_Order(max=2.00, mean=0.0362) | Viol_Exist(max=2.00, mean=1.0056) | Mu_O(max=10.6) Mu_E(max=10.6) | Lam_O(max=32.01) Lam_E(max=64.03)
  [Outer 15/15] Loss (KL=23.9701, Const=333184.1875) | Viol_Order(max=2.00, mean=0.0419) | Viol_Exist(max=2.00, mean=0.9925) | Mu_O(max=39.4) Mu_E(max=39.4) | Lam_O(max=127.91) Lam_E(max=255.82)

[Projection Start] Batch: 512, Constraints: 33
  [Outer 01/15] Loss (KL=0.0007, Const=2599.9004) | Viol_Order(max=2.00, mean=0.0430) | Viol_Exist(max=2.00, mean=0.9928) | Mu_O(max=1.0) Mu_E(max=1.0) | Lam_O(max=0.00) Lam_E(max=0.00)
  [Outer 10/15] Loss (KL=14.3102, Const=111866.7891) | Viol_Order(max=2.00, mean=0.0358) | Viol_Exist(max=2.00, mean=0.9993) | Mu_O(max=10.6) Mu_E(max=10.6) | Lam_O(max=32.01) Lam_E(max=64.03)
  [Outer 15/15] Loss (KL=24.0011, Const=331471.8125) | Viol_Order(max=2.00, mean=0.0414) | Viol_Exist(max=2.00, mean=0.9917) | Mu_O(max=39.4) Mu_E(max=39.4) | Lam_O(max=127.91) Lam_E(max=255.82)

[Projection Start] Batch: 512, Constraints: 33
  [Outer 01/15] Loss (KL=0.0007, Const=2608.1553) | Viol_Order(max=2.00, mean=0.0416) | Viol_Exist(max=2.00, mean=0.9948) | Mu_O(max=1.0) Mu_E(max=1.0) | Lam_O(max=0.00) Lam_E(max=0.00)
  [Outer 10/15] Loss (KL=14.7854, Const=110013.2812) | Viol_Order(max=2.00, mean=0.0340) | Viol_Exist(max=2.00, mean=1.0045) | Mu_O(max=10.6) Mu_E(max=10.6) | Lam_O(max=46.45) Lam_E(max=64.03)
  [Outer 15/15] Loss (KL=23.7215, Const=333780.4375) | Viol_Order(max=2.00, mean=0.0412) | Viol_Exist(max=2.00, mean=0.9943) | Mu_O(max=39.4) Mu_E(max=39.4) | Lam_O(max=127.91) Lam_E(max=255.82)

[Projection Start] Batch: 512, Constraints: 33
  [Outer 01/15] Loss (KL=0.0010, Const=2607.2468) | Viol_Order(max=2.00, mean=0.0420) | Viol_Exist(max=2.00, mean=0.9950) | Mu_O(max=1.0) Mu_E(max=1.0) | Lam_O(max=0.00) Lam_E(max=0.00)
  [Outer 10/15] Loss (KL=14.4343, Const=111228.4688) | Viol_Order(max=2.00, mean=0.0365) | Viol_Exist(max=2.00, mean=1.0023) | Mu_O(max=10.6) Mu_E(max=10.6) | Lam_O(max=32.01) Lam_E(max=64.03)
  [Outer 15/15] Loss (KL=24.2228, Const=333533.6562) | Viol_Order(max=2.00, mean=0.0394) | Viol_Exist(max=2.00, mean=0.9918) | Mu_O(max=39.4) Mu_E(max=39.4) | Lam_O(max=127.91) Lam_E(max=255.82)

[Projection Start] Batch: 512, Constraints: 33
  [Outer 01/15] Loss (KL=0.0011, Const=2602.3728) | Viol_Order(max=2.00, mean=0.0397) | Viol_Exist(max=2.00, mean=0.9946) | Mu_O(max=1.0) Mu_E(max=1.0) | Lam_O(max=0.00) Lam_E(max=0.00)
  [Outer 10/15] Loss (KL=14.9824, Const=109791.4922) | Viol_Order(max=2.00, mean=0.0344) | Viol_Exist(max=2.00, mean=1.0014) | Mu_O(max=10.6) Mu_E(max=10.6) | Lam_O(max=32.01) Lam_E(max=64.03)
  [Outer 15/15] Loss (KL=23.8694, Const=334693.3750) | Viol_Order(max=2.00, mean=0.0404) | Viol_Exist(max=2.00, mean=0.9921) | Mu_O(max=39.4) Mu_E(max=39.4) | Lam_O(max=127.91) Lam_E(max=255.82)

[Projection Start] Batch: 512, Constraints: 33
  [Outer 01/15] Loss (KL=0.0004, Const=2587.3816) | Viol_Order(max=4.00, mean=0.0412) | Viol_Exist(max=2.00, mean=0.9937) | Mu_O(max=1.0) Mu_E(max=1.0) | Lam_O(max=0.00) Lam_E(max=0.00)
  [Outer 10/15] Loss (KL=14.6498, Const=110330.9062) | Viol_Order(max=2.00, mean=0.0362) | Viol_Exist(max=2.00, mean=1.0017) | Mu_O(max=10.6) Mu_E(max=10.6) | Lam_O(max=40.17) Lam_E(max=64.03)
  [Outer 15/15] Loss (KL=24.0853, Const=328162.1562) | Viol_Order(max=2.00, mean=0.0405) | Viol_Exist(max=2.00, mean=0.9927) | Mu_O(max=39.4) Mu_E(max=39.4) | Lam_O(max=136.07) Lam_E(max=255.82)

[Projection Start] Batch: 512, Constraints: 33
  [Outer 01/15] Loss (KL=0.0009, Const=2581.8137) | Viol_Order(max=2.00, mean=0.0417) | Viol_Exist(max=2.00, mean=0.9926) | Mu_O(max=1.0) Mu_E(max=1.0) | Lam_O(max=0.00) Lam_E(max=0.00)
  [Outer 10/15] Loss (KL=15.2893, Const=106732.9219) | Viol_Order(max=4.00, mean=0.0352) | Viol_Exist(max=2.00, mean=1.0022) | Mu_O(max=10.6) Mu_E(max=10.6) | Lam_O(max=41.91) Lam_E(max=64.03)
  [Outer 15/15] Loss (KL=23.6194, Const=326100.8750) | Viol_Order(max=2.00, mean=0.0409) | Viol_Exist(max=2.00, mean=0.9931) | Mu_O(max=39.4) Mu_E(max=39.4) | Lam_O(max=137.81) Lam_E(max=255.82)

[Projection Start] Batch: 512, Constraints: 33
  [Outer 01/15] Loss (KL=0.0013, Const=2601.4297) | Viol_Order(max=2.00, mean=0.0406) | Viol_Exist(max=2.00, mean=0.9948) | Mu_O(max=1.0) Mu_E(max=1.0) | Lam_O(max=0.00) Lam_E(max=0.00)
  [Outer 10/15] Loss (KL=14.5963, Const=109770.6953) | Viol_Order(max=2.00, mean=0.0369) | Viol_Exist(max=2.00, mean=1.0005) | Mu_O(max=10.6) Mu_E(max=10.6) | Lam_O(max=32.01) Lam_E(max=64.03)
  [Outer 15/15] Loss (KL=24.3713, Const=325849.6250) | Viol_Order(max=2.00, mean=0.0383) | Viol_Exist(max=2.00, mean=0.9937) | Mu_O(max=39.4) Mu_E(max=39.4) | Lam_O(max=127.91) Lam_E(max=255.82)

[Projection Start] Batch: 512, Constraints: 33
  [Outer 01/15] Loss (KL=0.0006, Const=2583.0684) | Viol_Order(max=2.00, mean=0.0397) | Viol_Exist(max=2.00, mean=0.9931) | Mu_O(max=1.0) Mu_E(max=1.0) | Lam_O(max=0.00) Lam_E(max=0.00)
  [Outer 10/15] Loss (KL=15.0830, Const=106679.5312) | Viol_Order(max=2.00, mean=0.0362) | Viol_Exist(max=2.00, mean=1.0008) | Mu_O(max=10.6) Mu_E(max=10.6) | Lam_O(max=32.01) Lam_E(max=64.03)
  [Outer 15/15] Loss (KL=23.5439, Const=327151.8750) | Viol_Order(max=2.00, mean=0.0386) | Viol_Exist(max=2.00, mean=0.9936) | Mu_O(max=39.4) Mu_E(max=39.4) | Lam_O(max=127.91) Lam_E(max=255.82)

[Projection Start] Batch: 512, Constraints: 33
  [Outer 01/15] Loss (KL=0.0007, Const=2527.3691) | Viol_Order(max=2.00, mean=0.0391) | Viol_Exist(max=2.00, mean=0.9939) | Mu_O(max=1.0) Mu_E(max=1.0) | Lam_O(max=0.00) Lam_E(max=0.00)
  [Outer 10/15] Loss (KL=14.2937, Const=104017.8750) | Viol_Order(max=2.00, mean=0.0403) | Viol_Exist(max=2.00, mean=0.9955) | Mu_O(max=10.6) Mu_E(max=10.6) | Lam_O(max=32.01) Lam_E(max=64.03)
  [Outer 15/15] Loss (KL=24.0750, Const=307033.7500) | Viol_Order(max=2.00, mean=0.0405) | Viol_Exist(max=2.00, mean=0.9989) | Mu_O(max=39.4) Mu_E(max=39.4) | Lam_O(max=127.91) Lam_E(max=255.82)
[DEBUG][shape] time torch.Size([512, 15])
[DEBUG][shape] mask torch.Size([512, 15])
[DEBUG][shape] tau  torch.Size([512, 15])
[DEBUG][shape] cond1 torch.Size([512, 15])
[DEBUG][shape] unpadded_length torch.Size([512]) 14
[DEBUG][shape] content_token torch.Size([512, 31])
po_matrix shape: torch.Size([512, 9, 9]) sum0: 20.0
tau before cond_encoder: torch.Size([512, 13]) time: torch.Size([512, 13])
tau after  cond_encoder: torch.Size([512, 13]) time: torch.Size([512, 13])

[Projection Start] Batch: 512, Constraints: 33
  [Outer 01/15] Loss (KL=0.2257, Const=5388.7939) | Viol_Order(max=0.00, mean=0.0000) | Viol_Exist(max=2.00, mean=1.9995) | Mu_O(max=1.0) Mu_E(max=1.0) | Lam_O(max=0.00) Lam_E(max=0.00)
  [Outer 10/15] Loss (KL=73.7544, Const=163035.8281) | Viol_Order(max=4.00, mean=0.0648) | Viol_Exist(max=2.00, mean=1.1790) | Mu_O(max=8.2) Mu_E(max=10.6) | Lam_O(max=33.05) Lam_E(max=64.03)
  [Outer 15/15] Loss (KL=115.2487, Const=451008.0000) | Viol_Order(max=3.00, mean=0.0727) | Viol_Exist(max=2.00, mean=1.0494) | Mu_O(max=23.3) Mu_E(max=39.4) | Lam_O(max=83.09) Lam_E(max=255.82)

[Projection Start] Batch: 512, Constraints: 33
  [Outer 01/15] Loss (KL=0.3537, Const=5046.8813) | Viol_Order(max=0.00, mean=0.0000) | Viol_Exist(max=2.00, mean=1.9869) | Mu_O(max=1.0) Mu_E(max=1.0) | Lam_O(max=0.00) Lam_E(max=0.00)
  [Outer 10/15] Loss (KL=70.5687, Const=157232.5000) | Viol_Order(max=6.00, mean=0.0587) | Viol_Exist(max=2.00, mean=1.1569) | Mu_O(max=8.2) Mu_E(max=10.6) | Lam_O(max=35.85) Lam_E(max=64.03)
  [Outer 15/15] Loss (KL=109.7666, Const=434862.5312) | Viol_Order(max=3.00, mean=0.0674) | Viol_Exist(max=2.00, mean=1.0540) | Mu_O(max=30.3) Mu_E(max=39.4) | Lam_O(max=123.40) Lam_E(max=255.82)

[Projection Start] Batch: 512, Constraints: 33
  [Outer 01/15] Loss (KL=0.4689, Const=4947.5088) | Viol_Order(max=1.00, mean=0.0001) | Viol_Exist(max=2.00, mean=1.9644) | Mu_O(max=1.0) Mu_E(max=1.0) | Lam_O(max=0.00) Lam_E(max=0.00)
  [Outer 10/15] Loss (KL=67.9375, Const=154718.9688) | Viol_Order(max=6.00, mean=0.0567) | Viol_Exist(max=2.00, mean=1.1528) | Mu_O(max=10.6) Mu_E(max=10.6) | Lam_O(max=36.61) Lam_E(max=64.03)
  [Outer 15/15] Loss (KL=105.5028, Const=429780.3125) | Viol_Order(max=4.00, mean=0.0695) | Viol_Exist(max=2.00, mean=1.0489) | Mu_O(max=39.4) Mu_E(max=39.4) | Lam_O(max=129.21) Lam_E(max=255.82)

[Projection Start] Batch: 512, Constraints: 33
  [Outer 01/15] Loss (KL=0.5128, Const=4880.0479) | Viol_Order(max=1.00, mean=0.0002) | Viol_Exist(max=2.00, mean=1.9460) | Mu_O(max=1.0) Mu_E(max=1.0) | Lam_O(max=0.00) Lam_E(max=0.00)
  [Outer 10/15] Loss (KL=65.9202, Const=150365.0156) | Viol_Order(max=4.00, mean=0.0582) | Viol_Exist(max=2.00, mean=1.1375) | Mu_O(max=8.2) Mu_E(max=10.6) | Lam_O(max=28.61) Lam_E(max=64.03)
  [Outer 15/15] Loss (KL=101.1686, Const=420041.1250) | Viol_Order(max=5.00, mean=0.0643) | Viol_Exist(max=2.00, mean=1.0438) | Mu_O(max=30.3) Mu_E(max=39.4) | Lam_O(max=98.62) Lam_E(max=255.82)

[Projection Start] Batch: 512, Constraints: 33
  [Outer 01/15] Loss (KL=0.6400, Const=4832.0381) | Viol_Order(max=2.00, mean=0.0005) | Viol_Exist(max=2.00, mean=1.9018) | Mu_O(max=1.0) Mu_E(max=1.0) | Lam_O(max=0.00) Lam_E(max=0.00)
  [Outer 10/15] Loss (KL=63.2155, Const=146075.0312) | Viol_Order(max=4.00, mean=0.0558) | Viol_Exist(max=2.00, mean=1.1252) | Mu_O(max=10.6) Mu_E(max=10.6) | Lam_O(max=35.17) Lam_E(max=64.03)
  [Outer 15/15] Loss (KL=97.0717, Const=407503.7500) | Viol_Order(max=4.00, mean=0.0645) | Viol_Exist(max=2.00, mean=1.0412) | Mu_O(max=39.4) Mu_E(max=39.4) | Lam_O(max=127.91) Lam_E(max=255.82)

[Projection Start] Batch: 512, Constraints: 33
  [Outer 01/15] Loss (KL=0.6748, Const=4815.6968) | Viol_Order(max=1.00, mean=0.0018) | Viol_Exist(max=2.00, mean=1.8729) | Mu_O(max=1.0) Mu_E(max=1.0) | Lam_O(max=0.00) Lam_E(max=0.00)
  [Outer 10/15] Loss (KL=61.4178, Const=144404.0625) | Viol_Order(max=4.00, mean=0.0600) | Viol_Exist(max=2.00, mean=1.1101) | Mu_O(max=10.6) Mu_E(max=10.6) | Lam_O(max=35.47) Lam_E(max=64.03)
  [Outer 15/15] Loss (KL=93.6866, Const=401269.0625) | Viol_Order(max=3.00, mean=0.0613) | Viol_Exist(max=2.00, mean=1.0340) | Mu_O(max=39.4) Mu_E(max=39.4) | Lam_O(max=129.21) Lam_E(max=255.82)

[Projection Start] Batch: 512, Constraints: 33
  [Outer 01/15] Loss (KL=0.6826, Const=4820.9590) | Viol_Order(max=3.00, mean=0.0031) | Viol_Exist(max=2.00, mean=1.8440) | Mu_O(max=1.0) Mu_E(max=1.0) | Lam_O(max=0.00) Lam_E(max=0.00)
  [Outer 10/15] Loss (KL=59.3527, Const=141434.1719) | Viol_Order(max=5.00, mean=0.0592) | Viol_Exist(max=2.00, mean=1.0958) | Mu_O(max=10.6) Mu_E(max=10.6) | Lam_O(max=50.07) Lam_E(max=64.03)
  [Outer 15/15] Loss (KL=90.6054, Const=392694.6875) | Viol_Order(max=4.00, mean=0.0652) | Viol_Exist(max=2.00, mean=1.0306) | Mu_O(max=39.4) Mu_E(max=39.4) | Lam_O(max=145.97) Lam_E(max=255.82)

[Projection Start] Batch: 512, Constraints: 33
  [Outer 01/15] Loss (KL=0.7648, Const=4786.3232) | Viol_Order(max=3.00, mean=0.0049) | Viol_Exist(max=2.00, mean=1.7789) | Mu_O(max=1.0) Mu_E(max=1.0) | Lam_O(max=0.00) Lam_E(max=0.00)
  [Outer 10/15] Loss (KL=56.5844, Const=140414.0938) | Viol_Order(max=4.00, mean=0.0624) | Viol_Exist(max=2.00, mean=1.0872) | Mu_O(max=10.6) Mu_E(max=10.6) | Lam_O(max=44.21) Lam_E(max=64.03)
  [Outer 15/15] Loss (KL=87.0577, Const=387339.0000) | Viol_Order(max=2.00, mean=0.0682) | Viol_Exist(max=2.00, mean=1.0269) | Mu_O(max=39.4) Mu_E(max=39.4) | Lam_O(max=127.91) Lam_E(max=255.82)

[Projection Start] Batch: 512, Constraints: 33
  [Outer 01/15] Loss (KL=0.7951, Const=4717.6641) | Viol_Order(max=2.00, mean=0.0063) | Viol_Exist(max=2.00, mean=1.7447) | Mu_O(max=1.0) Mu_E(max=1.0) | Lam_O(max=0.00) Lam_E(max=0.00)
  [Outer 10/15] Loss (KL=54.4858, Const=139532.4219) | Viol_Order(max=5.00, mean=0.0576) | Viol_Exist(max=2.00, mean=1.0840) | Mu_O(max=10.6) Mu_E(max=10.6) | Lam_O(max=50.06) Lam_E(max=64.03)
  [Outer 15/15] Loss (KL=83.8557, Const=389268.3750) | Viol_Order(max=2.00, mean=0.0671) | Viol_Exist(max=2.00, mean=1.0275) | Mu_O(max=39.4) Mu_E(max=39.4) | Lam_O(max=129.21) Lam_E(max=255.82)

[Projection Start] Batch: 512, Constraints: 33
  [Outer 01/15] Loss (KL=0.9477, Const=4759.8418) | Viol_Order(max=3.00, mean=0.0122) | Viol_Exist(max=2.00, mean=1.6494) | Mu_O(max=1.0) Mu_E(max=1.0) | Lam_O(max=0.00) Lam_E(max=0.00)
  [Outer 10/15] Loss (KL=52.4161, Const=133888.9375) | Viol_Order(max=4.00, mean=0.0576) | Viol_Exist(max=2.00, mean=1.0708) | Mu_O(max=10.6) Mu_E(max=10.6) | Lam_O(max=54.03) Lam_E(max=64.03)
  [Outer 15/15] Loss (KL=79.7845, Const=375440.8750) | Viol_Order(max=2.00, mean=0.0617) | Viol_Exist(max=2.00, mean=1.0206) | Mu_O(max=39.4) Mu_E(max=39.4) | Lam_O(max=130.21) Lam_E(max=255.82)

[Projection Start] Batch: 512, Constraints: 33
  [Outer 01/15] Loss (KL=0.9087, Const=4707.5225) | Viol_Order(max=3.00, mean=0.0169) | Viol_Exist(max=2.00, mean=1.6005) | Mu_O(max=1.0) Mu_E(max=1.0) | Lam_O(max=0.00) Lam_E(max=0.00)
  [Outer 10/15] Loss (KL=50.7524, Const=133384.2500) | Viol_Order(max=3.00, mean=0.0555) | Viol_Exist(max=2.00, mean=1.0615) | Mu_O(max=10.6) Mu_E(max=10.6) | Lam_O(max=44.07) Lam_E(max=64.03)
  [Outer 15/15] Loss (KL=77.2802, Const=369760.5000) | Viol_Order(max=2.00, mean=0.0602) | Viol_Exist(max=2.00, mean=1.0198) | Mu_O(max=39.4) Mu_E(max=39.4) | Lam_O(max=127.91) Lam_E(max=255.82)

[Projection Start] Batch: 512, Constraints: 33
  [Outer 01/15] Loss (KL=0.9563, Const=4747.8008) | Viol_Order(max=4.00, mean=0.0259) | Viol_Exist(max=2.00, mean=1.5382) | Mu_O(max=1.0) Mu_E(max=1.0) | Lam_O(max=0.00) Lam_E(max=0.00)
  [Outer 10/15] Loss (KL=48.2597, Const=132556.2812) | Viol_Order(max=4.00, mean=0.0558) | Viol_Exist(max=2.00, mean=1.0595) | Mu_O(max=10.6) Mu_E(max=10.6) | Lam_O(max=36.00) Lam_E(max=64.03)
  [Outer 15/15] Loss (KL=72.8065, Const=372079.6250) | Viol_Order(max=3.00, mean=0.0616) | Viol_Exist(max=2.00, mean=1.0243) | Mu_O(max=39.4) Mu_E(max=39.4) | Lam_O(max=142.51) Lam_E(max=255.82)

[Projection Start] Batch: 512, Constraints: 33
  [Outer 01/15] Loss (KL=0.9518, Const=4641.7090) | Viol_Order(max=4.00, mean=0.0273) | Viol_Exist(max=2.00, mean=1.4779) | Mu_O(max=1.0) Mu_E(max=1.0) | Lam_O(max=0.00) Lam_E(max=0.00)
  [Outer 10/15] Loss (KL=46.4031, Const=128638.5000) | Viol_Order(max=3.00, mean=0.0543) | Viol_Exist(max=2.00, mean=1.0521) | Mu_O(max=10.6) Mu_E(max=10.6) | Lam_O(max=35.32) Lam_E(max=64.03)
  [Outer 15/15] Loss (KL=70.3468, Const=360843.3125) | Viol_Order(max=2.00, mean=0.0639) | Viol_Exist(max=2.00, mean=1.0170) | Mu_O(max=39.4) Mu_E(max=39.4) | Lam_O(max=130.21) Lam_E(max=255.82)

[Projection Start] Batch: 512, Constraints: 33
  [Outer 01/15] Loss (KL=1.0264, Const=4668.1582) | Viol_Order(max=3.00, mean=0.0365) | Viol_Exist(max=2.00, mean=1.3778) | Mu_O(max=1.0) Mu_E(max=1.0) | Lam_O(max=0.00) Lam_E(max=0.00)
  [Outer 10/15] Loss (KL=42.8584, Const=129988.4844) | Viol_Order(max=4.00, mean=0.0572) | Viol_Exist(max=2.00, mean=1.0550) | Mu_O(max=10.6) Mu_E(max=10.6) | Lam_O(max=51.67) Lam_E(max=64.03)
  [Outer 15/15] Loss (KL=65.5914, Const=365707.0938) | Viol_Order(max=2.00, mean=0.0597) | Viol_Exist(max=2.00, mean=1.0179) | Mu_O(max=39.4) Mu_E(max=39.4) | Lam_O(max=130.90) Lam_E(max=255.82)

[Projection Start] Batch: 512, Constraints: 33
  [Outer 01/15] Loss (KL=0.9704, Const=4595.7295) | Viol_Order(max=4.00, mean=0.0466) | Viol_Exist(max=2.00, mean=1.3400) | Mu_O(max=1.0) Mu_E(max=1.0) | Lam_O(max=0.00) Lam_E(max=0.00)
  [Outer 10/15] Loss (KL=41.0931, Const=128037.5938) | Viol_Order(max=3.00, mean=0.0531) | Viol_Exist(max=2.00, mean=1.0469) | Mu_O(max=10.6) Mu_E(max=10.6) | Lam_O(max=40.44) Lam_E(max=64.03)
  [Outer 15/15] Loss (KL=62.6938, Const=357864.9375) | Viol_Order(max=2.00, mean=0.0613) | Viol_Exist(max=2.00, mean=1.0185) | Mu_O(max=39.4) Mu_E(max=39.4) | Lam_O(max=131.90) Lam_E(max=255.82)

[Projection Start] Batch: 512, Constraints: 33
  [Outer 01/15] Loss (KL=0.9140, Const=4582.4004) | Viol_Order(max=4.00, mean=0.0571) | Viol_Exist(max=2.00, mean=1.3011) | Mu_O(max=1.0) Mu_E(max=1.0) | Lam_O(max=0.00) Lam_E(max=0.00)
  [Outer 10/15] Loss (KL=38.1652, Const=131116.4375) | Viol_Order(max=2.00, mean=0.0576) | Viol_Exist(max=2.00, mean=1.0455) | Mu_O(max=10.6) Mu_E(max=10.6) | Lam_O(max=35.91) Lam_E(max=64.03)
  [Outer 15/15] Loss (KL=59.4129, Const=368799.0625) | Viol_Order(max=2.00, mean=0.0629) | Viol_Exist(max=2.00, mean=1.0154) | Mu_O(max=39.4) Mu_E(max=39.4) | Lam_O(max=131.81) Lam_E(max=255.82)

[Projection Start] Batch: 512, Constraints: 33
  [Outer 01/15] Loss (KL=0.8694, Const=4510.9033) | Viol_Order(max=4.00, mean=0.0608) | Viol_Exist(max=2.00, mean=1.2682) | Mu_O(max=1.0) Mu_E(max=1.0) | Lam_O(max=0.00) Lam_E(max=0.00)
  [Outer 10/15] Loss (KL=35.6328, Const=131874.1719) | Viol_Order(max=4.00, mean=0.0589) | Viol_Exist(max=2.00, mean=1.0462) | Mu_O(max=10.6) Mu_E(max=10.6) | Lam_O(max=38.58) Lam_E(max=64.03)
  [Outer 15/15] Loss (KL=56.2678, Const=369743.6875) | Viol_Order(max=2.00, mean=0.0606) | Viol_Exist(max=2.00, mean=1.0172) | Mu_O(max=39.4) Mu_E(max=39.4) | Lam_O(max=129.21) Lam_E(max=255.82)

[Projection Start] Batch: 512, Constraints: 33
  [Outer 01/15] Loss (KL=0.8358, Const=4435.7622) | Viol_Order(max=8.00, mean=0.0752) | Viol_Exist(max=2.00, mean=1.2131) | Mu_O(max=1.0) Mu_E(max=1.0) | Lam_O(max=0.00) Lam_E(max=0.00)
  [Outer 10/15] Loss (KL=32.2709, Const=133004.5625) | Viol_Order(max=3.00, mean=0.0585) | Viol_Exist(max=2.00, mean=1.0392) | Mu_O(max=10.6) Mu_E(max=10.6) | Lam_O(max=55.87) Lam_E(max=64.03)
  [Outer 15/15] Loss (KL=51.8874, Const=375713.0625) | Viol_Order(max=2.00, mean=0.0608) | Viol_Exist(max=2.00, mean=1.0160) | Mu_O(max=39.4) Mu_E(max=39.4) | Lam_O(max=136.90) Lam_E(max=255.82)

[Projection Start] Batch: 512, Constraints: 33
  [Outer 01/15] Loss (KL=0.7416, Const=4328.8418) | Viol_Order(max=6.00, mean=0.0777) | Viol_Exist(max=2.00, mean=1.2011) | Mu_O(max=1.0) Mu_E(max=1.0) | Lam_O(max=0.00) Lam_E(max=0.00)
  [Outer 10/15] Loss (KL=30.5455, Const=131321.4688) | Viol_Order(max=2.00, mean=0.0555) | Viol_Exist(max=2.00, mean=1.0369) | Mu_O(max=10.6) Mu_E(max=10.6) | Lam_O(max=38.20) Lam_E(max=64.03)
  [Outer 15/15] Loss (KL=49.4173, Const=369330.9375) | Viol_Order(max=2.00, mean=0.0610) | Viol_Exist(max=2.00, mean=1.0155) | Mu_O(max=39.4) Mu_E(max=39.4) | Lam_O(max=134.10) Lam_E(max=255.82)

[Projection Start] Batch: 512, Constraints: 33
  [Outer 01/15] Loss (KL=0.6489, Const=4307.9209) | Viol_Order(max=6.00, mean=0.0816) | Viol_Exist(max=2.00, mean=1.1686) | Mu_O(max=1.0) Mu_E(max=1.0) | Lam_O(max=0.00) Lam_E(max=0.00)
  [Outer 10/15] Loss (KL=27.2797, Const=135203.9375) | Viol_Order(max=2.00, mean=0.0569) | Viol_Exist(max=2.00, mean=1.0327) | Mu_O(max=10.6) Mu_E(max=10.6) | Lam_O(max=35.51) Lam_E(max=64.03)
  [Outer 15/15] Loss (KL=45.7783, Const=377644.0312) | Viol_Order(max=2.00, mean=0.0642) | Viol_Exist(max=2.00, mean=1.0141) | Mu_O(max=39.4) Mu_E(max=39.4) | Lam_O(max=130.21) Lam_E(max=255.82)

[Projection Start] Batch: 512, Constraints: 33
  [Outer 01/15] Loss (KL=0.5608, Const=4191.6006) | Viol_Order(max=6.00, mean=0.0832) | Viol_Exist(max=2.00, mean=1.1380) | Mu_O(max=1.0) Mu_E(max=1.0) | Lam_O(max=0.00) Lam_E(max=0.00)
  [Outer 10/15] Loss (KL=23.8368, Const=135948.8750) | Viol_Order(max=2.00, mean=0.0562) | Viol_Exist(max=2.00, mean=1.0342) | Mu_O(max=10.6) Mu_E(max=10.6) | Lam_O(max=41.06) Lam_E(max=64.03)
  [Outer 15/15] Loss (KL=41.7102, Const=384114.0000) | Viol_Order(max=2.00, mean=0.0600) | Viol_Exist(max=2.00, mean=1.0191) | Mu_O(max=39.4) Mu_E(max=39.4) | Lam_O(max=136.96) Lam_E(max=255.82)

[Projection Start] Batch: 512, Constraints: 33
  [Outer 01/15] Loss (KL=0.4359, Const=4084.2966) | Viol_Order(max=4.00, mean=0.0768) | Viol_Exist(max=2.00, mean=1.1145) | Mu_O(max=1.0) Mu_E(max=1.0) | Lam_O(max=0.00) Lam_E(max=0.00)
  [Outer 10/15] Loss (KL=21.5522, Const=137389.3906) | Viol_Order(max=2.00, mean=0.0537) | Viol_Exist(max=2.00, mean=1.0330) | Mu_O(max=10.6) Mu_E(max=10.6) | Lam_O(max=42.89) Lam_E(max=64.03)
  [Outer 15/15] Loss (KL=37.4474, Const=393997.0000) | Viol_Order(max=2.00, mean=0.0621) | Viol_Exist(max=2.00, mean=1.0181) | Mu_O(max=39.4) Mu_E(max=39.4) | Lam_O(max=130.21) Lam_E(max=255.82)

[Projection Start] Batch: 512, Constraints: 33
  [Outer 01/15] Loss (KL=0.3146, Const=3951.2368) | Viol_Order(max=3.00, mean=0.0749) | Viol_Exist(max=2.00, mean=1.0800) | Mu_O(max=1.0) Mu_E(max=1.0) | Lam_O(max=0.00) Lam_E(max=0.00)
  [Outer 10/15] Loss (KL=17.1701, Const=143141.8438) | Viol_Order(max=2.00, mean=0.0516) | Viol_Exist(max=2.00, mean=1.0378) | Mu_O(max=10.6) Mu_E(max=10.6) | Lam_O(max=42.47) Lam_E(max=64.03)
  [Outer 15/15] Loss (KL=33.7005, Const=407811.6875) | Viol_Order(max=2.00, mean=0.0599) | Viol_Exist(max=2.00, mean=1.0196) | Mu_O(max=39.4) Mu_E(max=39.4) | Lam_O(max=141.70) Lam_E(max=255.82)

[Projection Start] Batch: 512, Constraints: 33
  [Outer 01/15] Loss (KL=0.1725, Const=3744.0894) | Viol_Order(max=4.00, mean=0.0721) | Viol_Exist(max=2.00, mean=1.0599) | Mu_O(max=1.0) Mu_E(max=1.0) | Lam_O(max=0.00) Lam_E(max=0.00)
  [Outer 10/15] Loss (KL=14.3170, Const=143806.7500) | Viol_Order(max=2.00, mean=0.0502) | Viol_Exist(max=2.00, mean=1.0322) | Mu_O(max=10.6) Mu_E(max=10.6) | Lam_O(max=39.46) Lam_E(max=64.03)
  [Outer 15/15] Loss (KL=29.5314, Const=407658.5625) | Viol_Order(max=2.00, mean=0.0596) | Viol_Exist(max=2.00, mean=1.0206) | Mu_O(max=39.4) Mu_E(max=39.4) | Lam_O(max=130.90) Lam_E(max=255.82)

[Projection Start] Batch: 512, Constraints: 33
  [Outer 01/15] Loss (KL=0.0503, Const=3518.8096) | Viol_Order(max=5.00, mean=0.0751) | Viol_Exist(max=2.00, mean=1.0440) | Mu_O(max=1.0) Mu_E(max=1.0) | Lam_O(max=0.00) Lam_E(max=0.00)
  [Outer 10/15] Loss (KL=12.2054, Const=142520.8125) | Viol_Order(max=2.00, mean=0.0530) | Viol_Exist(max=2.00, mean=1.0297) | Mu_O(max=10.6) Mu_E(max=10.6) | Lam_O(max=34.31) Lam_E(max=64.03)
  [Outer 15/15] Loss (KL=26.8917, Const=399808.9062) | Viol_Order(max=2.00, mean=0.0640) | Viol_Exist(max=2.00, mean=1.0165) | Mu_O(max=39.4) Mu_E(max=39.4) | Lam_O(max=127.91) Lam_E(max=255.82)

[Projection Start] Batch: 512, Constraints: 33
  [Outer 01/15] Loss (KL=0.0003, Const=2924.1770) | Viol_Order(max=4.00, mean=0.0726) | Viol_Exist(max=2.00, mean=1.0121) | Mu_O(max=1.0) Mu_E(max=1.0) | Lam_O(max=0.00) Lam_E(max=0.00)
  [Outer 10/15] Loss (KL=13.8112, Const=129253.3672) | Viol_Order(max=2.00, mean=0.0531) | Viol_Exist(max=2.00, mean=1.0306) | Mu_O(max=10.6) Mu_E(max=10.6) | Lam_O(max=44.77) Lam_E(max=64.03)
  [Outer 15/15] Loss (KL=25.2441, Const=367498.0000) | Viol_Order(max=2.00, mean=0.0620) | Viol_Exist(max=2.00, mean=1.0118) | Mu_O(max=39.4) Mu_E(max=39.4) | Lam_O(max=127.91) Lam_E(max=255.82)

[Projection Start] Batch: 512, Constraints: 33
  [Outer 01/15] Loss (KL=0.0001, Const=2887.0688) | Viol_Order(max=2.00, mean=0.0676) | Viol_Exist(max=2.00, mean=1.0115) | Mu_O(max=1.0) Mu_E(max=1.0) | Lam_O(max=0.00) Lam_E(max=0.00)
  [Outer 10/15] Loss (KL=15.3158, Const=120811.7266) | Viol_Order(max=2.00, mean=0.0515) | Viol_Exist(max=2.00, mean=1.0273) | Mu_O(max=10.6) Mu_E(max=10.6) | Lam_O(max=38.20) Lam_E(max=64.03)
  [Outer 15/15] Loss (KL=25.9791, Const=345062.2188) | Viol_Order(max=2.00, mean=0.0604) | Viol_Exist(max=2.00, mean=1.0071) | Mu_O(max=39.4) Mu_E(max=39.4) | Lam_O(max=127.91) Lam_E(max=255.82)

[Projection Start] Batch: 512, Constraints: 33
  [Outer 01/15] Loss (KL=0.0008, Const=2820.1455) | Viol_Order(max=3.00, mean=0.0647) | Viol_Exist(max=2.00, mean=1.0083) | Mu_O(max=1.0) Mu_E(max=1.0) | Lam_O(max=0.00) Lam_E(max=0.00)
  [Outer 10/15] Loss (KL=14.2891, Const=121868.5312) | Viol_Order(max=2.00, mean=0.0469) | Viol_Exist(max=2.00, mean=1.0315) | Mu_O(max=10.6) Mu_E(max=10.6) | Lam_O(max=32.01) Lam_E(max=64.03)
  [Outer 15/15] Loss (KL=24.5684, Const=351008.5625) | Viol_Order(max=2.00, mean=0.0580) | Viol_Exist(max=2.00, mean=1.0081) | Mu_O(max=39.4) Mu_E(max=39.4) | Lam_O(max=127.91) Lam_E(max=255.82)

[Projection Start] Batch: 512, Constraints: 33
  [Outer 01/15] Loss (KL=0.0005, Const=2858.3447) | Viol_Order(max=2.00, mean=0.0637) | Viol_Exist(max=2.00, mean=1.0097) | Mu_O(max=1.0) Mu_E(max=1.0) | Lam_O(max=0.00) Lam_E(max=0.00)
  [Outer 10/15] Loss (KL=14.7164, Const=123098.1719) | Viol_Order(max=2.00, mean=0.0494) | Viol_Exist(max=2.00, mean=1.0248) | Mu_O(max=10.6) Mu_E(max=10.6) | Lam_O(max=32.01) Lam_E(max=64.03)
  [Outer 15/15] Loss (KL=25.5913, Const=348972.7812) | Viol_Order(max=2.00, mean=0.0583) | Viol_Exist(max=2.00, mean=1.0089) | Mu_O(max=39.4) Mu_E(max=39.4) | Lam_O(max=127.91) Lam_E(max=255.82)

[Projection Start] Batch: 512, Constraints: 33
  [Outer 01/15] Loss (KL=0.0004, Const=2825.1924) | Viol_Order(max=2.00, mean=0.0631) | Viol_Exist(max=2.00, mean=1.0063) | Mu_O(max=1.0) Mu_E(max=1.0) | Lam_O(max=0.00) Lam_E(max=0.00)
  [Outer 10/15] Loss (KL=14.9581, Const=119882.9531) | Viol_Order(max=2.00, mean=0.0510) | Viol_Exist(max=2.00, mean=1.0233) | Mu_O(max=10.6) Mu_E(max=10.6) | Lam_O(max=32.01) Lam_E(max=64.03)
  [Outer 15/15] Loss (KL=25.1742, Const=345343.9688) | Viol_Order(max=2.00, mean=0.0565) | Viol_Exist(max=2.00, mean=1.0066) | Mu_O(max=39.4) Mu_E(max=39.4) | Lam_O(max=127.91) Lam_E(max=255.82)

[Projection Start] Batch: 512, Constraints: 33
  [Outer 01/15] Loss (KL=0.0001, Const=2783.5127) | Viol_Order(max=2.00, mean=0.0601) | Viol_Exist(max=2.00, mean=1.0063) | Mu_O(max=1.0) Mu_E(max=1.0) | Lam_O(max=0.00) Lam_E(max=0.00)
  [Outer 10/15] Loss (KL=13.4046, Const=124409.2969) | Viol_Order(max=2.00, mean=0.0466) | Viol_Exist(max=2.00, mean=1.0207) | Mu_O(max=10.6) Mu_E(max=10.6) | Lam_O(max=32.01) Lam_E(max=64.03)
  [Outer 15/15] Loss (KL=25.2592, Const=350550.8438) | Viol_Order(max=3.00, mean=0.0546) | Viol_Exist(max=2.00, mean=1.0058) | Mu_O(max=39.4) Mu_E(max=39.4) | Lam_O(max=127.91) Lam_E(max=255.82)

[Projection Start] Batch: 512, Constraints: 33
  [Outer 01/15] Loss (KL=0.0008, Const=2787.2693) | Viol_Order(max=3.00, mean=0.0582) | Viol_Exist(max=2.00, mean=1.0071) | Mu_O(max=1.0) Mu_E(max=1.0) | Lam_O(max=0.00) Lam_E(max=0.00)
  [Outer 10/15] Loss (KL=14.3216, Const=122426.8750) | Viol_Order(max=2.00, mean=0.0457) | Viol_Exist(max=2.00, mean=1.0224) | Mu_O(max=10.6) Mu_E(max=10.6) | Lam_O(max=32.01) Lam_E(max=64.03)
  [Outer 15/15] Loss (KL=25.1639, Const=350034.1562) | Viol_Order(max=2.00, mean=0.0579) | Viol_Exist(max=2.00, mean=1.0044) | Mu_O(max=39.4) Mu_E(max=39.4) | Lam_O(max=127.91) Lam_E(max=255.82)

[Projection Start] Batch: 512, Constraints: 33
  [Outer 01/15] Loss (KL=0.0002, Const=2784.6594) | Viol_Order(max=3.00, mean=0.0618) | Viol_Exist(max=2.00, mean=1.0039) | Mu_O(max=1.0) Mu_E(max=1.0) | Lam_O(max=0.00) Lam_E(max=0.00)
  [Outer 10/15] Loss (KL=13.3627, Const=123857.1406) | Viol_Order(max=2.00, mean=0.0456) | Viol_Exist(max=2.00, mean=1.0199) | Mu_O(max=10.6) Mu_E(max=10.6) | Lam_O(max=38.29) Lam_E(max=64.03)
  [Outer 15/15] Loss (KL=24.6753, Const=356817.5312) | Viol_Order(max=2.00, mean=0.0521) | Viol_Exist(max=2.00, mean=1.0053) | Mu_O(max=39.4) Mu_E(max=39.4) | Lam_O(max=127.91) Lam_E(max=255.82)

[Projection Start] Batch: 512, Constraints: 33
  [Outer 01/15] Loss (KL=0.0004, Const=2767.0579) | Viol_Order(max=4.00, mean=0.0555) | Viol_Exist(max=2.00, mean=1.0061) | Mu_O(max=1.0) Mu_E(max=1.0) | Lam_O(max=0.00) Lam_E(max=0.00)
  [Outer 10/15] Loss (KL=14.1351, Const=118956.8125) | Viol_Order(max=2.00, mean=0.0467) | Viol_Exist(max=2.00, mean=1.0202) | Mu_O(max=10.6) Mu_E(max=10.6) | Lam_O(max=32.01) Lam_E(max=64.03)
  [Outer 15/15] Loss (KL=24.1170, Const=345071.8750) | Viol_Order(max=2.00, mean=0.0544) | Viol_Exist(max=2.00, mean=1.0036) | Mu_O(max=39.4) Mu_E(max=39.4) | Lam_O(max=127.91) Lam_E(max=255.82)

[Projection Start] Batch: 512, Constraints: 33
  [Outer 01/15] Loss (KL=0.0012, Const=2761.6782) | Viol_Order(max=2.00, mean=0.0568) | Viol_Exist(max=2.00, mean=1.0047) | Mu_O(max=1.0) Mu_E(max=1.0) | Lam_O(max=0.00) Lam_E(max=0.00)
  [Outer 10/15] Loss (KL=14.6496, Const=119097.8906) | Viol_Order(max=2.00, mean=0.0450) | Viol_Exist(max=2.00, mean=1.0203) | Mu_O(max=10.6) Mu_E(max=10.6) | Lam_O(max=32.01) Lam_E(max=64.03)
  [Outer 15/15] Loss (KL=25.0302, Const=343379.7500) | Viol_Order(max=2.00, mean=0.0563) | Viol_Exist(max=2.00, mean=1.0029) | Mu_O(max=39.4) Mu_E(max=39.4) | Lam_O(max=127.91) Lam_E(max=255.82)

[Projection Start] Batch: 512, Constraints: 33
  [Outer 01/15] Loss (KL=0.0004, Const=2759.6118) | Viol_Order(max=3.00, mean=0.0595) | Viol_Exist(max=2.00, mean=1.0031) | Mu_O(max=1.0) Mu_E(max=1.0) | Lam_O(max=0.00) Lam_E(max=0.00)
  [Outer 10/15] Loss (KL=14.7616, Const=118450.2500) | Viol_Order(max=2.00, mean=0.0473) | Viol_Exist(max=2.00, mean=1.0191) | Mu_O(max=10.6) Mu_E(max=10.6) | Lam_O(max=39.18) Lam_E(max=64.03)
  [Outer 15/15] Loss (KL=24.2922, Const=342928.7500) | Viol_Order(max=2.00, mean=0.0518) | Viol_Exist(max=2.00, mean=1.0067) | Mu_O(max=39.4) Mu_E(max=39.4) | Lam_O(max=127.91) Lam_E(max=255.82)

[Projection Start] Batch: 512, Constraints: 33
  [Outer 01/15] Loss (KL=0.0005, Const=2773.5764) | Viol_Order(max=4.00, mean=0.0568) | Viol_Exist(max=2.00, mean=1.0074) | Mu_O(max=1.0) Mu_E(max=1.0) | Lam_O(max=0.00) Lam_E(max=0.00)
  [Outer 10/15] Loss (KL=13.8456, Const=121309.6328) | Viol_Order(max=2.00, mean=0.0459) | Viol_Exist(max=2.00, mean=1.0154) | Mu_O(max=10.6) Mu_E(max=10.6) | Lam_O(max=32.01) Lam_E(max=64.03)
  [Outer 15/15] Loss (KL=24.9469, Const=346827.4375) | Viol_Order(max=2.00, mean=0.0529) | Viol_Exist(max=2.00, mean=1.0038) | Mu_O(max=39.4) Mu_E(max=39.4) | Lam_O(max=127.91) Lam_E(max=255.82)

[Projection Start] Batch: 512, Constraints: 33
  [Outer 01/15] Loss (KL=0.0004, Const=2717.8101) | Viol_Order(max=3.00, mean=0.0559) | Viol_Exist(max=2.00, mean=1.0018) | Mu_O(max=1.0) Mu_E(max=1.0) | Lam_O(max=0.00) Lam_E(max=0.00)
  [Outer 10/15] Loss (KL=13.8467, Const=119182.2578) | Viol_Order(max=2.00, mean=0.0438) | Viol_Exist(max=2.00, mean=1.0201) | Mu_O(max=10.6) Mu_E(max=10.6) | Lam_O(max=36.61) Lam_E(max=64.03)
  [Outer 15/15] Loss (KL=24.3702, Const=344558.4375) | Viol_Order(max=2.00, mean=0.0505) | Viol_Exist(max=2.00, mean=1.0037) | Mu_O(max=39.4) Mu_E(max=39.4) | Lam_O(max=127.91) Lam_E(max=255.82)

[Projection Start] Batch: 512, Constraints: 33
  [Outer 01/15] Loss (KL=0.0004, Const=2722.5808) | Viol_Order(max=3.00, mean=0.0539) | Viol_Exist(max=2.00, mean=1.0036) | Mu_O(max=1.0) Mu_E(max=1.0) | Lam_O(max=0.00) Lam_E(max=0.00)
  [Outer 10/15] Loss (KL=13.8165, Const=118736.4688) | Viol_Order(max=2.00, mean=0.0419) | Viol_Exist(max=2.00, mean=1.0182) | Mu_O(max=10.6) Mu_E(max=10.6) | Lam_O(max=32.01) Lam_E(max=64.03)
  [Outer 15/15] Loss (KL=24.9749, Const=340009.6875) | Viol_Order(max=2.00, mean=0.0530) | Viol_Exist(max=2.00, mean=1.0009) | Mu_O(max=39.4) Mu_E(max=39.4) | Lam_O(max=141.70) Lam_E(max=255.82)

[Projection Start] Batch: 512, Constraints: 33
  [Outer 01/15] Loss (KL=0.0003, Const=2727.6406) | Viol_Order(max=4.00, mean=0.0559) | Viol_Exist(max=2.00, mean=1.0021) | Mu_O(max=1.0) Mu_E(max=1.0) | Lam_O(max=0.00) Lam_E(max=0.00)
  [Outer 10/15] Loss (KL=13.0655, Const=120557.2266) | Viol_Order(max=2.00, mean=0.0431) | Viol_Exist(max=2.00, mean=1.0163) | Mu_O(max=10.6) Mu_E(max=10.6) | Lam_O(max=41.77) Lam_E(max=64.03)
  [Outer 15/15] Loss (KL=24.2303, Const=348511.6875) | Viol_Order(max=2.00, mean=0.0502) | Viol_Exist(max=2.00, mean=1.0031) | Mu_O(max=39.4) Mu_E(max=39.4) | Lam_O(max=127.91) Lam_E(max=255.82)

[Projection Start] Batch: 512, Constraints: 33
  [Outer 01/15] Loss (KL=0.0002, Const=2704.4834) | Viol_Order(max=2.00, mean=0.0536) | Viol_Exist(max=2.00, mean=1.0014) | Mu_O(max=1.0) Mu_E(max=1.0) | Lam_O(max=0.00) Lam_E(max=0.00)
  [Outer 10/15] Loss (KL=13.1902, Const=119235.2031) | Viol_Order(max=2.00, mean=0.0408) | Viol_Exist(max=2.00, mean=1.0138) | Mu_O(max=10.6) Mu_E(max=10.6) | Lam_O(max=32.01) Lam_E(max=64.03)
  [Outer 15/15] Loss (KL=24.4603, Const=343487.0000) | Viol_Order(max=2.00, mean=0.0517) | Viol_Exist(max=2.00, mean=1.0043) | Mu_O(max=39.4) Mu_E(max=39.4) | Lam_O(max=127.91) Lam_E(max=255.82)

[Projection Start] Batch: 512, Constraints: 33
  [Outer 01/15] Loss (KL=0.0002, Const=2734.8015) | Viol_Order(max=2.00, mean=0.0560) | Viol_Exist(max=2.00, mean=1.0033) | Mu_O(max=1.0) Mu_E(max=1.0) | Lam_O(max=0.00) Lam_E(max=0.00)
  [Outer 10/15] Loss (KL=14.2873, Const=117410.9609) | Viol_Order(max=2.00, mean=0.0437) | Viol_Exist(max=2.00, mean=1.0135) | Mu_O(max=10.6) Mu_E(max=10.6) | Lam_O(max=32.01) Lam_E(max=64.03)
  [Outer 15/15] Loss (KL=24.3679, Const=342998.0000) | Viol_Order(max=2.00, mean=0.0500) | Viol_Exist(max=2.00, mean=1.0031) | Mu_O(max=39.4) Mu_E(max=39.4) | Lam_O(max=127.91) Lam_E(max=255.82)

[Projection Start] Batch: 512, Constraints: 33
  [Outer 01/15] Loss (KL=0.0003, Const=2738.4590) | Viol_Order(max=2.00, mean=0.0530) | Viol_Exist(max=2.00, mean=1.0043) | Mu_O(max=1.0) Mu_E(max=1.0) | Lam_O(max=0.00) Lam_E(max=0.00)
  [Outer 10/15] Loss (KL=13.5871, Const=119541.5312) | Viol_Order(max=2.00, mean=0.0426) | Viol_Exist(max=2.00, mean=1.0106) | Mu_O(max=10.6) Mu_E(max=10.6) | Lam_O(max=34.31) Lam_E(max=64.03)
  [Outer 15/15] Loss (KL=24.7376, Const=348507.7500) | Viol_Order(max=2.00, mean=0.0489) | Viol_Exist(max=2.00, mean=1.0040) | Mu_O(max=39.4) Mu_E(max=39.4) | Lam_O(max=127.91) Lam_E(max=255.82)

[Projection Start] Batch: 512, Constraints: 33
  [Outer 01/15] Loss (KL=0.0004, Const=2714.9136) | Viol_Order(max=2.00, mean=0.0517) | Viol_Exist(max=2.00, mean=1.0037) | Mu_O(max=1.0) Mu_E(max=1.0) | Lam_O(max=0.00) Lam_E(max=0.00)
  [Outer 10/15] Loss (KL=13.0907, Const=122109.2656) | Viol_Order(max=2.00, mean=0.0413) | Viol_Exist(max=2.00, mean=1.0170) | Mu_O(max=10.6) Mu_E(max=10.6) | Lam_O(max=32.01) Lam_E(max=64.03)
  [Outer 15/15] Loss (KL=24.1268, Const=349564.5625) | Viol_Order(max=2.00, mean=0.0475) | Viol_Exist(max=2.00, mean=1.0011) | Mu_O(max=39.4) Mu_E(max=39.4) | Lam_O(max=127.91) Lam_E(max=255.82)

[Projection Start] Batch: 512, Constraints: 33
  [Outer 01/15] Loss (KL=0.0003, Const=2676.7432) | Viol_Order(max=2.00, mean=0.0503) | Viol_Exist(max=2.00, mean=1.0011) | Mu_O(max=1.0) Mu_E(max=1.0) | Lam_O(max=0.00) Lam_E(max=0.00)
  [Outer 10/15] Loss (KL=13.1662, Const=121121.9531) | Viol_Order(max=2.00, mean=0.0426) | Viol_Exist(max=2.00, mean=1.0138) | Mu_O(max=10.6) Mu_E(max=10.6) | Lam_O(max=32.01) Lam_E(max=64.03)
  [Outer 15/15] Loss (KL=24.1663, Const=347216.8125) | Viol_Order(max=2.00, mean=0.0501) | Viol_Exist(max=2.00, mean=1.0005) | Mu_O(max=39.4) Mu_E(max=39.4) | Lam_O(max=127.91) Lam_E(max=255.82)

[Projection Start] Batch: 512, Constraints: 33
  [Outer 01/15] Loss (KL=0.0011, Const=2675.1484) | Viol_Order(max=2.00, mean=0.0521) | Viol_Exist(max=2.00, mean=0.9986) | Mu_O(max=1.0) Mu_E(max=1.0) | Lam_O(max=0.00) Lam_E(max=0.00)
  [Outer 10/15] Loss (KL=13.2942, Const=118697.6250) | Viol_Order(max=2.00, mean=0.0397) | Viol_Exist(max=2.00, mean=1.0161) | Mu_O(max=10.6) Mu_E(max=10.6) | Lam_O(max=32.01) Lam_E(max=64.03)
  [Outer 15/15] Loss (KL=23.9071, Const=346967.6875) | Viol_Order(max=2.00, mean=0.0471) | Viol_Exist(max=2.00, mean=1.0007) | Mu_O(max=39.4) Mu_E(max=39.4) | Lam_O(max=127.91) Lam_E(max=255.82)

[Projection Start] Batch: 512, Constraints: 33
  [Outer 01/15] Loss (KL=0.0005, Const=2673.6296) | Viol_Order(max=2.00, mean=0.0505) | Viol_Exist(max=2.00, mean=0.9998) | Mu_O(max=1.0) Mu_E(max=1.0) | Lam_O(max=0.00) Lam_E(max=0.00)
  [Outer 10/15] Loss (KL=13.5599, Const=117352.3281) | Viol_Order(max=2.00, mean=0.0417) | Viol_Exist(max=2.00, mean=1.0123) | Mu_O(max=10.6) Mu_E(max=10.6) | Lam_O(max=32.01) Lam_E(max=64.03)
  [Outer 15/15] Loss (KL=23.5218, Const=347848.9375) | Viol_Order(max=2.00, mean=0.0459) | Viol_Exist(max=2.00, mean=0.9992) | Mu_O(max=39.4) Mu_E(max=39.4) | Lam_O(max=127.91) Lam_E(max=255.82)

[Projection Start] Batch: 512, Constraints: 33
  [Outer 01/15] Loss (KL=0.0003, Const=2638.4067) | Viol_Order(max=2.00, mean=0.0473) | Viol_Exist(max=2.00, mean=1.0001) | Mu_O(max=1.0) Mu_E(max=1.0) | Lam_O(max=0.00) Lam_E(max=0.00)
  [Outer 10/15] Loss (KL=12.9792, Const=118836.1094) | Viol_Order(max=2.00, mean=0.0415) | Viol_Exist(max=2.00, mean=1.0120) | Mu_O(max=10.6) Mu_E(max=10.6) | Lam_O(max=44.16) Lam_E(max=64.03)
  [Outer 15/15] Loss (KL=23.9124, Const=344740.3750) | Viol_Order(max=2.00, mean=0.0477) | Viol_Exist(max=2.00, mean=1.0010) | Mu_O(max=39.4) Mu_E(max=39.4) | Lam_O(max=127.91) Lam_E(max=255.82)

[Projection Start] Batch: 512, Constraints: 33
  [Outer 01/15] Loss (KL=0.0004, Const=2671.4419) | Viol_Order(max=3.00, mean=0.0503) | Viol_Exist(max=2.00, mean=1.0008) | Mu_O(max=1.0) Mu_E(max=1.0) | Lam_O(max=0.00) Lam_E(max=0.00)
  [Outer 10/15] Loss (KL=12.9827, Const=119419.5312) | Viol_Order(max=2.00, mean=0.0382) | Viol_Exist(max=2.00, mean=1.0112) | Mu_O(max=10.6) Mu_E(max=10.6) | Lam_O(max=48.15) Lam_E(max=64.03)
  [Outer 15/15] Loss (KL=23.8599, Const=346386.8750) | Viol_Order(max=2.00, mean=0.0468) | Viol_Exist(max=2.00, mean=0.9994) | Mu_O(max=39.4) Mu_E(max=39.4) | Lam_O(max=144.05) Lam_E(max=255.82)

[Projection Start] Batch: 512, Constraints: 33
  [Outer 01/15] Loss (KL=0.0007, Const=2661.0547) | Viol_Order(max=3.00, mean=0.0488) | Viol_Exist(max=2.00, mean=0.9993) | Mu_O(max=1.0) Mu_E(max=1.0) | Lam_O(max=0.00) Lam_E(max=0.00)
  [Outer 10/15] Loss (KL=13.0026, Const=119031.7109) | Viol_Order(max=2.00, mean=0.0402) | Viol_Exist(max=2.00, mean=1.0096) | Mu_O(max=10.6) Mu_E(max=10.6) | Lam_O(max=32.01) Lam_E(max=64.03)
  [Outer 15/15] Loss (KL=23.7895, Const=348653.1875) | Viol_Order(max=2.00, mean=0.0484) | Viol_Exist(max=2.00, mean=1.0015) | Mu_O(max=39.4) Mu_E(max=39.4) | Lam_O(max=127.91) Lam_E(max=255.82)

[Projection Start] Batch: 512, Constraints: 33
  [Outer 01/15] Loss (KL=0.0003, Const=2671.6875) | Viol_Order(max=2.00, mean=0.0508) | Viol_Exist(max=2.00, mean=1.0006) | Mu_O(max=1.0) Mu_E(max=1.0) | Lam_O(max=0.00) Lam_E(max=0.00)
  [Outer 10/15] Loss (KL=13.3410, Const=119420.8359) | Viol_Order(max=2.00, mean=0.0405) | Viol_Exist(max=2.00, mean=1.0111) | Mu_O(max=10.6) Mu_E(max=10.6) | Lam_O(max=32.01) Lam_E(max=64.03)
  [Outer 15/15] Loss (KL=23.8001, Const=351971.0312) | Viol_Order(max=2.00, mean=0.0460) | Viol_Exist(max=2.00, mean=0.9991) | Mu_O(max=39.4) Mu_E(max=39.4) | Lam_O(max=127.91) Lam_E(max=255.82)

[Projection Start] Batch: 512, Constraints: 33
  [Outer 01/15] Loss (KL=0.0007, Const=2659.6069) | Viol_Order(max=2.00, mean=0.0478) | Viol_Exist(max=2.00, mean=1.0005) | Mu_O(max=1.0) Mu_E(max=1.0) | Lam_O(max=0.00) Lam_E(max=0.00)
  [Outer 10/15] Loss (KL=13.4619, Const=118708.9219) | Viol_Order(max=2.00, mean=0.0382) | Viol_Exist(max=2.00, mean=1.0147) | Mu_O(max=10.6) Mu_E(max=10.6) | Lam_O(max=32.01) Lam_E(max=64.03)
  [Outer 15/15] Loss (KL=23.9625, Const=349586.0625) | Viol_Order(max=2.00, mean=0.0480) | Viol_Exist(max=2.00, mean=1.0014) | Mu_O(max=39.4) Mu_E(max=39.4) | Lam_O(max=127.91) Lam_E(max=255.82)

[Projection Start] Batch: 512, Constraints: 33
  [Outer 01/15] Loss (KL=0.0002, Const=2668.3350) | Viol_Order(max=3.00, mean=0.0502) | Viol_Exist(max=2.00, mean=1.0002) | Mu_O(max=1.0) Mu_E(max=1.0) | Lam_O(max=0.00) Lam_E(max=0.00)
  [Outer 10/15] Loss (KL=13.5991, Const=118128.8750) | Viol_Order(max=2.00, mean=0.0406) | Viol_Exist(max=2.00, mean=1.0107) | Mu_O(max=10.6) Mu_E(max=10.6) | Lam_O(max=32.01) Lam_E(max=64.03)
  [Outer 15/15] Loss (KL=24.0432, Const=345237.7812) | Viol_Order(max=2.00, mean=0.0479) | Viol_Exist(max=2.00, mean=0.9983) | Mu_O(max=39.4) Mu_E(max=39.4) | Lam_O(max=127.91) Lam_E(max=255.82)

[Projection Start] Batch: 512, Constraints: 33
  [Outer 01/15] Loss (KL=0.0010, Const=2646.0569) | Viol_Order(max=3.00, mean=0.0493) | Viol_Exist(max=2.00, mean=0.9991) | Mu_O(max=1.0) Mu_E(max=1.0) | Lam_O(max=0.00) Lam_E(max=0.00)
  [Outer 10/15] Loss (KL=13.9446, Const=117158.5625) | Viol_Order(max=2.00, mean=0.0400) | Viol_Exist(max=2.00, mean=1.0122) | Mu_O(max=10.6) Mu_E(max=10.6) | Lam_O(max=32.01) Lam_E(max=64.03)
  [Outer 15/15] Loss (KL=23.7740, Const=342595.3750) | Viol_Order(max=2.00, mean=0.0468) | Viol_Exist(max=2.00, mean=0.9999) | Mu_O(max=39.4) Mu_E(max=39.4) | Lam_O(max=127.91) Lam_E(max=255.82)

[Projection Start] Batch: 512, Constraints: 33
  [Outer 01/15] Loss (KL=0.0002, Const=2661.3115) | Viol_Order(max=2.00, mean=0.0487) | Viol_Exist(max=2.00, mean=1.0019) | Mu_O(max=1.0) Mu_E(max=1.0) | Lam_O(max=0.00) Lam_E(max=0.00)
  [Outer 10/15] Loss (KL=13.7345, Const=117375.5469) | Viol_Order(max=2.00, mean=0.0394) | Viol_Exist(max=2.00, mean=1.0121) | Mu_O(max=10.6) Mu_E(max=10.6) | Lam_O(max=36.00) Lam_E(max=64.03)
  [Outer 15/15] Loss (KL=24.5511, Const=345246.9688) | Viol_Order(max=2.00, mean=0.0438) | Viol_Exist(max=2.00, mean=0.9992) | Mu_O(max=39.4) Mu_E(max=39.4) | Lam_O(max=127.91) Lam_E(max=255.82)

[Projection Start] Batch: 512, Constraints: 33
  [Outer 01/15] Loss (KL=0.0010, Const=2656.3142) | Viol_Order(max=2.00, mean=0.0463) | Viol_Exist(max=2.00, mean=1.0011) | Mu_O(max=1.0) Mu_E(max=1.0) | Lam_O(max=0.00) Lam_E(max=0.00)
  [Outer 10/15] Loss (KL=13.1930, Const=117880.4375) | Viol_Order(max=2.00, mean=0.0399) | Viol_Exist(max=2.00, mean=1.0070) | Mu_O(max=10.6) Mu_E(max=10.6) | Lam_O(max=32.01) Lam_E(max=64.03)
  [Outer 15/15] Loss (KL=23.9251, Const=343557.9062) | Viol_Order(max=2.00, mean=0.0481) | Viol_Exist(max=2.00, mean=0.9984) | Mu_O(max=39.4) Mu_E(max=39.4) | Lam_O(max=127.91) Lam_E(max=255.82)

[Projection Start] Batch: 512, Constraints: 33
  [Outer 01/15] Loss (KL=0.0003, Const=2645.0859) | Viol_Order(max=2.00, mean=0.0497) | Viol_Exist(max=2.00, mean=0.9970) | Mu_O(max=1.0) Mu_E(max=1.0) | Lam_O(max=0.00) Lam_E(max=0.00)
  [Outer 10/15] Loss (KL=13.2854, Const=117676.9141) | Viol_Order(max=2.00, mean=0.0402) | Viol_Exist(max=2.00, mean=1.0078) | Mu_O(max=10.6) Mu_E(max=10.6) | Lam_O(max=34.21) Lam_E(max=64.03)
  [Outer 15/15] Loss (KL=23.8768, Const=346381.7500) | Viol_Order(max=2.00, mean=0.0489) | Viol_Exist(max=2.00, mean=0.9980) | Mu_O(max=39.4) Mu_E(max=39.4) | Lam_O(max=127.91) Lam_E(max=255.82)

[Projection Start] Batch: 512, Constraints: 33
  [Outer 01/15] Loss (KL=0.0003, Const=2650.5728) | Viol_Order(max=2.00, mean=0.0505) | Viol_Exist(max=2.00, mean=0.9985) | Mu_O(max=1.0) Mu_E(max=1.0) | Lam_O(max=0.00) Lam_E(max=0.00)
  [Outer 10/15] Loss (KL=13.7091, Const=116282.7812) | Viol_Order(max=2.00, mean=0.0424) | Viol_Exist(max=2.00, mean=1.0076) | Mu_O(max=10.6) Mu_E(max=10.6) | Lam_O(max=36.84) Lam_E(max=64.03)
  [Outer 15/15] Loss (KL=23.7434, Const=342868.1875) | Viol_Order(max=2.00, mean=0.0456) | Viol_Exist(max=2.00, mean=0.9979) | Mu_O(max=39.4) Mu_E(max=39.4) | Lam_O(max=127.91) Lam_E(max=255.82)

[Projection Start] Batch: 512, Constraints: 33
  [Outer 01/15] Loss (KL=0.0003, Const=2625.6431) | Viol_Order(max=2.00, mean=0.0467) | Viol_Exist(max=2.00, mean=0.9982) | Mu_O(max=1.0) Mu_E(max=1.0) | Lam_O(max=0.00) Lam_E(max=0.00)
  [Outer 10/15] Loss (KL=12.8826, Const=117441.4219) | Viol_Order(max=2.00, mean=0.0400) | Viol_Exist(max=2.00, mean=1.0097) | Mu_O(max=10.6) Mu_E(max=10.6) | Lam_O(max=32.97) Lam_E(max=64.03)
  [Outer 15/15] Loss (KL=23.9320, Const=343660.0625) | Viol_Order(max=2.00, mean=0.0441) | Viol_Exist(max=2.00, mean=0.9971) | Mu_O(max=39.4) Mu_E(max=39.4) | Lam_O(max=127.91) Lam_E(max=255.82)

[Projection Start] Batch: 512, Constraints: 33
  [Outer 01/15] Loss (KL=0.0001, Const=2634.1355) | Viol_Order(max=2.00, mean=0.0475) | Viol_Exist(max=2.00, mean=0.9970) | Mu_O(max=1.0) Mu_E(max=1.0) | Lam_O(max=0.00) Lam_E(max=0.00)
  [Outer 10/15] Loss (KL=12.6872, Const=119572.3125) | Viol_Order(max=2.00, mean=0.0383) | Viol_Exist(max=2.00, mean=1.0117) | Mu_O(max=10.6) Mu_E(max=10.6) | Lam_O(max=32.01) Lam_E(max=64.03)
  [Outer 15/15] Loss (KL=23.1710, Const=350604.7500) | Viol_Order(max=2.00, mean=0.0456) | Viol_Exist(max=2.00, mean=1.0002) | Mu_O(max=39.4) Mu_E(max=39.4) | Lam_O(max=127.91) Lam_E(max=255.82)

[Projection Start] Batch: 512, Constraints: 33
  [Outer 01/15] Loss (KL=0.0004, Const=2664.3696) | Viol_Order(max=2.00, mean=0.0482) | Viol_Exist(max=2.00, mean=1.0008) | Mu_O(max=1.0) Mu_E(max=1.0) | Lam_O(max=0.00) Lam_E(max=0.00)
  [Outer 10/15] Loss (KL=12.9688, Const=119220.7734) | Viol_Order(max=2.00, mean=0.0404) | Viol_Exist(max=2.00, mean=1.0101) | Mu_O(max=10.6) Mu_E(max=10.6) | Lam_O(max=32.01) Lam_E(max=64.03)
  [Outer 15/15] Loss (KL=23.3137, Const=346918.8750) | Viol_Order(max=2.00, mean=0.0472) | Viol_Exist(max=2.00, mean=0.9994) | Mu_O(max=39.4) Mu_E(max=39.4) | Lam_O(max=127.91) Lam_E(max=255.82)

[Projection Start] Batch: 512, Constraints: 33
  [Outer 01/15] Loss (KL=0.0013, Const=2645.4390) | Viol_Order(max=2.00, mean=0.0492) | Viol_Exist(max=2.00, mean=0.9993) | Mu_O(max=1.0) Mu_E(max=1.0) | Lam_O(max=0.00) Lam_E(max=0.00)
  [Outer 10/15] Loss (KL=13.2461, Const=116785.8672) | Viol_Order(max=2.00, mean=0.0380) | Viol_Exist(max=2.00, mean=1.0093) | Mu_O(max=10.6) Mu_E(max=10.6) | Lam_O(max=38.20) Lam_E(max=64.03)
  [Outer 15/15] Loss (KL=23.9389, Const=341363.7500) | Viol_Order(max=2.00, mean=0.0443) | Viol_Exist(max=2.00, mean=0.9975) | Mu_O(max=39.4) Mu_E(max=39.4) | Lam_O(max=127.91) Lam_E(max=255.82)

[Projection Start] Batch: 512, Constraints: 33
  [Outer 01/15] Loss (KL=0.0005, Const=2617.6282) | Viol_Order(max=2.00, mean=0.0453) | Viol_Exist(max=2.00, mean=0.9976) | Mu_O(max=1.0) Mu_E(max=1.0) | Lam_O(max=0.00) Lam_E(max=0.00)
  [Outer 10/15] Loss (KL=13.4036, Const=117113.5859) | Viol_Order(max=2.00, mean=0.0391) | Viol_Exist(max=2.00, mean=1.0120) | Mu_O(max=10.6) Mu_E(max=10.6) | Lam_O(max=32.01) Lam_E(max=64.03)
  [Outer 15/15] Loss (KL=23.9257, Const=343622.7812) | Viol_Order(max=2.00, mean=0.0455) | Viol_Exist(max=2.00, mean=0.9979) | Mu_O(max=39.4) Mu_E(max=39.4) | Lam_O(max=127.91) Lam_E(max=255.82)

[Projection Start] Batch: 512, Constraints: 33
  [Outer 01/15] Loss (KL=0.0003, Const=2636.3557) | Viol_Order(max=3.00, mean=0.0478) | Viol_Exist(max=2.00, mean=0.9986) | Mu_O(max=1.0) Mu_E(max=1.0) | Lam_O(max=0.00) Lam_E(max=0.00)
  [Outer 10/15] Loss (KL=13.4074, Const=118237.5312) | Viol_Order(max=2.00, mean=0.0368) | Viol_Exist(max=2.00, mean=1.0103) | Mu_O(max=10.6) Mu_E(max=10.6) | Lam_O(max=32.01) Lam_E(max=64.03)
  [Outer 15/15] Loss (KL=24.5470, Const=344109.7500) | Viol_Order(max=2.00, mean=0.0442) | Viol_Exist(max=2.00, mean=0.9970) | Mu_O(max=39.4) Mu_E(max=39.4) | Lam_O(max=127.91) Lam_E(max=255.82)

[Projection Start] Batch: 512, Constraints: 33
  [Outer 01/15] Loss (KL=0.0004, Const=2621.6348) | Viol_Order(max=2.00, mean=0.0446) | Viol_Exist(max=2.00, mean=0.9985) | Mu_O(max=1.0) Mu_E(max=1.0) | Lam_O(max=0.00) Lam_E(max=0.00)
  [Outer 10/15] Loss (KL=13.1614, Const=115318.8203) | Viol_Order(max=2.00, mean=0.0376) | Viol_Exist(max=2.00, mean=1.0088) | Mu_O(max=10.6) Mu_E(max=10.6) | Lam_O(max=32.01) Lam_E(max=64.03)
  [Outer 15/15] Loss (KL=24.1800, Const=339596.5938) | Viol_Order(max=2.00, mean=0.0438) | Viol_Exist(max=2.00, mean=0.9986) | Mu_O(max=39.4) Mu_E(max=39.4) | Lam_O(max=127.91) Lam_E(max=255.82)

[Projection Start] Batch: 512, Constraints: 33
  [Outer 01/15] Loss (KL=0.0005, Const=2628.7490) | Viol_Order(max=2.00, mean=0.0440) | Viol_Exist(max=2.00, mean=1.0005) | Mu_O(max=1.0) Mu_E(max=1.0) | Lam_O(max=0.00) Lam_E(max=0.00)
  [Outer 10/15] Loss (KL=13.2724, Const=116913.6406) | Viol_Order(max=2.00, mean=0.0392) | Viol_Exist(max=2.00, mean=1.0099) | Mu_O(max=10.6) Mu_E(max=10.6) | Lam_O(max=32.01) Lam_E(max=64.03)
  [Outer 15/15] Loss (KL=24.5476, Const=338880.2500) | Viol_Order(max=1.00, mean=0.0447) | Viol_Exist(max=2.00, mean=0.9977) | Mu_O(max=39.4) Mu_E(max=39.4) | Lam_O(max=127.91) Lam_E(max=255.82)

[Projection Start] Batch: 512, Constraints: 33
  [Outer 01/15] Loss (KL=0.0004, Const=2635.9839) | Viol_Order(max=2.00, mean=0.0466) | Viol_Exist(max=2.00, mean=0.9984) | Mu_O(max=1.0) Mu_E(max=1.0) | Lam_O(max=0.00) Lam_E(max=0.00)
  [Outer 10/15] Loss (KL=13.9260, Const=116386.1641) | Viol_Order(max=2.00, mean=0.0382) | Viol_Exist(max=2.00, mean=1.0112) | Mu_O(max=10.6) Mu_E(max=10.6) | Lam_O(max=32.01) Lam_E(max=64.03)
  [Outer 15/15] Loss (KL=24.5630, Const=340672.1875) | Viol_Order(max=2.00, mean=0.0440) | Viol_Exist(max=2.00, mean=0.9962) | Mu_O(max=39.4) Mu_E(max=39.4) | Lam_O(max=127.91) Lam_E(max=255.82)

[Projection Start] Batch: 512, Constraints: 33
  [Outer 01/15] Loss (KL=0.0007, Const=2603.8035) | Viol_Order(max=2.00, mean=0.0452) | Viol_Exist(max=2.00, mean=0.9975) | Mu_O(max=1.0) Mu_E(max=1.0) | Lam_O(max=0.00) Lam_E(max=0.00)
  [Outer 10/15] Loss (KL=13.0203, Const=117591.3984) | Viol_Order(max=2.00, mean=0.0372) | Viol_Exist(max=2.00, mean=1.0096) | Mu_O(max=10.6) Mu_E(max=10.6) | Lam_O(max=32.01) Lam_E(max=64.03)
  [Outer 15/15] Loss (KL=23.3505, Const=340920.7500) | Viol_Order(max=2.00, mean=0.0440) | Viol_Exist(max=2.00, mean=0.9982) | Mu_O(max=39.4) Mu_E(max=39.4) | Lam_O(max=127.91) Lam_E(max=255.82)

[Projection Start] Batch: 512, Constraints: 33
  [Outer 01/15] Loss (KL=0.0001, Const=2604.2852) | Viol_Order(max=2.00, mean=0.0466) | Viol_Exist(max=2.00, mean=0.9973) | Mu_O(max=1.0) Mu_E(max=1.0) | Lam_O(max=0.00) Lam_E(max=0.00)
  [Outer 10/15] Loss (KL=12.9466, Const=116831.6797) | Viol_Order(max=2.00, mean=0.0379) | Viol_Exist(max=2.00, mean=1.0074) | Mu_O(max=10.6) Mu_E(max=10.6) | Lam_O(max=32.01) Lam_E(max=64.03)
  [Outer 15/15] Loss (KL=23.5587, Const=343501.8125) | Viol_Order(max=1.00, mean=0.0449) | Viol_Exist(max=2.00, mean=0.9970) | Mu_O(max=39.4) Mu_E(max=39.4) | Lam_O(max=127.91) Lam_E(max=255.82)

[Projection Start] Batch: 512, Constraints: 33
  [Outer 01/15] Loss (KL=0.0003, Const=2615.1289) | Viol_Order(max=2.00, mean=0.0467) | Viol_Exist(max=2.00, mean=0.9973) | Mu_O(max=1.0) Mu_E(max=1.0) | Lam_O(max=0.00) Lam_E(max=0.00)
  [Outer 10/15] Loss (KL=12.9715, Const=117448.5625) | Viol_Order(max=2.00, mean=0.0369) | Viol_Exist(max=2.00, mean=1.0115) | Mu_O(max=10.6) Mu_E(max=10.6) | Lam_O(max=32.01) Lam_E(max=64.03)
  [Outer 15/15] Loss (KL=23.2005, Const=345206.8125) | Viol_Order(max=2.00, mean=0.0422) | Viol_Exist(max=2.00, mean=0.9995) | Mu_O(max=39.4) Mu_E(max=39.4) | Lam_O(max=127.91) Lam_E(max=255.82)

[Projection Start] Batch: 512, Constraints: 33
  [Outer 01/15] Loss (KL=0.0012, Const=2632.9868) | Viol_Order(max=2.00, mean=0.0428) | Viol_Exist(max=2.00, mean=1.0001) | Mu_O(max=1.0) Mu_E(max=1.0) | Lam_O(max=0.00) Lam_E(max=0.00)
  [Outer 10/15] Loss (KL=13.6574, Const=115862.8438) | Viol_Order(max=2.00, mean=0.0373) | Viol_Exist(max=2.00, mean=1.0111) | Mu_O(max=10.6) Mu_E(max=10.6) | Lam_O(max=32.01) Lam_E(max=64.03)
  [Outer 15/15] Loss (KL=24.2967, Const=338350.9375) | Viol_Order(max=2.00, mean=0.0457) | Viol_Exist(max=2.00, mean=0.9980) | Mu_O(max=39.4) Mu_E(max=39.4) | Lam_O(max=127.91) Lam_E(max=255.82)

[Projection Start] Batch: 512, Constraints: 33
  [Outer 01/15] Loss (KL=0.0022, Const=2642.8289) | Viol_Order(max=2.00, mean=0.0469) | Viol_Exist(max=2.00, mean=0.9988) | Mu_O(max=1.0) Mu_E(max=1.0) | Lam_O(max=0.00) Lam_E(max=0.00)
  [Outer 10/15] Loss (KL=13.1860, Const=117357.8906) | Viol_Order(max=1.00, mean=0.0380) | Viol_Exist(max=2.00, mean=1.0091) | Mu_O(max=10.6) Mu_E(max=10.6) | Lam_O(max=32.01) Lam_E(max=64.03)
  [Outer 15/15] Loss (KL=23.9551, Const=337737.5625) | Viol_Order(max=2.00, mean=0.0447) | Viol_Exist(max=2.00, mean=0.9980) | Mu_O(max=39.4) Mu_E(max=39.4) | Lam_O(max=127.91) Lam_E(max=255.82)

[Projection Start] Batch: 512, Constraints: 33
  [Outer 01/15] Loss (KL=0.0005, Const=2622.6545) | Viol_Order(max=2.00, mean=0.0455) | Viol_Exist(max=2.00, mean=0.9995) | Mu_O(max=1.0) Mu_E(max=1.0) | Lam_O(max=0.00) Lam_E(max=0.00)
  [Outer 10/15] Loss (KL=13.8424, Const=116506.2969) | Viol_Order(max=2.00, mean=0.0355) | Viol_Exist(max=2.00, mean=1.0100) | Mu_O(max=10.6) Mu_E(max=10.6) | Lam_O(max=36.00) Lam_E(max=64.03)
  [Outer 15/15] Loss (KL=23.8706, Const=339235.7500) | Viol_Order(max=2.00, mean=0.0426) | Viol_Exist(max=2.00, mean=0.9976) | Mu_O(max=39.4) Mu_E(max=39.4) | Lam_O(max=127.91) Lam_E(max=255.82)

[Projection Start] Batch: 512, Constraints: 33
  [Outer 01/15] Loss (KL=0.0006, Const=2593.2852) | Viol_Order(max=2.00, mean=0.0439) | Viol_Exist(max=2.00, mean=0.9968) | Mu_O(max=1.0) Mu_E(max=1.0) | Lam_O(max=0.00) Lam_E(max=0.00)
  [Outer 10/15] Loss (KL=13.3764, Const=114118.8281) | Viol_Order(max=2.00, mean=0.0363) | Viol_Exist(max=2.00, mean=1.0118) | Mu_O(max=10.6) Mu_E(max=10.6) | Lam_O(max=32.01) Lam_E(max=64.03)
  [Outer 15/15] Loss (KL=23.4612, Const=339283.5625) | Viol_Order(max=2.00, mean=0.0412) | Viol_Exist(max=2.00, mean=0.9957) | Mu_O(max=39.4) Mu_E(max=39.4) | Lam_O(max=127.91) Lam_E(max=255.82)

[Projection Start] Batch: 512, Constraints: 33
  [Outer 01/15] Loss (KL=0.0007, Const=2596.1758) | Viol_Order(max=4.00, mean=0.0418) | Viol_Exist(max=2.00, mean=0.9983) | Mu_O(max=1.0) Mu_E(max=1.0) | Lam_O(max=0.00) Lam_E(max=0.00)
  [Outer 10/15] Loss (KL=13.5448, Const=113483.7500) | Viol_Order(max=2.00, mean=0.0362) | Viol_Exist(max=2.00, mean=1.0070) | Mu_O(max=10.6) Mu_E(max=10.6) | Lam_O(max=45.99) Lam_E(max=64.03)
  [Outer 15/15] Loss (KL=24.2005, Const=328889.8125) | Viol_Order(max=2.00, mean=0.0432) | Viol_Exist(max=2.00, mean=0.9978) | Mu_O(max=39.4) Mu_E(max=39.4) | Lam_O(max=127.91) Lam_E(max=255.82)

[Projection Start] Batch: 512, Constraints: 33
  [Outer 01/15] Loss (KL=0.0004, Const=2604.7317) | Viol_Order(max=2.00, mean=0.0448) | Viol_Exist(max=2.00, mean=0.9973) | Mu_O(max=1.0) Mu_E(max=1.0) | Lam_O(max=0.00) Lam_E(max=0.00)
  [Outer 10/15] Loss (KL=13.2398, Const=114618.5703) | Viol_Order(max=2.00, mean=0.0365) | Viol_Exist(max=2.00, mean=1.0060) | Mu_O(max=10.6) Mu_E(max=10.6) | Lam_O(max=32.01) Lam_E(max=64.03)
  [Outer 15/15] Loss (KL=23.4521, Const=327769.8125) | Viol_Order(max=2.00, mean=0.0395) | Viol_Exist(max=2.00, mean=0.9985) | Mu_O(max=39.4) Mu_E(max=39.4) | Lam_O(max=127.91) Lam_E(max=255.82)

[Projection Start] Batch: 512, Constraints: 33
  [Outer 01/15] Loss (KL=0.0003, Const=2611.2368) | Viol_Order(max=2.00, mean=0.0414) | Viol_Exist(max=2.00, mean=0.9996) | Mu_O(max=1.0) Mu_E(max=1.0) | Lam_O(max=0.00) Lam_E(max=0.00)
  [Outer 10/15] Loss (KL=13.5365, Const=113673.8203) | Viol_Order(max=2.00, mean=0.0355) | Viol_Exist(max=2.00, mean=1.0050) | Mu_O(max=10.6) Mu_E(max=10.6) | Lam_O(max=32.01) Lam_E(max=64.03)
  [Outer 15/15] Loss (KL=23.7633, Const=329749.6250) | Viol_Order(max=3.00, mean=0.0426) | Viol_Exist(max=2.00, mean=0.9973) | Mu_O(max=39.4) Mu_E(max=39.4) | Lam_O(max=127.91) Lam_E(max=255.82)

[Projection Start] Batch: 512, Constraints: 33
  [Outer 01/15] Loss (KL=0.0004, Const=2596.9890) | Viol_Order(max=2.00, mean=0.0438) | Viol_Exist(max=2.00, mean=0.9979) | Mu_O(max=1.0) Mu_E(max=1.0) | Lam_O(max=0.00) Lam_E(max=0.00)
  [Outer 10/15] Loss (KL=13.9782, Const=113195.2578) | Viol_Order(max=2.00, mean=0.0362) | Viol_Exist(max=2.00, mean=1.0062) | Mu_O(max=10.6) Mu_E(max=10.6) | Lam_O(max=32.01) Lam_E(max=64.03)
  [Outer 15/15] Loss (KL=23.2666, Const=336941.1875) | Viol_Order(max=2.00, mean=0.0449) | Viol_Exist(max=2.00, mean=0.9967) | Mu_O(max=39.4) Mu_E(max=39.4) | Lam_O(max=127.91) Lam_E(max=255.82)

[Projection Start] Batch: 512, Constraints: 33
  [Outer 01/15] Loss (KL=0.0003, Const=2594.0898) | Viol_Order(max=2.00, mean=0.0457) | Viol_Exist(max=2.00, mean=0.9960) | Mu_O(max=1.0) Mu_E(max=1.0) | Lam_O(max=0.00) Lam_E(max=0.00)
  [Outer 10/15] Loss (KL=13.7562, Const=112988.1172) | Viol_Order(max=2.00, mean=0.0349) | Viol_Exist(max=2.00, mean=1.0072) | Mu_O(max=10.6) Mu_E(max=10.6) | Lam_O(max=32.01) Lam_E(max=64.03)
  [Outer 15/15] Loss (KL=24.2675, Const=333011.1250) | Viol_Order(max=2.00, mean=0.0414) | Viol_Exist(max=2.00, mean=0.9979) | Mu_O(max=39.4) Mu_E(max=39.4) | Lam_O(max=127.91) Lam_E(max=255.82)

[Projection Start] Batch: 512, Constraints: 33
  [Outer 01/15] Loss (KL=0.0004, Const=2587.1494) | Viol_Order(max=2.00, mean=0.0432) | Viol_Exist(max=2.00, mean=0.9973) | Mu_O(max=1.0) Mu_E(max=1.0) | Lam_O(max=0.00) Lam_E(max=0.00)
  [Outer 10/15] Loss (KL=13.9054, Const=112222.7969) | Viol_Order(max=2.00, mean=0.0343) | Viol_Exist(max=2.00, mean=1.0088) | Mu_O(max=10.6) Mu_E(max=10.6) | Lam_O(max=32.01) Lam_E(max=64.03)
  [Outer 15/15] Loss (KL=23.2445, Const=333043.5625) | Viol_Order(max=2.00, mean=0.0408) | Viol_Exist(max=2.00, mean=0.9976) | Mu_O(max=39.4) Mu_E(max=39.4) | Lam_O(max=127.91) Lam_E(max=255.82)

[Projection Start] Batch: 512, Constraints: 33
  [Outer 01/15] Loss (KL=0.0002, Const=2583.3174) | Viol_Order(max=2.00, mean=0.0418) | Viol_Exist(max=2.00, mean=0.9985) | Mu_O(max=1.0) Mu_E(max=1.0) | Lam_O(max=0.00) Lam_E(max=0.00)
  [Outer 10/15] Loss (KL=13.6975, Const=114597.4219) | Viol_Order(max=2.00, mean=0.0359) | Viol_Exist(max=2.00, mean=1.0075) | Mu_O(max=10.6) Mu_E(max=10.6) | Lam_O(max=38.20) Lam_E(max=64.03)
  [Outer 15/15] Loss (KL=23.8492, Const=338765.9688) | Viol_Order(max=2.00, mean=0.0438) | Viol_Exist(max=2.00, mean=0.9961) | Mu_O(max=39.4) Mu_E(max=39.4) | Lam_O(max=127.91) Lam_E(max=255.82)

[Projection Start] Batch: 512, Constraints: 33
  [Outer 01/15] Loss (KL=0.0005, Const=2589.0830) | Viol_Order(max=2.00, mean=0.0446) | Viol_Exist(max=2.00, mean=0.9971) | Mu_O(max=1.0) Mu_E(max=1.0) | Lam_O(max=0.00) Lam_E(max=0.00)
  [Outer 10/15] Loss (KL=13.5487, Const=114610.2109) | Viol_Order(max=1.00, mean=0.0354) | Viol_Exist(max=2.00, mean=1.0075) | Mu_O(max=10.6) Mu_E(max=10.6) | Lam_O(max=32.01) Lam_E(max=64.03)
  [Outer 15/15] Loss (KL=23.7128, Const=335095.4062) | Viol_Order(max=2.00, mean=0.0414) | Viol_Exist(max=2.00, mean=0.9968) | Mu_O(max=39.4) Mu_E(max=39.4) | Lam_O(max=127.91) Lam_E(max=255.82)

[Projection Start] Batch: 512, Constraints: 33
  [Outer 01/15] Loss (KL=0.0003, Const=2579.5422) | Viol_Order(max=2.00, mean=0.0430) | Viol_Exist(max=2.00, mean=0.9964) | Mu_O(max=1.0) Mu_E(max=1.0) | Lam_O(max=0.00) Lam_E(max=0.00)
  [Outer 10/15] Loss (KL=13.2532, Const=113870.6719) | Viol_Order(max=2.00, mean=0.0370) | Viol_Exist(max=2.00, mean=1.0072) | Mu_O(max=10.6) Mu_E(max=10.6) | Lam_O(max=32.01) Lam_E(max=64.03)
  [Outer 15/15] Loss (KL=24.0907, Const=336987.9062) | Viol_Order(max=2.00, mean=0.0423) | Viol_Exist(max=2.00, mean=0.9964) | Mu_O(max=39.4) Mu_E(max=39.4) | Lam_O(max=127.91) Lam_E(max=255.82)

[Projection Start] Batch: 512, Constraints: 33
  [Outer 01/15] Loss (KL=0.0004, Const=2573.8987) | Viol_Order(max=2.00, mean=0.0427) | Viol_Exist(max=2.00, mean=0.9973) | Mu_O(max=1.0) Mu_E(max=1.0) | Lam_O(max=0.00) Lam_E(max=0.00)
  [Outer 10/15] Loss (KL=13.7984, Const=111970.5625) | Viol_Order(max=2.00, mean=0.0347) | Viol_Exist(max=2.00, mean=1.0065) | Mu_O(max=10.6) Mu_E(max=10.6) | Lam_O(max=32.01) Lam_E(max=64.03)
  [Outer 15/15] Loss (KL=24.5811, Const=331456.2188) | Viol_Order(max=1.00, mean=0.0411) | Viol_Exist(max=2.00, mean=0.9962) | Mu_O(max=39.4) Mu_E(max=39.4) | Lam_O(max=127.91) Lam_E(max=255.82)

[Projection Start] Batch: 512, Constraints: 33
  [Outer 01/15] Loss (KL=0.0012, Const=2575.7402) | Viol_Order(max=2.00, mean=0.0420) | Viol_Exist(max=2.00, mean=0.9960) | Mu_O(max=1.0) Mu_E(max=1.0) | Lam_O(max=0.00) Lam_E(max=0.00)
  [Outer 10/15] Loss (KL=13.3248, Const=114674.4219) | Viol_Order(max=2.00, mean=0.0331) | Viol_Exist(max=2.00, mean=1.0150) | Mu_O(max=10.6) Mu_E(max=10.6) | Lam_O(max=32.01) Lam_E(max=64.03)
  [Outer 15/15] Loss (KL=24.2262, Const=339965.9062) | Viol_Order(max=2.00, mean=0.0394) | Viol_Exist(max=2.00, mean=0.9968) | Mu_O(max=39.4) Mu_E(max=39.4) | Lam_O(max=127.91) Lam_E(max=255.82)

[Projection Start] Batch: 512, Constraints: 33
  [Outer 01/15] Loss (KL=0.0006, Const=2588.4614) | Viol_Order(max=2.00, mean=0.0414) | Viol_Exist(max=2.00, mean=0.9977) | Mu_O(max=1.0) Mu_E(max=1.0) | Lam_O(max=0.00) Lam_E(max=0.00)
  [Outer 10/15] Loss (KL=13.6211, Const=114504.1094) | Viol_Order(max=2.00, mean=0.0324) | Viol_Exist(max=2.00, mean=1.0092) | Mu_O(max=10.6) Mu_E(max=10.6) | Lam_O(max=36.00) Lam_E(max=64.03)
  [Outer 15/15] Loss (KL=24.1869, Const=335175.3125) | Viol_Order(max=2.00, mean=0.0415) | Viol_Exist(max=2.00, mean=0.9975) | Mu_O(max=39.4) Mu_E(max=39.4) | Lam_O(max=127.91) Lam_E(max=255.82)

[Projection Start] Batch: 512, Constraints: 33
  [Outer 01/15] Loss (KL=0.0004, Const=2560.8491) | Viol_Order(max=2.00, mean=0.0422) | Viol_Exist(max=2.00, mean=0.9972) | Mu_O(max=1.0) Mu_E(max=1.0) | Lam_O(max=0.00) Lam_E(max=0.00)
  [Outer 10/15] Loss (KL=13.4242, Const=113586.1406) | Viol_Order(max=2.00, mean=0.0346) | Viol_Exist(max=2.00, mean=1.0076) | Mu_O(max=10.6) Mu_E(max=10.6) | Lam_O(max=32.01) Lam_E(max=64.03)
  [Outer 15/15] Loss (KL=23.1687, Const=337363.1875) | Viol_Order(max=2.00, mean=0.0407) | Viol_Exist(max=2.00, mean=0.9978) | Mu_O(max=39.4) Mu_E(max=39.4) | Lam_O(max=127.91) Lam_E(max=255.82)

[Projection Start] Batch: 512, Constraints: 33
  [Outer 01/15] Loss (KL=0.0005, Const=2584.4243) | Viol_Order(max=2.00, mean=0.0415) | Viol_Exist(max=2.00, mean=0.9983) | Mu_O(max=1.0) Mu_E(max=1.0) | Lam_O(max=0.00) Lam_E(max=0.00)
  [Outer 10/15] Loss (KL=14.4778, Const=111130.6172) | Viol_Order(max=2.00, mean=0.0391) | Viol_Exist(max=2.00, mean=1.0051) | Mu_O(max=10.6) Mu_E(max=10.6) | Lam_O(max=32.01) Lam_E(max=64.03)
  [Outer 15/15] Loss (KL=24.1665, Const=329279.0000) | Viol_Order(max=2.00, mean=0.0418) | Viol_Exist(max=2.00, mean=0.9979) | Mu_O(max=39.4) Mu_E(max=39.4) | Lam_O(max=127.91) Lam_E(max=255.82)

[Projection Start] Batch: 512, Constraints: 33
  [Outer 01/15] Loss (KL=0.0012, Const=2589.0930) | Viol_Order(max=2.00, mean=0.0431) | Viol_Exist(max=2.00, mean=0.9986) | Mu_O(max=1.0) Mu_E(max=1.0) | Lam_O(max=0.00) Lam_E(max=0.00)
  [Outer 10/15] Loss (KL=14.8410, Const=109616.9141) | Viol_Order(max=2.00, mean=0.0352) | Viol_Exist(max=2.00, mean=1.0057) | Mu_O(max=10.6) Mu_E(max=10.6) | Lam_O(max=32.01) Lam_E(max=64.03)
  [Outer 15/15] Loss (KL=25.0176, Const=322254.4062) | Viol_Order(max=2.00, mean=0.0443) | Viol_Exist(max=2.00, mean=0.9989) | Mu_O(max=39.4) Mu_E(max=39.4) | Lam_O(max=127.91) Lam_E(max=255.82)

[Projection Start] Batch: 512, Constraints: 33
  [Outer 01/15] Loss (KL=0.0004, Const=2631.7305) | Viol_Order(max=3.00, mean=0.0451) | Viol_Exist(max=2.00, mean=0.9996) | Mu_O(max=1.0) Mu_E(max=1.0) | Lam_O(max=0.00) Lam_E(max=0.00)
  [Outer 10/15] Loss (KL=14.6631, Const=112464.4219) | Viol_Order(max=2.00, mean=0.0346) | Viol_Exist(max=2.00, mean=1.0085) | Mu_O(max=10.6) Mu_E(max=10.6) | Lam_O(max=32.01) Lam_E(max=64.03)
  [Outer 15/15] Loss (KL=24.4589, Const=332984.4375) | Viol_Order(max=2.00, mean=0.0398) | Viol_Exist(max=2.00, mean=0.9979) | Mu_O(max=39.4) Mu_E(max=39.4) | Lam_O(max=127.91) Lam_E(max=255.82)

[Projection Start] Batch: 512, Constraints: 33
  [Outer 01/15] Loss (KL=0.0015, Const=2594.4055) | Viol_Order(max=2.00, mean=0.0420) | Viol_Exist(max=2.00, mean=0.9985) | Mu_O(max=1.0) Mu_E(max=1.0) | Lam_O(max=0.00) Lam_E(max=0.00)
  [Outer 10/15] Loss (KL=14.1231, Const=112675.0078) | Viol_Order(max=2.00, mean=0.0361) | Viol_Exist(max=2.00, mean=1.0096) | Mu_O(max=10.6) Mu_E(max=10.6) | Lam_O(max=46.45) Lam_E(max=64.03)
  [Outer 15/15] Loss (KL=24.3319, Const=332129.9062) | Viol_Order(max=2.00, mean=0.0430) | Viol_Exist(max=2.00, mean=0.9993) | Mu_O(max=39.4) Mu_E(max=39.4) | Lam_O(max=127.91) Lam_E(max=255.82)

[Projection Start] Batch: 512, Constraints: 33
  [Outer 01/15] Loss (KL=0.0003, Const=2603.1826) | Viol_Order(max=2.00, mean=0.0431) | Viol_Exist(max=2.00, mean=0.9996) | Mu_O(max=1.0) Mu_E(max=1.0) | Lam_O(max=0.00) Lam_E(max=0.00)
  [Outer 10/15] Loss (KL=14.4367, Const=110507.2266) | Viol_Order(max=2.00, mean=0.0349) | Viol_Exist(max=2.00, mean=1.0098) | Mu_O(max=10.6) Mu_E(max=10.6) | Lam_O(max=32.01) Lam_E(max=64.03)
  [Outer 15/15] Loss (KL=24.8545, Const=326063.8750) | Viol_Order(max=2.00, mean=0.0417) | Viol_Exist(max=2.00, mean=0.9979) | Mu_O(max=39.4) Mu_E(max=39.4) | Lam_O(max=127.91) Lam_E(max=255.82)

[Projection Start] Batch: 512, Constraints: 33
  [Outer 01/15] Loss (KL=0.0006, Const=2598.9678) | Viol_Order(max=2.00, mean=0.0424) | Viol_Exist(max=2.00, mean=0.9988) | Mu_O(max=1.0) Mu_E(max=1.0) | Lam_O(max=0.00) Lam_E(max=0.00)
  [Outer 10/15] Loss (KL=14.2523, Const=112209.2422) | Viol_Order(max=2.00, mean=0.0347) | Viol_Exist(max=2.00, mean=1.0107) | Mu_O(max=10.6) Mu_E(max=10.6) | Lam_O(max=32.01) Lam_E(max=64.03)
  [Outer 15/15] Loss (KL=24.7342, Const=325459.7188) | Viol_Order(max=2.00, mean=0.0429) | Viol_Exist(max=2.00, mean=0.9989) | Mu_O(max=39.4) Mu_E(max=39.4) | Lam_O(max=127.91) Lam_E(max=255.82)

[Projection Start] Batch: 512, Constraints: 33
  [Outer 01/15] Loss (KL=0.0003, Const=2607.4526) | Viol_Order(max=2.00, mean=0.0443) | Viol_Exist(max=2.00, mean=0.9995) | Mu_O(max=1.0) Mu_E(max=1.0) | Lam_O(max=0.00) Lam_E(max=0.00)
  [Outer 10/15] Loss (KL=15.0466, Const=109805.0078) | Viol_Order(max=2.00, mean=0.0384) | Viol_Exist(max=2.00, mean=1.0083) | Mu_O(max=10.6) Mu_E(max=10.6) | Lam_O(max=32.01) Lam_E(max=64.03)
  [Outer 15/15] Loss (KL=24.5900, Const=326429.2812) | Viol_Order(max=2.00, mean=0.0433) | Viol_Exist(max=2.00, mean=0.9964) | Mu_O(max=39.4) Mu_E(max=39.4) | Lam_O(max=127.91) Lam_E(max=255.82)

[Projection Start] Batch: 512, Constraints: 33
  [Outer 01/15] Loss (KL=0.0003, Const=2597.4590) | Viol_Order(max=2.00, mean=0.0444) | Viol_Exist(max=2.00, mean=0.9988) | Mu_O(max=1.0) Mu_E(max=1.0) | Lam_O(max=0.00) Lam_E(max=0.00)
  [Outer 10/15] Loss (KL=14.6449, Const=111343.7656) | Viol_Order(max=2.00, mean=0.0362) | Viol_Exist(max=2.00, mean=1.0089) | Mu_O(max=10.6) Mu_E(max=10.6) | Lam_O(max=32.01) Lam_E(max=64.03)
  [Outer 15/15] Loss (KL=24.9999, Const=327893.4688) | Viol_Order(max=2.00, mean=0.0406) | Viol_Exist(max=2.00, mean=0.9981) | Mu_O(max=39.4) Mu_E(max=39.4) | Lam_O(max=127.91) Lam_E(max=255.82)

[Projection Start] Batch: 512, Constraints: 33
  [Outer 01/15] Loss (KL=0.0005, Const=2590.7407) | Viol_Order(max=2.00, mean=0.0413) | Viol_Exist(max=2.00, mean=0.9996) | Mu_O(max=1.0) Mu_E(max=1.0) | Lam_O(max=0.00) Lam_E(max=0.00)
  [Outer 10/15] Loss (KL=14.8708, Const=111135.4453) | Viol_Order(max=2.00, mean=0.0347) | Viol_Exist(max=2.00, mean=1.0085) | Mu_O(max=10.6) Mu_E(max=10.6) | Lam_O(max=32.01) Lam_E(max=64.03)
  [Outer 15/15] Loss (KL=24.4350, Const=324198.0000) | Viol_Order(max=2.00, mean=0.0385) | Viol_Exist(max=2.00, mean=0.9976) | Mu_O(max=39.4) Mu_E(max=39.4) | Lam_O(max=127.91) Lam_E(max=255.82)

[Projection Start] Batch: 512, Constraints: 33
  [Outer 01/15] Loss (KL=0.0004, Const=2569.1970) | Viol_Order(max=2.00, mean=0.0396) | Viol_Exist(max=2.00, mean=0.9983) | Mu_O(max=1.0) Mu_E(max=1.0) | Lam_O(max=0.00) Lam_E(max=0.00)
  [Outer 10/15] Loss (KL=14.4303, Const=110245.8281) | Viol_Order(max=2.00, mean=0.0355) | Viol_Exist(max=2.00, mean=1.0063) | Mu_O(max=10.6) Mu_E(max=10.6) | Lam_O(max=32.01) Lam_E(max=64.03)
  [Outer 15/15] Loss (KL=24.3138, Const=324590.1250) | Viol_Order(max=2.00, mean=0.0406) | Viol_Exist(max=2.00, mean=0.9979) | Mu_O(max=39.4) Mu_E(max=39.4) | Lam_O(max=127.91) Lam_E(max=255.82)

[Projection Start] Batch: 512, Constraints: 33
  [Outer 01/15] Loss (KL=0.0006, Const=2572.6313) | Viol_Order(max=2.00, mean=0.0417) | Viol_Exist(max=2.00, mean=0.9985) | Mu_O(max=1.0) Mu_E(max=1.0) | Lam_O(max=0.00) Lam_E(max=0.00)
  [Outer 10/15] Loss (KL=14.7359, Const=109854.9219) | Viol_Order(max=2.00, mean=0.0349) | Viol_Exist(max=2.00, mean=1.0062) | Mu_O(max=10.6) Mu_E(max=10.6) | Lam_O(max=34.87) Lam_E(max=64.03)
  [Outer 15/15] Loss (KL=24.7251, Const=323979.8750) | Viol_Order(max=2.00, mean=0.0398) | Viol_Exist(max=2.00, mean=0.9986) | Mu_O(max=39.4) Mu_E(max=39.4) | Lam_O(max=127.91) Lam_E(max=255.82)

[Projection Start] Batch: 512, Constraints: 33
  [Outer 01/15] Loss (KL=0.0004, Const=2573.5371) | Viol_Order(max=2.00, mean=0.0413) | Viol_Exist(max=2.00, mean=0.9988) | Mu_O(max=1.0) Mu_E(max=1.0) | Lam_O(max=0.00) Lam_E(max=0.00)
  [Outer 10/15] Loss (KL=14.7031, Const=110021.8750) | Viol_Order(max=2.00, mean=0.0368) | Viol_Exist(max=2.00, mean=1.0091) | Mu_O(max=10.6) Mu_E(max=10.6) | Lam_O(max=32.01) Lam_E(max=64.03)
  [Outer 15/15] Loss (KL=24.2765, Const=325921.5312) | Viol_Order(max=2.00, mean=0.0407) | Viol_Exist(max=2.00, mean=0.9984) | Mu_O(max=39.4) Mu_E(max=39.4) | Lam_O(max=127.91) Lam_E(max=255.82)

[Projection Start] Batch: 512, Constraints: 33
  [Outer 01/15] Loss (KL=0.0005, Const=2584.7114) | Viol_Order(max=1.00, mean=0.0424) | Viol_Exist(max=2.00, mean=0.9991) | Mu_O(max=1.0) Mu_E(max=1.0) | Lam_O(max=0.00) Lam_E(max=0.00)
  [Outer 10/15] Loss (KL=14.9525, Const=109071.7969) | Viol_Order(max=2.00, mean=0.0369) | Viol_Exist(max=2.00, mean=1.0109) | Mu_O(max=10.6) Mu_E(max=10.6) | Lam_O(max=32.01) Lam_E(max=64.03)
  [Outer 15/15] Loss (KL=24.8968, Const=327369.6875) | Viol_Order(max=1.00, mean=0.0401) | Viol_Exist(max=2.00, mean=0.9974) | Mu_O(max=39.4) Mu_E(max=39.4) | Lam_O(max=127.91) Lam_E(max=255.82)

[Projection Start] Batch: 512, Constraints: 33
  [Outer 01/15] Loss (KL=0.0006, Const=2579.7065) | Viol_Order(max=2.00, mean=0.0411) | Viol_Exist(max=2.00, mean=0.9978) | Mu_O(max=1.0) Mu_E(max=1.0) | Lam_O(max=0.00) Lam_E(max=0.00)
  [Outer 10/15] Loss (KL=14.5682, Const=109268.8750) | Viol_Order(max=2.00, mean=0.0350) | Viol_Exist(max=2.00, mean=1.0070) | Mu_O(max=10.6) Mu_E(max=10.6) | Lam_O(max=32.01) Lam_E(max=64.03)
  [Outer 15/15] Loss (KL=24.3385, Const=323077.2500) | Viol_Order(max=1.00, mean=0.0395) | Viol_Exist(max=2.00, mean=0.9998) | Mu_O(max=39.4) Mu_E(max=39.4) | Lam_O(max=127.91) Lam_E(max=255.82)

[Projection Start] Batch: 512, Constraints: 33
  [Outer 01/15] Loss (KL=0.0004, Const=2592.3325) | Viol_Order(max=2.00, mean=0.0405) | Viol_Exist(max=2.00, mean=0.9997) | Mu_O(max=1.0) Mu_E(max=1.0) | Lam_O(max=0.00) Lam_E(max=0.00)
  [Outer 10/15] Loss (KL=14.8639, Const=108612.1094) | Viol_Order(max=2.00, mean=0.0347) | Viol_Exist(max=2.00, mean=1.0076) | Mu_O(max=10.6) Mu_E(max=10.6) | Lam_O(max=32.01) Lam_E(max=64.03)
  [Outer 15/15] Loss (KL=25.1093, Const=316639.1562) | Viol_Order(max=2.00, mean=0.0396) | Viol_Exist(max=2.00, mean=0.9987) | Mu_O(max=39.4) Mu_E(max=39.4) | Lam_O(max=127.91) Lam_E(max=255.82)

[Projection Start] Batch: 512, Constraints: 33
  [Outer 01/15] Loss (KL=0.0019, Const=2592.0732) | Viol_Order(max=2.00, mean=0.0403) | Viol_Exist(max=2.00, mean=1.0000) | Mu_O(max=1.0) Mu_E(max=1.0) | Lam_O(max=0.00) Lam_E(max=0.00)
  [Outer 10/15] Loss (KL=14.9918, Const=107363.2031) | Viol_Order(max=2.00, mean=0.0342) | Viol_Exist(max=2.00, mean=1.0067) | Mu_O(max=10.6) Mu_E(max=10.6) | Lam_O(max=32.01) Lam_E(max=64.03)
  [Outer 15/15] Loss (KL=24.4342, Const=319125.9375) | Viol_Order(max=2.00, mean=0.0400) | Viol_Exist(max=2.00, mean=0.9985) | Mu_O(max=39.4) Mu_E(max=39.4) | Lam_O(max=127.91) Lam_E(max=255.82)

[Projection Start] Batch: 512, Constraints: 33
  [Outer 01/15] Loss (KL=0.0003, Const=2578.4023) | Viol_Order(max=2.00, mean=0.0398) | Viol_Exist(max=2.00, mean=0.9988) | Mu_O(max=1.0) Mu_E(max=1.0) | Lam_O(max=0.00) Lam_E(max=0.00)
  [Outer 10/15] Loss (KL=14.2742, Const=110230.6094) | Viol_Order(max=2.00, mean=0.0341) | Viol_Exist(max=2.00, mean=1.0066) | Mu_O(max=10.6) Mu_E(max=10.6) | Lam_O(max=42.28) Lam_E(max=64.03)
  [Outer 15/15] Loss (KL=24.4698, Const=327134.7500) | Viol_Order(max=2.00, mean=0.0416) | Viol_Exist(max=2.00, mean=0.9986) | Mu_O(max=39.4) Mu_E(max=39.4) | Lam_O(max=127.91) Lam_E(max=255.82)

[Projection Start] Batch: 512, Constraints: 33
  [Outer 01/15] Loss (KL=0.0010, Const=2604.0259) | Viol_Order(max=2.00, mean=0.0418) | Viol_Exist(max=2.00, mean=0.9999) | Mu_O(max=1.0) Mu_E(max=1.0) | Lam_O(max=0.00) Lam_E(max=0.00)
  [Outer 10/15] Loss (KL=14.6001, Const=109617.6406) | Viol_Order(max=2.00, mean=0.0344) | Viol_Exist(max=2.00, mean=1.0094) | Mu_O(max=10.6) Mu_E(max=10.6) | Lam_O(max=32.01) Lam_E(max=64.03)
  [Outer 15/15] Loss (KL=24.6314, Const=320299.2500) | Viol_Order(max=2.00, mean=0.0413) | Viol_Exist(max=2.00, mean=0.9969) | Mu_O(max=39.4) Mu_E(max=39.4) | Lam_O(max=127.91) Lam_E(max=255.82)

[Projection Start] Batch: 512, Constraints: 33
  [Outer 01/15] Loss (KL=0.0008, Const=2589.0308) | Viol_Order(max=4.00, mean=0.0421) | Viol_Exist(max=2.00, mean=1.0004) | Mu_O(max=1.0) Mu_E(max=1.0) | Lam_O(max=0.00) Lam_E(max=0.00)
  [Outer 10/15] Loss (KL=15.4010, Const=106680.5078) | Viol_Order(max=2.00, mean=0.0355) | Viol_Exist(max=2.00, mean=1.0063) | Mu_O(max=10.6) Mu_E(max=10.6) | Lam_O(max=32.01) Lam_E(max=64.03)
  [Outer 15/15] Loss (KL=24.5564, Const=319620.3750) | Viol_Order(max=2.00, mean=0.0405) | Viol_Exist(max=2.00, mean=0.9999) | Mu_O(max=39.4) Mu_E(max=39.4) | Lam_O(max=127.91) Lam_E(max=255.82)

[Projection Start] Batch: 512, Constraints: 33
  [Outer 01/15] Loss (KL=0.0003, Const=2595.8838) | Viol_Order(max=3.00, mean=0.0407) | Viol_Exist(max=2.00, mean=1.0011) | Mu_O(max=1.0) Mu_E(max=1.0) | Lam_O(max=0.00) Lam_E(max=0.00)
  [Outer 10/15] Loss (KL=14.7541, Const=110400.6016) | Viol_Order(max=2.00, mean=0.0342) | Viol_Exist(max=2.00, mean=1.0097) | Mu_O(max=10.6) Mu_E(max=10.6) | Lam_O(max=32.01) Lam_E(max=64.03)
  [Outer 15/15] Loss (KL=24.9369, Const=321670.4688) | Viol_Order(max=2.00, mean=0.0401) | Viol_Exist(max=2.00, mean=0.9975) | Mu_O(max=39.4) Mu_E(max=39.4) | Lam_O(max=127.91) Lam_E(max=255.82)

[Projection Start] Batch: 512, Constraints: 33
  [Outer 01/15] Loss (KL=0.0003, Const=2563.9829) | Viol_Order(max=2.00, mean=0.0413) | Viol_Exist(max=2.00, mean=0.9982) | Mu_O(max=1.0) Mu_E(max=1.0) | Lam_O(max=0.00) Lam_E(max=0.00)
  [Outer 10/15] Loss (KL=14.9995, Const=109833.5156) | Viol_Order(max=2.00, mean=0.0352) | Viol_Exist(max=2.00, mean=1.0068) | Mu_O(max=10.6) Mu_E(max=10.6) | Lam_O(max=32.01) Lam_E(max=64.03)
  [Outer 15/15] Loss (KL=24.8553, Const=315369.8125) | Viol_Order(max=2.00, mean=0.0388) | Viol_Exist(max=2.00, mean=1.0004) | Mu_O(max=39.4) Mu_E(max=39.4) | Lam_O(max=127.91) Lam_E(max=255.82)

[Projection Start] Batch: 512, Constraints: 33
  [Outer 01/15] Loss (KL=0.0003, Const=2584.3975) | Viol_Order(max=3.00, mean=0.0399) | Viol_Exist(max=2.00, mean=1.0014) | Mu_O(max=1.0) Mu_E(max=1.0) | Lam_O(max=0.00) Lam_E(max=0.00)
  [Outer 10/15] Loss (KL=14.8748, Const=109485.8281) | Viol_Order(max=2.00, mean=0.0373) | Viol_Exist(max=2.00, mean=1.0087) | Mu_O(max=10.6) Mu_E(max=10.6) | Lam_O(max=32.01) Lam_E(max=64.03)
  [Outer 15/15] Loss (KL=25.8476, Const=313919.6875) | Viol_Order(max=2.00, mean=0.0418) | Viol_Exist(max=2.00, mean=0.9978) | Mu_O(max=39.4) Mu_E(max=39.4) | Lam_O(max=127.91) Lam_E(max=255.82)

[Projection Start] Batch: 512, Constraints: 33
  [Outer 01/15] Loss (KL=0.0006, Const=2576.1887) | Viol_Order(max=2.00, mean=0.0427) | Viol_Exist(max=2.00, mean=0.9988) | Mu_O(max=1.0) Mu_E(max=1.0) | Lam_O(max=0.00) Lam_E(max=0.00)
  [Outer 10/15] Loss (KL=15.0427, Const=108082.0156) | Viol_Order(max=2.00, mean=0.0343) | Viol_Exist(max=2.00, mean=1.0067) | Mu_O(max=10.6) Mu_E(max=10.6) | Lam_O(max=44.77) Lam_E(max=64.03)
  [Outer 15/15] Loss (KL=25.6897, Const=316242.4062) | Viol_Order(max=1.00, mean=0.0393) | Viol_Exist(max=2.00, mean=0.9986) | Mu_O(max=39.4) Mu_E(max=39.4) | Lam_O(max=127.91) Lam_E(max=255.82)

[Projection Start] Batch: 512, Constraints: 33
  [Outer 01/15] Loss (KL=0.0007, Const=2570.4221) | Viol_Order(max=2.00, mean=0.0408) | Viol_Exist(max=2.00, mean=0.9993) | Mu_O(max=1.0) Mu_E(max=1.0) | Lam_O(max=0.00) Lam_E(max=0.00)
  [Outer 10/15] Loss (KL=14.5427, Const=109683.4688) | Viol_Order(max=2.00, mean=0.0349) | Viol_Exist(max=2.00, mean=1.0115) | Mu_O(max=10.6) Mu_E(max=10.6) | Lam_O(max=32.01) Lam_E(max=64.03)
  [Outer 15/15] Loss (KL=25.2521, Const=319630.6562) | Viol_Order(max=2.00, mean=0.0414) | Viol_Exist(max=2.00, mean=1.0005) | Mu_O(max=39.4) Mu_E(max=39.4) | Lam_O(max=127.91) Lam_E(max=255.82)

[Projection Start] Batch: 512, Constraints: 33
  [Outer 01/15] Loss (KL=0.0007, Const=2581.2473) | Viol_Order(max=2.00, mean=0.0426) | Viol_Exist(max=2.00, mean=0.9991) | Mu_O(max=1.0) Mu_E(max=1.0) | Lam_O(max=0.00) Lam_E(max=0.00)
  [Outer 10/15] Loss (KL=15.1118, Const=107922.7656) | Viol_Order(max=2.00, mean=0.0365) | Viol_Exist(max=2.00, mean=1.0085) | Mu_O(max=10.6) Mu_E(max=10.6) | Lam_O(max=32.01) Lam_E(max=64.03)
  [Outer 15/15] Loss (KL=25.3321, Const=316685.3750) | Viol_Order(max=1.00, mean=0.0413) | Viol_Exist(max=2.00, mean=1.0002) | Mu_O(max=39.4) Mu_E(max=39.4) | Lam_O(max=127.91) Lam_E(max=255.82)

[Projection Start] Batch: 512, Constraints: 33
  [Outer 01/15] Loss (KL=0.0021, Const=2586.9509) | Viol_Order(max=2.00, mean=0.0429) | Viol_Exist(max=2.00, mean=0.9992) | Mu_O(max=1.0) Mu_E(max=1.0) | Lam_O(max=0.00) Lam_E(max=0.00)
  [Outer 10/15] Loss (KL=14.7561, Const=107085.9375) | Viol_Order(max=2.00, mean=0.0354) | Viol_Exist(max=2.00, mean=1.0097) | Mu_O(max=10.6) Mu_E(max=10.6) | Lam_O(max=32.01) Lam_E(max=64.03)
  [Outer 15/15] Loss (KL=24.7626, Const=311305.7500) | Viol_Order(max=2.00, mean=0.0388) | Viol_Exist(max=2.00, mean=0.9969) | Mu_O(max=39.4) Mu_E(max=39.4) | Lam_O(max=127.91) Lam_E(max=255.82)

[Projection Start] Batch: 512, Constraints: 33
  [Outer 01/15] Loss (KL=0.0004, Const=2543.4268) | Viol_Order(max=2.00, mean=0.0397) | Viol_Exist(max=2.00, mean=0.9973) | Mu_O(max=1.0) Mu_E(max=1.0) | Lam_O(max=0.00) Lam_E(max=0.00)
  [Outer 10/15] Loss (KL=14.6061, Const=109161.1875) | Viol_Order(max=2.00, mean=0.0340) | Viol_Exist(max=2.00, mean=1.0088) | Mu_O(max=10.6) Mu_E(max=10.6) | Lam_O(max=32.01) Lam_E(max=64.03)
  [Outer 15/15] Loss (KL=25.5624, Const=322101.3125) | Viol_Order(max=2.00, mean=0.0421) | Viol_Exist(max=2.00, mean=0.9970) | Mu_O(max=39.4) Mu_E(max=39.4) | Lam_O(max=127.91) Lam_E(max=255.82)

[Projection Start] Batch: 512, Constraints: 33
  [Outer 01/15] Loss (KL=0.0004, Const=2568.6931) | Viol_Order(max=2.00, mean=0.0431) | Viol_Exist(max=2.00, mean=0.9992) | Mu_O(max=1.0) Mu_E(max=1.0) | Lam_O(max=0.00) Lam_E(max=0.00)
  [Outer 10/15] Loss (KL=14.3582, Const=110478.1250) | Viol_Order(max=2.00, mean=0.0343) | Viol_Exist(max=2.00, mean=1.0060) | Mu_O(max=10.6) Mu_E(max=10.6) | Lam_O(max=32.01) Lam_E(max=64.03)
  [Outer 15/15] Loss (KL=25.3136, Const=322749.4375) | Viol_Order(max=2.00, mean=0.0409) | Viol_Exist(max=2.00, mean=0.9964) | Mu_O(max=39.4) Mu_E(max=39.4) | Lam_O(max=127.91) Lam_E(max=255.82)

[Projection Start] Batch: 512, Constraints: 33
  [Outer 01/15] Loss (KL=0.0007, Const=2561.2031) | Viol_Order(max=2.00, mean=0.0417) | Viol_Exist(max=2.00, mean=0.9967) | Mu_O(max=1.0) Mu_E(max=1.0) | Lam_O(max=0.00) Lam_E(max=0.00)
  [Outer 10/15] Loss (KL=14.7560, Const=106794.9141) | Viol_Order(max=2.00, mean=0.0329) | Viol_Exist(max=2.00, mean=1.0070) | Mu_O(max=10.6) Mu_E(max=10.6) | Lam_O(max=32.01) Lam_E(max=64.03)
  [Outer 15/15] Loss (KL=24.2127, Const=317048.8125) | Viol_Order(max=2.00, mean=0.0369) | Viol_Exist(max=2.00, mean=0.9983) | Mu_O(max=39.4) Mu_E(max=39.4) | Lam_O(max=127.91) Lam_E(max=255.82)

[Projection Start] Batch: 512, Constraints: 33
  [Outer 01/15] Loss (KL=0.0004, Const=2542.2329) | Viol_Order(max=2.00, mean=0.0383) | Viol_Exist(max=2.00, mean=0.9986) | Mu_O(max=1.0) Mu_E(max=1.0) | Lam_O(max=0.00) Lam_E(max=0.00)
  [Outer 10/15] Loss (KL=14.9987, Const=107272.8750) | Viol_Order(max=1.00, mean=0.0330) | Viol_Exist(max=2.00, mean=1.0093) | Mu_O(max=10.6) Mu_E(max=10.6) | Lam_O(max=32.01) Lam_E(max=64.03)
  [Outer 15/15] Loss (KL=24.2724, Const=317472.1562) | Viol_Order(max=2.00, mean=0.0390) | Viol_Exist(max=2.00, mean=0.9966) | Mu_O(max=39.4) Mu_E(max=39.4) | Lam_O(max=127.91) Lam_E(max=255.82)

[Projection Start] Batch: 512, Constraints: 33
  [Outer 01/15] Loss (KL=0.0011, Const=2561.6177) | Viol_Order(max=2.00, mean=0.0400) | Viol_Exist(max=2.00, mean=1.0002) | Mu_O(max=1.0) Mu_E(max=1.0) | Lam_O(max=0.00) Lam_E(max=0.00)
  [Outer 10/15] Loss (KL=15.4207, Const=105691.2500) | Viol_Order(max=2.00, mean=0.0347) | Viol_Exist(max=2.00, mean=1.0036) | Mu_O(max=10.6) Mu_E(max=10.6) | Lam_O(max=32.01) Lam_E(max=64.03)
  [Outer 15/15] Loss (KL=25.5272, Const=316122.6250) | Viol_Order(max=2.00, mean=0.0372) | Viol_Exist(max=2.00, mean=0.9967) | Mu_O(max=39.4) Mu_E(max=39.4) | Lam_O(max=127.91) Lam_E(max=255.82)

[Projection Start] Batch: 512, Constraints: 33
  [Outer 01/15] Loss (KL=0.0016, Const=2545.1206) | Viol_Order(max=2.00, mean=0.0381) | Viol_Exist(max=2.00, mean=0.9978) | Mu_O(max=1.0) Mu_E(max=1.0) | Lam_O(max=0.00) Lam_E(max=0.00)
  [Outer 10/15] Loss (KL=14.8114, Const=107976.7344) | Viol_Order(max=2.00, mean=0.0333) | Viol_Exist(max=2.00, mean=1.0048) | Mu_O(max=10.6) Mu_E(max=10.6) | Lam_O(max=32.01) Lam_E(max=64.03)
  [Outer 15/15] Loss (KL=24.3549, Const=316658.1875) | Viol_Order(max=2.00, mean=0.0376) | Viol_Exist(max=2.00, mean=0.9962) | Mu_O(max=39.4) Mu_E(max=39.4) | Lam_O(max=127.91) Lam_E(max=255.82)

[Projection Start] Batch: 512, Constraints: 33
  [Outer 01/15] Loss (KL=0.0006, Const=2536.4609) | Viol_Order(max=2.00, mean=0.0391) | Viol_Exist(max=2.00, mean=0.9964) | Mu_O(max=1.0) Mu_E(max=1.0) | Lam_O(max=0.00) Lam_E(max=0.00)
  [Outer 10/15] Loss (KL=15.3324, Const=105908.1875) | Viol_Order(max=4.00, mean=0.0318) | Viol_Exist(max=2.00, mean=1.0069) | Mu_O(max=10.6) Mu_E(max=10.6) | Lam_O(max=36.00) Lam_E(max=64.03)
  [Outer 15/15] Loss (KL=24.6225, Const=318113.9062) | Viol_Order(max=2.00, mean=0.0355) | Viol_Exist(max=2.00, mean=0.9988) | Mu_O(max=39.4) Mu_E(max=39.4) | Lam_O(max=127.91) Lam_E(max=255.82)

[Projection Start] Batch: 512, Constraints: 33
  [Outer 01/15] Loss (KL=0.0003, Const=2537.7502) | Viol_Order(max=2.00, mean=0.0371) | Viol_Exist(max=2.00, mean=0.9999) | Mu_O(max=1.0) Mu_E(max=1.0) | Lam_O(max=0.00) Lam_E(max=0.00)
  [Outer 10/15] Loss (KL=14.8897, Const=105661.0000) | Viol_Order(max=2.00, mean=0.0359) | Viol_Exist(max=2.00, mean=1.0031) | Mu_O(max=10.6) Mu_E(max=10.6) | Lam_O(max=32.01) Lam_E(max=64.03)
  [Outer 15/15] Loss (KL=24.9652, Const=312704.8750) | Viol_Order(max=2.00, mean=0.0397) | Viol_Exist(max=2.00, mean=0.9961) | Mu_O(max=39.4) Mu_E(max=39.4) | Lam_O(max=127.91) Lam_E(max=255.82)

[Projection Start] Batch: 512, Constraints: 33
  [Outer 01/15] Loss (KL=0.0011, Const=2522.7075) | Viol_Order(max=2.00, mean=0.0395) | Viol_Exist(max=2.00, mean=0.9951) | Mu_O(max=1.0) Mu_E(max=1.0) | Lam_O(max=0.00) Lam_E(max=0.00)
  [Outer 10/15] Loss (KL=14.6962, Const=106632.5625) | Viol_Order(max=2.00, mean=0.0328) | Viol_Exist(max=2.00, mean=1.0062) | Mu_O(max=10.6) Mu_E(max=10.6) | Lam_O(max=32.01) Lam_E(max=64.03)
  [Outer 15/15] Loss (KL=24.2510, Const=317116.4062) | Viol_Order(max=2.00, mean=0.0378) | Viol_Exist(max=2.00, mean=0.9962) | Mu_O(max=39.4) Mu_E(max=39.4) | Lam_O(max=127.91) Lam_E(max=255.82)

[Projection Start] Batch: 512, Constraints: 33
  [Outer 01/15] Loss (KL=0.0004, Const=2523.4036) | Viol_Order(max=2.00, mean=0.0382) | Viol_Exist(max=2.00, mean=0.9970) | Mu_O(max=1.0) Mu_E(max=1.0) | Lam_O(max=0.00) Lam_E(max=0.00)
  [Outer 10/15] Loss (KL=14.5425, Const=108890.2969) | Viol_Order(max=2.00, mean=0.0321) | Viol_Exist(max=2.00, mean=1.0036) | Mu_O(max=10.6) Mu_E(max=10.6) | Lam_O(max=32.01) Lam_E(max=64.03)
  [Outer 15/15] Loss (KL=24.8743, Const=315443.9375) | Viol_Order(max=1.00, mean=0.0405) | Viol_Exist(max=2.00, mean=0.9974) | Mu_O(max=39.4) Mu_E(max=39.4) | Lam_O(max=127.91) Lam_E(max=255.82)

[Projection Start] Batch: 512, Constraints: 33
  [Outer 01/15] Loss (KL=0.0007, Const=2523.4062) | Viol_Order(max=2.00, mean=0.0406) | Viol_Exist(max=2.00, mean=0.9976) | Mu_O(max=1.0) Mu_E(max=1.0) | Lam_O(max=0.00) Lam_E(max=0.00)
  [Outer 10/15] Loss (KL=15.5969, Const=102951.4531) | Viol_Order(max=2.00, mean=0.0339) | Viol_Exist(max=2.00, mean=1.0061) | Mu_O(max=10.6) Mu_E(max=10.6) | Lam_O(max=32.01) Lam_E(max=64.03)
  [Outer 15/15] Loss (KL=25.1888, Const=311311.5625) | Viol_Order(max=2.00, mean=0.0374) | Viol_Exist(max=2.00, mean=0.9969) | Mu_O(max=39.4) Mu_E(max=39.4) | Lam_O(max=127.91) Lam_E(max=255.82)

[Projection Start] Batch: 512, Constraints: 33
  [Outer 01/15] Loss (KL=0.0007, Const=2554.3801) | Viol_Order(max=2.00, mean=0.0382) | Viol_Exist(max=2.00, mean=0.9986) | Mu_O(max=1.0) Mu_E(max=1.0) | Lam_O(max=0.00) Lam_E(max=0.00)
  [Outer 10/15] Loss (KL=14.8816, Const=106165.2344) | Viol_Order(max=2.00, mean=0.0318) | Viol_Exist(max=2.00, mean=1.0090) | Mu_O(max=10.6) Mu_E(max=10.6) | Lam_O(max=43.12) Lam_E(max=64.03)
  [Outer 15/15] Loss (KL=24.5011, Const=315254.4062) | Viol_Order(max=1.00, mean=0.0369) | Viol_Exist(max=2.00, mean=0.9983) | Mu_O(max=39.4) Mu_E(max=39.4) | Lam_O(max=139.01) Lam_E(max=255.82)

[Projection Start] Batch: 512, Constraints: 33
  [Outer 01/15] Loss (KL=0.0004, Const=2527.7961) | Viol_Order(max=2.00, mean=0.0373) | Viol_Exist(max=2.00, mean=0.9986) | Mu_O(max=1.0) Mu_E(max=1.0) | Lam_O(max=0.00) Lam_E(max=0.00)
  [Outer 10/15] Loss (KL=15.1878, Const=107056.9297) | Viol_Order(max=2.00, mean=0.0330) | Viol_Exist(max=2.00, mean=1.0086) | Mu_O(max=10.6) Mu_E(max=10.6) | Lam_O(max=34.87) Lam_E(max=64.03)
  [Outer 15/15] Loss (KL=24.7329, Const=312641.8750) | Viol_Order(max=2.00, mean=0.0381) | Viol_Exist(max=2.00, mean=0.9958) | Mu_O(max=39.4) Mu_E(max=39.4) | Lam_O(max=127.91) Lam_E(max=255.82)

[Projection Start] Batch: 512, Constraints: 33
  [Outer 01/15] Loss (KL=0.0006, Const=2524.7153) | Viol_Order(max=2.00, mean=0.0383) | Viol_Exist(max=2.00, mean=0.9974) | Mu_O(max=1.0) Mu_E(max=1.0) | Lam_O(max=0.00) Lam_E(max=0.00)
  [Outer 10/15] Loss (KL=15.0019, Const=105358.5625) | Viol_Order(max=2.00, mean=0.0324) | Viol_Exist(max=2.00, mean=1.0031) | Mu_O(max=10.6) Mu_E(max=10.6) | Lam_O(max=32.01) Lam_E(max=64.03)
  [Outer 15/15] Loss (KL=24.7144, Const=315610.1875) | Viol_Order(max=1.00, mean=0.0351) | Viol_Exist(max=2.00, mean=0.9962) | Mu_O(max=39.4) Mu_E(max=39.4) | Lam_O(max=127.91) Lam_E(max=255.82)

[Projection Start] Batch: 512, Constraints: 33
  [Outer 01/15] Loss (KL=0.0007, Const=2494.6758) | Viol_Order(max=2.00, mean=0.0362) | Viol_Exist(max=2.00, mean=1.0010) | Mu_O(max=1.0) Mu_E(max=1.0) | Lam_O(max=0.00) Lam_E(max=0.00)
  [Outer 10/15] Loss (KL=15.2855, Const=100217.9766) | Viol_Order(max=2.00, mean=0.0365) | Viol_Exist(max=2.00, mean=1.0006) | Mu_O(max=10.6) Mu_E(max=10.6) | Lam_O(max=32.01) Lam_E(max=64.03)
  [Outer 15/15] Loss (KL=26.3017, Const=289401.2500) | Viol_Order(max=2.00, mean=0.0375) | Viol_Exist(max=2.00, mean=1.0024) | Mu_O(max=39.4) Mu_E(max=39.4) | Lam_O(max=127.91) Lam_E(max=255.82)
[DEBUG][shape] time torch.Size([512, 13])
[DEBUG][shape] mask torch.Size([512, 13])
[DEBUG][shape] tau  torch.Size([512, 13])
[DEBUG][shape] cond1 torch.Size([512, 13])
[DEBUG][shape] unpadded_length torch.Size([512]) 12
[DEBUG][shape] content_token torch.Size([512, 27])
po_matrix shape: torch.Size([205, 9, 9]) sum0: 24.0
tau before cond_encoder: torch.Size([205, 12]) time: torch.Size([205, 12])
tau after  cond_encoder: torch.Size([205, 12]) time: torch.Size([205, 12])

[Projection Start] Batch: 205, Constraints: 33
  [Outer 01/15] Loss (KL=0.2171, Const=2195.2371) | Viol_Order(max=0.00, mean=0.0000) | Viol_Exist(max=2.00, mean=2.0000) | Mu_O(max=1.0) Mu_E(max=1.0) | Lam_O(max=0.00) Lam_E(max=0.00)
  [Outer 10/15] Loss (KL=72.9152, Const=68433.7969) | Viol_Order(max=6.00, mean=0.0621) | Viol_Exist(max=2.00, mean=1.1994) | Mu_O(max=4.8) Mu_E(max=10.6) | Lam_O(max=30.01) Lam_E(max=64.03)
  [Outer 15/15] Loss (KL=114.1674, Const=189980.5625) | Viol_Order(max=4.00, mean=0.0729) | Viol_Exist(max=2.00, mean=1.0668) | Mu_O(max=17.9) Mu_E(max=39.4) | Lam_O(max=59.87) Lam_E(max=255.82)

[Projection Start] Batch: 205, Constraints: 33
  [Outer 01/15] Loss (KL=0.3445, Const=2046.9004) | Viol_Order(max=0.00, mean=0.0000) | Viol_Exist(max=2.00, mean=1.9880) | Mu_O(max=1.0) Mu_E(max=1.0) | Lam_O(max=0.00) Lam_E(max=0.00)
  [Outer 10/15] Loss (KL=70.1170, Const=65169.3516) | Viol_Order(max=6.00, mean=0.0609) | Viol_Exist(max=2.00, mean=1.1617) | Mu_O(max=6.3) Mu_E(max=10.6) | Lam_O(max=23.94) Lam_E(max=64.03)
  [Outer 15/15] Loss (KL=108.5301, Const=183117.6875) | Viol_Order(max=3.00, mean=0.0655) | Viol_Exist(max=2.00, mean=1.0473) | Mu_O(max=17.9) Mu_E(max=39.4) | Lam_O(max=57.41) Lam_E(max=255.82)

[Projection Start] Batch: 205, Constraints: 33
  [Outer 01/15] Loss (KL=0.4091, Const=1983.3269) | Viol_Order(max=0.00, mean=0.0000) | Viol_Exist(max=2.00, mean=1.9772) | Mu_O(max=1.0) Mu_E(max=1.0) | Lam_O(max=0.00) Lam_E(max=0.00)
  [Outer 10/15] Loss (KL=67.5688, Const=64850.9922) | Viol_Order(max=6.00, mean=0.0581) | Viol_Exist(max=2.00, mean=1.1704) | Mu_O(max=6.3) Mu_E(max=10.6) | Lam_O(max=26.69) Lam_E(max=64.03)
  [Outer 15/15] Loss (KL=104.9977, Const=180850.5625) | Viol_Order(max=3.00, mean=0.0662) | Viol_Exist(max=2.00, mean=1.0582) | Mu_O(max=17.9) Mu_E(max=39.4) | Lam_O(max=57.41) Lam_E(max=255.82)

[Projection Start] Batch: 205, Constraints: 33
  [Outer 01/15] Loss (KL=0.4992, Const=2003.2389) | Viol_Order(max=1.00, mean=0.0003) | Viol_Exist(max=2.00, mean=1.9555) | Mu_O(max=1.0) Mu_E(max=1.0) | Lam_O(max=0.00) Lam_E(max=0.00)
  [Outer 10/15] Loss (KL=65.1616, Const=61847.3828) | Viol_Order(max=5.00, mean=0.0557) | Viol_Exist(max=2.00, mean=1.1421) | Mu_O(max=8.2) Mu_E(max=10.6) | Lam_O(max=32.87) Lam_E(max=64.03)
  [Outer 15/15] Loss (KL=100.8748, Const=174198.2969) | Viol_Order(max=2.00, mean=0.0687) | Viol_Exist(max=2.00, mean=1.0399) | Mu_O(max=23.3) Mu_E(max=39.4) | Lam_O(max=82.94) Lam_E(max=255.82)

[Projection Start] Batch: 205, Constraints: 33
  [Outer 01/15] Loss (KL=0.5610, Const=1977.2230) | Viol_Order(max=1.00, mean=0.0004) | Viol_Exist(max=2.00, mean=1.9171) | Mu_O(max=1.0) Mu_E(max=1.0) | Lam_O(max=0.00) Lam_E(max=0.00)
  [Outer 10/15] Loss (KL=62.7696, Const=61669.1875) | Viol_Order(max=4.00, mean=0.0624) | Viol_Exist(max=2.00, mean=1.1404) | Mu_O(max=10.6) Mu_E(max=10.6) | Lam_O(max=38.47) Lam_E(max=64.03)
  [Outer 15/15] Loss (KL=97.7126, Const=173933.1562) | Viol_Order(max=3.00, mean=0.0677) | Viol_Exist(max=2.00, mean=1.0435) | Mu_O(max=30.3) Mu_E(max=39.4) | Lam_O(max=97.62) Lam_E(max=255.82)

[Projection Start] Batch: 205, Constraints: 33
  [Outer 01/15] Loss (KL=0.6653, Const=1954.2711) | Viol_Order(max=1.00, mean=0.0015) | Viol_Exist(max=2.00, mean=1.8856) | Mu_O(max=1.0) Mu_E(max=1.0) | Lam_O(max=0.00) Lam_E(max=0.00)
  [Outer 10/15] Loss (KL=61.0254, Const=60352.7188) | Viol_Order(max=5.00, mean=0.0631) | Viol_Exist(max=2.00, mean=1.1118) | Mu_O(max=10.6) Mu_E(max=10.6) | Lam_O(max=44.63) Lam_E(max=64.03)
  [Outer 15/15] Loss (KL=93.2694, Const=169615.9062) | Viol_Order(max=3.00, mean=0.0644) | Viol_Exist(max=2.00, mean=1.0310) | Mu_O(max=39.4) Mu_E(max=39.4) | Lam_O(max=127.91) Lam_E(max=255.82)

[Projection Start] Batch: 205, Constraints: 33
  [Outer 01/15] Loss (KL=0.7127, Const=1937.3271) | Viol_Order(max=2.00, mean=0.0021) | Viol_Exist(max=2.00, mean=1.8371) | Mu_O(max=1.0) Mu_E(max=1.0) | Lam_O(max=0.00) Lam_E(max=0.00)
  [Outer 10/15] Loss (KL=59.2797, Const=58727.6250) | Viol_Order(max=4.00, mean=0.0519) | Viol_Exist(max=2.00, mean=1.1120) | Mu_O(max=10.6) Mu_E(max=10.6) | Lam_O(max=36.86) Lam_E(max=64.03)
  [Outer 15/15] Loss (KL=90.7535, Const=167739.1250) | Viol_Order(max=4.00, mean=0.0593) | Viol_Exist(max=2.00, mean=1.0390) | Mu_O(max=39.4) Mu_E(max=39.4) | Lam_O(max=127.91) Lam_E(max=255.82)

[Projection Start] Batch: 205, Constraints: 33
  [Outer 01/15] Loss (KL=0.8244, Const=1934.5966) | Viol_Order(max=2.00, mean=0.0059) | Viol_Exist(max=2.00, mean=1.7781) | Mu_O(max=1.0) Mu_E(max=1.0) | Lam_O(max=0.00) Lam_E(max=0.00)
  [Outer 10/15] Loss (KL=56.6825, Const=57612.9102) | Viol_Order(max=3.00, mean=0.0554) | Viol_Exist(max=2.00, mean=1.0927) | Mu_O(max=10.6) Mu_E(max=10.6) | Lam_O(max=40.60) Lam_E(max=64.03)
  [Outer 15/15] Loss (KL=86.9756, Const=161085.5000) | Viol_Order(max=2.00, mean=0.0612) | Viol_Exist(max=2.00, mean=1.0334) | Mu_O(max=39.4) Mu_E(max=39.4) | Lam_O(max=127.91) Lam_E(max=255.82)

[Projection Start] Batch: 205, Constraints: 33
  [Outer 01/15] Loss (KL=0.8175, Const=1931.4531) | Viol_Order(max=2.00, mean=0.0074) | Viol_Exist(max=2.00, mean=1.7341) | Mu_O(max=1.0) Mu_E(max=1.0) | Lam_O(max=0.00) Lam_E(max=0.00)
  [Outer 10/15] Loss (KL=54.4825, Const=58420.2734) | Viol_Order(max=4.00, mean=0.0571) | Viol_Exist(max=2.00, mean=1.0905) | Mu_O(max=10.6) Mu_E(max=10.6) | Lam_O(max=32.01) Lam_E(max=64.03)
  [Outer 15/15] Loss (KL=83.3828, Const=162060.7812) | Viol_Order(max=3.00, mean=0.0653) | Viol_Exist(max=2.00, mean=1.0349) | Mu_O(max=39.4) Mu_E(max=39.4) | Lam_O(max=127.91) Lam_E(max=255.82)

[Projection Start] Batch: 205, Constraints: 33
  [Outer 01/15] Loss (KL=0.8863, Const=1926.7755) | Viol_Order(max=2.00, mean=0.0120) | Viol_Exist(max=2.00, mean=1.6717) | Mu_O(max=1.0) Mu_E(max=1.0) | Lam_O(max=0.00) Lam_E(max=0.00)
  [Outer 10/15] Loss (KL=51.9047, Const=56829.3945) | Viol_Order(max=3.00, mean=0.0593) | Viol_Exist(max=2.00, mean=1.0890) | Mu_O(max=10.6) Mu_E(max=10.6) | Lam_O(max=47.33) Lam_E(max=64.03)
  [Outer 15/15] Loss (KL=79.5095, Const=160240.6406) | Viol_Order(max=2.00, mean=0.0633) | Viol_Exist(max=2.00, mean=1.0288) | Mu_O(max=39.4) Mu_E(max=39.4) | Lam_O(max=127.91) Lam_E(max=255.82)

[Projection Start] Batch: 205, Constraints: 33
  [Outer 01/15] Loss (KL=0.9578, Const=1894.0823) | Viol_Order(max=4.00, mean=0.0143) | Viol_Exist(max=2.00, mean=1.5947) | Mu_O(max=1.0) Mu_E(max=1.0) | Lam_O(max=0.00) Lam_E(max=0.00)
  [Outer 10/15] Loss (KL=49.0842, Const=56613.8281) | Viol_Order(max=2.00, mean=0.0554) | Viol_Exist(max=2.00, mean=1.0742) | Mu_O(max=10.6) Mu_E(max=10.6) | Lam_O(max=32.01) Lam_E(max=64.03)
  [Outer 15/15] Loss (KL=76.1341, Const=158328.4062) | Viol_Order(max=2.00, mean=0.0619) | Viol_Exist(max=2.00, mean=1.0297) | Mu_O(max=39.4) Mu_E(max=39.4) | Lam_O(max=127.91) Lam_E(max=255.82)

[Projection Start] Batch: 205, Constraints: 33
  [Outer 01/15] Loss (KL=0.8827, Const=1922.4028) | Viol_Order(max=3.00, mean=0.0198) | Viol_Exist(max=2.00, mean=1.5891) | Mu_O(max=1.0) Mu_E(max=1.0) | Lam_O(max=0.00) Lam_E(max=0.00)
  [Outer 10/15] Loss (KL=48.5026, Const=54956.6641) | Viol_Order(max=3.00, mean=0.0642) | Viol_Exist(max=2.00, mean=1.0612) | Mu_O(max=10.6) Mu_E(max=10.6) | Lam_O(max=46.25) Lam_E(max=64.03)
  [Outer 15/15] Loss (KL=74.1741, Const=154143.4219) | Viol_Order(max=2.00, mean=0.0646) | Viol_Exist(max=2.00, mean=1.0198) | Mu_O(max=39.4) Mu_E(max=39.4) | Lam_O(max=130.21) Lam_E(max=255.82)

[Projection Start] Batch: 205, Constraints: 33
  [Outer 01/15] Loss (KL=0.9837, Const=1880.8501) | Viol_Order(max=3.00, mean=0.0334) | Viol_Exist(max=2.00, mean=1.4375) | Mu_O(max=1.0) Mu_E(max=1.0) | Lam_O(max=0.00) Lam_E(max=0.00)
  [Outer 10/15] Loss (KL=44.8310, Const=55130.4375) | Viol_Order(max=3.00, mean=0.0582) | Viol_Exist(max=2.00, mean=1.0581) | Mu_O(max=10.6) Mu_E(max=10.6) | Lam_O(max=43.47) Lam_E(max=64.03)
  [Outer 15/15] Loss (KL=68.8703, Const=151899.6562) | Viol_Order(max=3.00, mean=0.0624) | Viol_Exist(max=2.00, mean=1.0200) | Mu_O(max=39.4) Mu_E(max=39.4) | Lam_O(max=137.57) Lam_E(max=255.82)

[Projection Start] Batch: 205, Constraints: 33
  [Outer 01/15] Loss (KL=0.9381, Const=1860.4492) | Viol_Order(max=3.00, mean=0.0362) | Viol_Exist(max=2.00, mean=1.4083) | Mu_O(max=1.0) Mu_E(max=1.0) | Lam_O(max=0.00) Lam_E(max=0.00)
  [Outer 10/15] Loss (KL=43.0562, Const=54063.1172) | Viol_Order(max=2.00, mean=0.0562) | Viol_Exist(max=2.00, mean=1.0578) | Mu_O(max=10.6) Mu_E(max=10.6) | Lam_O(max=34.31) Lam_E(max=64.03)
  [Outer 15/15] Loss (KL=66.4486, Const=152774.0938) | Viol_Order(max=2.00, mean=0.0605) | Viol_Exist(max=2.00, mean=1.0217) | Mu_O(max=39.4) Mu_E(max=39.4) | Lam_O(max=130.21) Lam_E(max=255.82)

[Projection Start] Batch: 205, Constraints: 33
  [Outer 01/15] Loss (KL=0.9669, Const=1872.0879) | Viol_Order(max=3.00, mean=0.0503) | Viol_Exist(max=2.00, mean=1.3271) | Mu_O(max=1.0) Mu_E(max=1.0) | Lam_O(max=0.00) Lam_E(max=0.00)
  [Outer 10/15] Loss (KL=40.8075, Const=54260.8906) | Viol_Order(max=2.00, mean=0.0532) | Viol_Exist(max=2.00, mean=1.0506) | Mu_O(max=10.6) Mu_E(max=10.6) | Lam_O(max=34.31) Lam_E(max=64.03)
  [Outer 15/15] Loss (KL=61.7687, Const=154972.9375) | Viol_Order(max=2.00, mean=0.0599) | Viol_Exist(max=2.00, mean=1.0234) | Mu_O(max=39.4) Mu_E(max=39.4) | Lam_O(max=130.21) Lam_E(max=255.82)

[Projection Start] Batch: 205, Constraints: 33
  [Outer 01/15] Loss (KL=0.9433, Const=1826.8986) | Viol_Order(max=4.00, mean=0.0569) | Viol_Exist(max=2.00, mean=1.2937) | Mu_O(max=1.0) Mu_E(max=1.0) | Lam_O(max=0.00) Lam_E(max=0.00)
  [Outer 10/15] Loss (KL=37.6263, Const=54142.5156) | Viol_Order(max=2.00, mean=0.0532) | Viol_Exist(max=2.00, mean=1.0466) | Mu_O(max=10.6) Mu_E(max=10.6) | Lam_O(max=33.31) Lam_E(max=64.03)
  [Outer 15/15] Loss (KL=59.5882, Const=151198.3438) | Viol_Order(max=2.00, mean=0.0644) | Viol_Exist(max=2.00, mean=1.0164) | Mu_O(max=39.4) Mu_E(max=39.4) | Lam_O(max=127.91) Lam_E(max=255.82)

[Projection Start] Batch: 205, Constraints: 33
  [Outer 01/15] Loss (KL=0.8245, Const=1852.5137) | Viol_Order(max=4.00, mean=0.0642) | Viol_Exist(max=2.00, mean=1.2853) | Mu_O(max=1.0) Mu_E(max=1.0) | Lam_O(max=0.00) Lam_E(max=0.00)
  [Outer 10/15] Loss (KL=36.5049, Const=54734.4219) | Viol_Order(max=2.00, mean=0.0537) | Viol_Exist(max=2.00, mean=1.0551) | Mu_O(max=10.6) Mu_E(max=10.6) | Lam_O(max=38.90) Lam_E(max=64.03)
  [Outer 15/15] Loss (KL=57.9441, Const=152960.7344) | Viol_Order(max=2.00, mean=0.0633) | Viol_Exist(max=2.00, mean=1.0208) | Mu_O(max=39.4) Mu_E(max=39.4) | Lam_O(max=132.80) Lam_E(max=255.82)

[Projection Start] Batch: 205, Constraints: 33
  [Outer 01/15] Loss (KL=0.7711, Const=1781.7723) | Viol_Order(max=4.00, mean=0.0687) | Viol_Exist(max=2.00, mean=1.2361) | Mu_O(max=1.0) Mu_E(max=1.0) | Lam_O(max=0.00) Lam_E(max=0.00)
  [Outer 10/15] Loss (KL=33.5497, Const=54636.4219) | Viol_Order(max=2.00, mean=0.0522) | Viol_Exist(max=2.00, mean=1.0411) | Mu_O(max=10.6) Mu_E(max=10.6) | Lam_O(max=33.31) Lam_E(max=64.03)
  [Outer 15/15] Loss (KL=52.1595, Const=159070.3906) | Viol_Order(max=2.00, mean=0.0633) | Viol_Exist(max=2.00, mean=1.0192) | Mu_O(max=39.4) Mu_E(max=39.4) | Lam_O(max=129.21) Lam_E(max=255.82)

[Projection Start] Batch: 205, Constraints: 33
  [Outer 01/15] Loss (KL=0.7247, Const=1794.5815) | Viol_Order(max=4.00, mean=0.0798) | Viol_Exist(max=2.00, mean=1.1997) | Mu_O(max=1.0) Mu_E(max=1.0) | Lam_O(max=0.00) Lam_E(max=0.00)
  [Outer 10/15] Loss (KL=30.2514, Const=55615.3828) | Viol_Order(max=2.00, mean=0.0514) | Viol_Exist(max=2.00, mean=1.0430) | Mu_O(max=10.6) Mu_E(max=10.6) | Lam_O(max=42.74) Lam_E(max=64.03)
  [Outer 15/15] Loss (KL=48.6793, Const=159754.5625) | Viol_Order(max=2.00, mean=0.0581) | Viol_Exist(max=2.00, mean=1.0167) | Mu_O(max=39.4) Mu_E(max=39.4) | Lam_O(max=127.91) Lam_E(max=255.82)

[Projection Start] Batch: 205, Constraints: 33
  [Outer 01/15] Loss (KL=0.6624, Const=1716.5410) | Viol_Order(max=4.00, mean=0.0754) | Viol_Exist(max=2.00, mean=1.1681) | Mu_O(max=1.0) Mu_E(max=1.0) | Lam_O(max=0.00) Lam_E(max=0.00)
  [Outer 10/15] Loss (KL=26.6603, Const=54187.0234) | Viol_Order(max=2.00, mean=0.0482) | Viol_Exist(max=2.00, mean=1.0455) | Mu_O(max=10.6) Mu_E(max=10.6) | Lam_O(max=59.53) Lam_E(max=64.03)
  [Outer 15/15] Loss (KL=43.8995, Const=152897.3750) | Viol_Order(max=2.00, mean=0.0547) | Viol_Exist(max=2.00, mean=1.0225) | Mu_O(max=39.4) Mu_E(max=39.4) | Lam_O(max=130.21) Lam_E(max=255.82)

[Projection Start] Batch: 205, Constraints: 33
  [Outer 01/15] Loss (KL=0.5766, Const=1721.6628) | Viol_Order(max=4.00, mean=0.0724) | Viol_Exist(max=2.00, mean=1.1483) | Mu_O(max=1.0) Mu_E(max=1.0) | Lam_O(max=0.00) Lam_E(max=0.00)
  [Outer 10/15] Loss (KL=24.1587, Const=56178.7109) | Viol_Order(max=2.00, mean=0.0480) | Viol_Exist(max=2.00, mean=1.0378) | Mu_O(max=10.6) Mu_E(max=10.6) | Lam_O(max=74.96) Lam_E(max=64.03)
  [Outer 15/15] Loss (KL=41.1517, Const=158932.8281) | Viol_Order(max=2.00, mean=0.0565) | Viol_Exist(max=2.00, mean=1.0256) | Mu_O(max=39.4) Mu_E(max=39.4) | Lam_O(max=131.90) Lam_E(max=255.82)

[Projection Start] Batch: 205, Constraints: 33
  [Outer 01/15] Loss (KL=0.4507, Const=1674.6361) | Viol_Order(max=4.00, mean=0.0828) | Viol_Exist(max=2.00, mean=1.1171) | Mu_O(max=1.0) Mu_E(max=1.0) | Lam_O(max=0.00) Lam_E(max=0.00)
  [Outer 10/15] Loss (KL=20.9439, Const=56138.4727) | Viol_Order(max=2.00, mean=0.0460) | Viol_Exist(max=2.00, mean=1.0433) | Mu_O(max=10.6) Mu_E(max=10.6) | Lam_O(max=33.01) Lam_E(max=64.03)
  [Outer 15/15] Loss (KL=37.8543, Const=157969.3125) | Viol_Order(max=2.00, mean=0.0581) | Viol_Exist(max=2.00, mean=1.0265) | Mu_O(max=39.4) Mu_E(max=39.4) | Lam_O(max=127.91) Lam_E(max=255.82)

[Projection Start] Batch: 205, Constraints: 33
  [Outer 01/15] Loss (KL=0.2933, Const=1623.9860) | Viol_Order(max=4.00, mean=0.0758) | Viol_Exist(max=2.00, mean=1.0967) | Mu_O(max=1.0) Mu_E(max=1.0) | Lam_O(max=0.00) Lam_E(max=0.00)
  [Outer 10/15] Loss (KL=18.9207, Const=56530.9141) | Viol_Order(max=2.00, mean=0.0464) | Viol_Exist(max=2.00, mean=1.0414) | Mu_O(max=10.6) Mu_E(max=10.6) | Lam_O(max=33.70) Lam_E(max=64.03)
  [Outer 15/15] Loss (KL=33.5934, Const=163735.5625) | Viol_Order(max=2.00, mean=0.0619) | Viol_Exist(max=2.00, mean=1.0200) | Mu_O(max=39.4) Mu_E(max=39.4) | Lam_O(max=128.91) Lam_E(max=255.82)

[Projection Start] Batch: 205, Constraints: 33
  [Outer 01/15] Loss (KL=0.1652, Const=1542.6089) | Viol_Order(max=4.00, mean=0.0696) | Viol_Exist(max=2.00, mean=1.0744) | Mu_O(max=1.0) Mu_E(max=1.0) | Lam_O(max=0.00) Lam_E(max=0.00)
  [Outer 10/15] Loss (KL=15.3474, Const=57866.6016) | Viol_Order(max=2.00, mean=0.0528) | Viol_Exist(max=2.00, mean=1.0334) | Mu_O(max=10.6) Mu_E(max=10.6) | Lam_O(max=34.70) Lam_E(max=64.03)
  [Outer 15/15] Loss (KL=28.4508, Const=167922.7188) | Viol_Order(max=2.00, mean=0.0608) | Viol_Exist(max=2.00, mean=1.0241) | Mu_O(max=39.4) Mu_E(max=39.4) | Lam_O(max=127.91) Lam_E(max=255.82)

[Projection Start] Batch: 205, Constraints: 33
  [Outer 01/15] Loss (KL=0.0438, Const=1432.2623) | Viol_Order(max=3.00, mean=0.0726) | Viol_Exist(max=2.00, mean=1.0367) | Mu_O(max=1.0) Mu_E(max=1.0) | Lam_O(max=0.00) Lam_E(max=0.00)
  [Outer 10/15] Loss (KL=11.8792, Const=58196.0391) | Viol_Order(max=2.00, mean=0.0461) | Viol_Exist(max=2.00, mean=1.0426) | Mu_O(max=10.6) Mu_E(max=10.6) | Lam_O(max=45.42) Lam_E(max=64.03)
  [Outer 15/15] Loss (KL=25.6717, Const=161867.1875) | Viol_Order(max=2.00, mean=0.0633) | Viol_Exist(max=2.00, mean=1.0173) | Mu_O(max=39.4) Mu_E(max=39.4) | Lam_O(max=127.91) Lam_E(max=255.82)

[Projection Start] Batch: 205, Constraints: 33
  [Outer 01/15] Loss (KL=0.0004, Const=1207.3087) | Viol_Order(max=2.00, mean=0.0646) | Viol_Exist(max=2.00, mean=1.0211) | Mu_O(max=1.0) Mu_E(max=1.0) | Lam_O(max=0.00) Lam_E(max=0.00)
  [Outer 10/15] Loss (KL=13.4105, Const=52631.2383) | Viol_Order(max=2.00, mean=0.0508) | Viol_Exist(max=2.00, mean=1.0321) | Mu_O(max=10.6) Mu_E(max=10.6) | Lam_O(max=32.01) Lam_E(max=64.03)
  [Outer 15/15] Loss (KL=26.7169, Const=143391.6094) | Viol_Order(max=2.00, mean=0.0593) | Viol_Exist(max=2.00, mean=1.0191) | Mu_O(max=39.4) Mu_E(max=39.4) | Lam_O(max=127.91) Lam_E(max=255.82)

[Projection Start] Batch: 205, Constraints: 33
  [Outer 01/15] Loss (KL=0.0009, Const=1187.5940) | Viol_Order(max=2.00, mean=0.0642) | Viol_Exist(max=2.00, mean=1.0179) | Mu_O(max=1.0) Mu_E(max=1.0) | Lam_O(max=0.00) Lam_E(max=0.00)
  [Outer 10/15] Loss (KL=14.2565, Const=49655.1602) | Viol_Order(max=2.00, mean=0.0469) | Viol_Exist(max=2.00, mean=1.0293) | Mu_O(max=10.6) Mu_E(max=10.6) | Lam_O(max=32.01) Lam_E(max=64.03)
  [Outer 15/15] Loss (KL=25.5365, Const=142885.3125) | Viol_Order(max=1.00, mean=0.0581) | Viol_Exist(max=2.00, mean=1.0130) | Mu_O(max=39.4) Mu_E(max=39.4) | Lam_O(max=127.91) Lam_E(max=255.82)

[Projection Start] Batch: 205, Constraints: 33
  [Outer 01/15] Loss (KL=0.0001, Const=1179.8555) | Viol_Order(max=2.00, mean=0.0602) | Viol_Exist(max=2.00, mean=1.0158) | Mu_O(max=1.0) Mu_E(max=1.0) | Lam_O(max=0.00) Lam_E(max=0.00)
  [Outer 10/15] Loss (KL=14.1750, Const=50502.4180) | Viol_Order(max=2.00, mean=0.0454) | Viol_Exist(max=2.00, mean=1.0260) | Mu_O(max=10.6) Mu_E(max=10.6) | Lam_O(max=32.01) Lam_E(max=64.03)
  [Outer 15/15] Loss (KL=24.6987, Const=144959.9531) | Viol_Order(max=2.00, mean=0.0537) | Viol_Exist(max=2.00, mean=1.0099) | Mu_O(max=39.4) Mu_E(max=39.4) | Lam_O(max=127.91) Lam_E(max=255.82)

[Projection Start] Batch: 205, Constraints: 33
  [Outer 01/15] Loss (KL=0.0010, Const=1134.1415) | Viol_Order(max=2.00, mean=0.0569) | Viol_Exist(max=2.00, mean=1.0101) | Mu_O(max=1.0) Mu_E(max=1.0) | Lam_O(max=0.00) Lam_E(max=0.00)
  [Outer 10/15] Loss (KL=14.8117, Const=49345.4531) | Viol_Order(max=2.00, mean=0.0454) | Viol_Exist(max=2.00, mean=1.0281) | Mu_O(max=10.6) Mu_E(max=10.6) | Lam_O(max=32.01) Lam_E(max=64.03)
  [Outer 15/15] Loss (KL=25.9127, Const=143264.0625) | Viol_Order(max=2.00, mean=0.0551) | Viol_Exist(max=2.00, mean=1.0148) | Mu_O(max=39.4) Mu_E(max=39.4) | Lam_O(max=127.91) Lam_E(max=255.82)

[Projection Start] Batch: 205, Constraints: 33
  [Outer 01/15] Loss (KL=0.0001, Const=1148.0681) | Viol_Order(max=2.00, mean=0.0582) | Viol_Exist(max=2.00, mean=1.0117) | Mu_O(max=1.0) Mu_E(max=1.0) | Lam_O(max=0.00) Lam_E(max=0.00)
  [Outer 10/15] Loss (KL=13.1444, Const=50981.9648) | Viol_Order(max=2.00, mean=0.0457) | Viol_Exist(max=2.00, mean=1.0237) | Mu_O(max=10.6) Mu_E(max=10.6) | Lam_O(max=42.28) Lam_E(max=64.03)
  [Outer 15/15] Loss (KL=24.6886, Const=144463.1875) | Viol_Order(max=1.00, mean=0.0537) | Viol_Exist(max=2.00, mean=1.0130) | Mu_O(max=39.4) Mu_E(max=39.4) | Lam_O(max=127.91) Lam_E(max=255.82)

[Projection Start] Batch: 205, Constraints: 33
  [Outer 01/15] Loss (KL=0.0004, Const=1149.2937) | Viol_Order(max=2.00, mean=0.0565) | Viol_Exist(max=2.00, mean=1.0139) | Mu_O(max=1.0) Mu_E(max=1.0) | Lam_O(max=0.00) Lam_E(max=0.00)
  [Outer 10/15] Loss (KL=14.4977, Const=49729.3555) | Viol_Order(max=2.00, mean=0.0420) | Viol_Exist(max=2.00, mean=1.0285) | Mu_O(max=10.6) Mu_E(max=10.6) | Lam_O(max=32.01) Lam_E(max=64.03)
  [Outer 15/15] Loss (KL=26.1558, Const=141138.3281) | Viol_Order(max=2.00, mean=0.0525) | Viol_Exist(max=2.00, mean=1.0112) | Mu_O(max=39.4) Mu_E(max=39.4) | Lam_O(max=127.91) Lam_E(max=255.82)

[Projection Start] Batch: 205, Constraints: 33
  [Outer 01/15] Loss (KL=0.0002, Const=1143.2603) | Viol_Order(max=2.00, mean=0.0557) | Viol_Exist(max=2.00, mean=1.0114) | Mu_O(max=1.0) Mu_E(max=1.0) | Lam_O(max=0.00) Lam_E(max=0.00)
  [Outer 10/15] Loss (KL=14.0216, Const=50471.8555) | Viol_Order(max=2.00, mean=0.0421) | Viol_Exist(max=2.00, mean=1.0192) | Mu_O(max=10.6) Mu_E(max=10.6) | Lam_O(max=32.01) Lam_E(max=64.03)
  [Outer 15/15] Loss (KL=25.2933, Const=144218.6250) | Viol_Order(max=1.00, mean=0.0526) | Viol_Exist(max=2.00, mean=1.0115) | Mu_O(max=39.4) Mu_E(max=39.4) | Lam_O(max=127.91) Lam_E(max=255.82)

[Projection Start] Batch: 205, Constraints: 33
  [Outer 01/15] Loss (KL=0.0006, Const=1138.6062) | Viol_Order(max=2.00, mean=0.0563) | Viol_Exist(max=2.00, mean=1.0089) | Mu_O(max=1.0) Mu_E(max=1.0) | Lam_O(max=0.00) Lam_E(max=0.00)
  [Outer 10/15] Loss (KL=14.0120, Const=49237.2031) | Viol_Order(max=2.00, mean=0.0427) | Viol_Exist(max=2.00, mean=1.0225) | Mu_O(max=10.6) Mu_E(max=10.6) | Lam_O(max=32.01) Lam_E(max=64.03)
  [Outer 15/15] Loss (KL=24.7345, Const=140380.0781) | Viol_Order(max=1.00, mean=0.0497) | Viol_Exist(max=2.00, mean=1.0120) | Mu_O(max=39.4) Mu_E(max=39.4) | Lam_O(max=127.91) Lam_E(max=255.82)

[Projection Start] Batch: 205, Constraints: 33
  [Outer 01/15] Loss (KL=0.0009, Const=1129.6495) | Viol_Order(max=3.00, mean=0.0537) | Viol_Exist(max=2.00, mean=1.0095) | Mu_O(max=1.0) Mu_E(max=1.0) | Lam_O(max=0.00) Lam_E(max=0.00)
  [Outer 10/15] Loss (KL=13.3879, Const=49303.4844) | Viol_Order(max=2.00, mean=0.0463) | Viol_Exist(max=2.00, mean=1.0253) | Mu_O(max=10.6) Mu_E(max=10.6) | Lam_O(max=32.01) Lam_E(max=64.03)
  [Outer 15/15] Loss (KL=24.9755, Const=141325.7031) | Viol_Order(max=1.00, mean=0.0520) | Viol_Exist(max=2.00, mean=1.0143) | Mu_O(max=39.4) Mu_E(max=39.4) | Lam_O(max=127.91) Lam_E(max=255.82)

[Projection Start] Batch: 205, Constraints: 33
  [Outer 01/15] Loss (KL=0.0006, Const=1157.2893) | Viol_Order(max=2.00, mean=0.0554) | Viol_Exist(max=2.00, mean=1.0161) | Mu_O(max=1.0) Mu_E(max=1.0) | Lam_O(max=0.00) Lam_E(max=0.00)
  [Outer 10/15] Loss (KL=14.7684, Const=47884.9180) | Viol_Order(max=2.00, mean=0.0446) | Viol_Exist(max=2.00, mean=1.0220) | Mu_O(max=10.6) Mu_E(max=10.6) | Lam_O(max=32.01) Lam_E(max=64.03)
  [Outer 15/15] Loss (KL=25.1656, Const=137711.5938) | Viol_Order(max=2.00, mean=0.0500) | Viol_Exist(max=2.00, mean=1.0087) | Mu_O(max=39.4) Mu_E(max=39.4) | Lam_O(max=127.91) Lam_E(max=255.82)

[Projection Start] Batch: 205, Constraints: 33
  [Outer 01/15] Loss (KL=0.0006, Const=1129.0300) | Viol_Order(max=3.00, mean=0.0538) | Viol_Exist(max=2.00, mean=1.0072) | Mu_O(max=1.0) Mu_E(max=1.0) | Lam_O(max=0.00) Lam_E(max=0.00)
  [Outer 10/15] Loss (KL=14.7083, Const=48551.7188) | Viol_Order(max=1.00, mean=0.0432) | Viol_Exist(max=2.00, mean=1.0271) | Mu_O(max=10.6) Mu_E(max=10.6) | Lam_O(max=36.00) Lam_E(max=64.03)
  [Outer 15/15] Loss (KL=26.2523, Const=137328.4219) | Viol_Order(max=1.00, mean=0.0466) | Viol_Exist(max=2.00, mean=1.0118) | Mu_O(max=39.4) Mu_E(max=39.4) | Lam_O(max=127.91) Lam_E(max=255.82)

[Projection Start] Batch: 205, Constraints: 33
  [Outer 01/15] Loss (KL=0.0004, Const=1136.0647) | Viol_Order(max=2.00, mean=0.0504) | Viol_Exist(max=2.00, mean=1.0114) | Mu_O(max=1.0) Mu_E(max=1.0) | Lam_O(max=0.00) Lam_E(max=0.00)
  [Outer 10/15] Loss (KL=13.7524, Const=50972.0234) | Viol_Order(max=2.00, mean=0.0426) | Viol_Exist(max=2.00, mean=1.0222) | Mu_O(max=10.6) Mu_E(max=10.6) | Lam_O(max=32.01) Lam_E(max=64.03)
  [Outer 15/15] Loss (KL=24.6085, Const=147578.4062) | Viol_Order(max=1.00, mean=0.0488) | Viol_Exist(max=2.00, mean=1.0095) | Mu_O(max=39.4) Mu_E(max=39.4) | Lam_O(max=127.91) Lam_E(max=255.82)

[Projection Start] Batch: 205, Constraints: 33
  [Outer 01/15] Loss (KL=0.0012, Const=1132.0208) | Viol_Order(max=2.00, mean=0.0528) | Viol_Exist(max=2.00, mean=1.0096) | Mu_O(max=1.0) Mu_E(max=1.0) | Lam_O(max=0.00) Lam_E(max=0.00)
  [Outer 10/15] Loss (KL=13.2433, Const=49648.8516) | Viol_Order(max=1.00, mean=0.0427) | Viol_Exist(max=2.00, mean=1.0214) | Mu_O(max=10.6) Mu_E(max=10.6) | Lam_O(max=32.01) Lam_E(max=64.03)
  [Outer 15/15] Loss (KL=24.8759, Const=140612.4219) | Viol_Order(max=1.00, mean=0.0479) | Viol_Exist(max=2.00, mean=1.0111) | Mu_O(max=39.4) Mu_E(max=39.4) | Lam_O(max=127.91) Lam_E(max=255.82)

[Projection Start] Batch: 205, Constraints: 33
  [Outer 01/15] Loss (KL=0.0004, Const=1141.3341) | Viol_Order(max=2.00, mean=0.0526) | Viol_Exist(max=2.00, mean=1.0133) | Mu_O(max=1.0) Mu_E(max=1.0) | Lam_O(max=0.00) Lam_E(max=0.00)
  [Outer 10/15] Loss (KL=13.7902, Const=49831.9844) | Viol_Order(max=1.00, mean=0.0439) | Viol_Exist(max=2.00, mean=1.0182) | Mu_O(max=10.6) Mu_E(max=10.6) | Lam_O(max=46.74) Lam_E(max=64.03)
  [Outer 15/15] Loss (KL=24.8203, Const=139231.6562) | Viol_Order(max=2.00, mean=0.0503) | Viol_Exist(max=2.00, mean=1.0087) | Mu_O(max=39.4) Mu_E(max=39.4) | Lam_O(max=142.64) Lam_E(max=255.82)

[Projection Start] Batch: 205, Constraints: 33
  [Outer 01/15] Loss (KL=0.0029, Const=1127.8071) | Viol_Order(max=2.00, mean=0.0526) | Viol_Exist(max=2.00, mean=1.0103) | Mu_O(max=1.0) Mu_E(max=1.0) | Lam_O(max=0.00) Lam_E(max=0.00)
  [Outer 10/15] Loss (KL=13.4059, Const=49983.3516) | Viol_Order(max=2.00, mean=0.0374) | Viol_Exist(max=2.00, mean=1.0253) | Mu_O(max=10.6) Mu_E(max=10.6) | Lam_O(max=32.01) Lam_E(max=64.03)
  [Outer 15/15] Loss (KL=24.8260, Const=141442.5156) | Viol_Order(max=1.00, mean=0.0448) | Viol_Exist(max=2.00, mean=1.0071) | Mu_O(max=39.4) Mu_E(max=39.4) | Lam_O(max=127.91) Lam_E(max=255.82)

[Projection Start] Batch: 205, Constraints: 33
  [Outer 01/15] Loss (KL=0.0017, Const=1102.4912) | Viol_Order(max=2.00, mean=0.0461) | Viol_Exist(max=2.00, mean=1.0068) | Mu_O(max=1.0) Mu_E(max=1.0) | Lam_O(max=0.00) Lam_E(max=0.00)
  [Outer 10/15] Loss (KL=13.1651, Const=49781.2031) | Viol_Order(max=2.00, mean=0.0386) | Viol_Exist(max=2.00, mean=1.0177) | Mu_O(max=10.6) Mu_E(max=10.6) | Lam_O(max=32.01) Lam_E(max=64.03)
  [Outer 15/15] Loss (KL=23.5706, Const=146275.0000) | Viol_Order(max=2.00, mean=0.0472) | Viol_Exist(max=2.00, mean=1.0027) | Mu_O(max=39.4) Mu_E(max=39.4) | Lam_O(max=127.91) Lam_E(max=255.82)

[Projection Start] Batch: 205, Constraints: 33
  [Outer 01/15] Loss (KL=0.0009, Const=1097.0806) | Viol_Order(max=2.00, mean=0.0489) | Viol_Exist(max=2.00, mean=1.0050) | Mu_O(max=1.0) Mu_E(max=1.0) | Lam_O(max=0.00) Lam_E(max=0.00)
  [Outer 10/15] Loss (KL=12.6933, Const=50519.6406) | Viol_Order(max=2.00, mean=0.0421) | Viol_Exist(max=2.00, mean=1.0170) | Mu_O(max=10.6) Mu_E(max=10.6) | Lam_O(max=32.01) Lam_E(max=64.03)
  [Outer 15/15] Loss (KL=23.8244, Const=144036.7812) | Viol_Order(max=1.00, mean=0.0432) | Viol_Exist(max=2.00, mean=1.0030) | Mu_O(max=39.4) Mu_E(max=39.4) | Lam_O(max=127.91) Lam_E(max=255.82)

[Projection Start] Batch: 205, Constraints: 33
  [Outer 01/15] Loss (KL=0.0005, Const=1079.8336) | Viol_Order(max=1.00, mean=0.0452) | Viol_Exist(max=2.00, mean=1.0031) | Mu_O(max=1.0) Mu_E(max=1.0) | Lam_O(max=0.00) Lam_E(max=0.00)
  [Outer 10/15] Loss (KL=13.4324, Const=48544.7930) | Viol_Order(max=1.00, mean=0.0386) | Viol_Exist(max=2.00, mean=1.0143) | Mu_O(max=10.6) Mu_E(max=10.6) | Lam_O(max=32.01) Lam_E(max=64.03)
  [Outer 15/15] Loss (KL=23.0038, Const=144739.2031) | Viol_Order(max=1.00, mean=0.0475) | Viol_Exist(max=2.00, mean=1.0055) | Mu_O(max=39.4) Mu_E(max=39.4) | Lam_O(max=127.91) Lam_E(max=255.82)

[Projection Start] Batch: 205, Constraints: 33
  [Outer 01/15] Loss (KL=0.0002, Const=1098.8087) | Viol_Order(max=1.00, mean=0.0495) | Viol_Exist(max=2.00, mean=1.0041) | Mu_O(max=1.0) Mu_E(max=1.0) | Lam_O(max=0.00) Lam_E(max=0.00)
  [Outer 10/15] Loss (KL=13.4059, Const=48579.8203) | Viol_Order(max=2.00, mean=0.0436) | Viol_Exist(max=2.00, mean=1.0173) | Mu_O(max=10.6) Mu_E(max=10.6) | Lam_O(max=32.01) Lam_E(max=64.03)
  [Outer 15/15] Loss (KL=24.0882, Const=142490.3750) | Viol_Order(max=2.00, mean=0.0449) | Viol_Exist(max=2.00, mean=1.0124) | Mu_O(max=39.4) Mu_E(max=39.4) | Lam_O(max=127.91) Lam_E(max=255.82)

[Projection Start] Batch: 205, Constraints: 33
  [Outer 01/15] Loss (KL=0.0010, Const=1124.2546) | Viol_Order(max=2.00, mean=0.0473) | Viol_Exist(max=2.00, mean=1.0090) | Mu_O(max=1.0) Mu_E(max=1.0) | Lam_O(max=0.00) Lam_E(max=0.00)
  [Outer 10/15] Loss (KL=13.1488, Const=50014.5312) | Viol_Order(max=2.00, mean=0.0404) | Viol_Exist(max=2.00, mean=1.0174) | Mu_O(max=10.6) Mu_E(max=10.6) | Lam_O(max=32.01) Lam_E(max=64.03)
  [Outer 15/15] Loss (KL=24.7913, Const=146152.2812) | Viol_Order(max=2.00, mean=0.0525) | Viol_Exist(max=2.00, mean=1.0033) | Mu_O(max=39.4) Mu_E(max=39.4) | Lam_O(max=127.91) Lam_E(max=255.82)

[Projection Start] Batch: 205, Constraints: 33
  [Outer 01/15] Loss (KL=0.0036, Const=1108.7195) | Viol_Order(max=2.00, mean=0.0548) | Viol_Exist(max=2.00, mean=1.0050) | Mu_O(max=1.0) Mu_E(max=1.0) | Lam_O(max=0.00) Lam_E(max=0.00)
  [Outer 10/15] Loss (KL=14.1654, Const=47847.7227) | Viol_Order(max=2.00, mean=0.0423) | Viol_Exist(max=2.00, mean=1.0137) | Mu_O(max=10.6) Mu_E(max=10.6) | Lam_O(max=32.01) Lam_E(max=64.03)
  [Outer 15/15] Loss (KL=24.0742, Const=141687.3750) | Viol_Order(max=1.00, mean=0.0470) | Viol_Exist(max=2.00, mean=1.0114) | Mu_O(max=39.4) Mu_E(max=39.4) | Lam_O(max=127.91) Lam_E(max=255.82)

[Projection Start] Batch: 205, Constraints: 33
  [Outer 01/15] Loss (KL=0.0006, Const=1121.9644) | Viol_Order(max=2.00, mean=0.0486) | Viol_Exist(max=2.00, mean=1.0123) | Mu_O(max=1.0) Mu_E(max=1.0) | Lam_O(max=0.00) Lam_E(max=0.00)
  [Outer 10/15] Loss (KL=13.2222, Const=49871.3516) | Viol_Order(max=2.00, mean=0.0421) | Viol_Exist(max=2.00, mean=1.0149) | Mu_O(max=10.6) Mu_E(max=10.6) | Lam_O(max=32.01) Lam_E(max=64.03)
  [Outer 15/15] Loss (KL=24.3434, Const=145360.8281) | Viol_Order(max=1.00, mean=0.0458) | Viol_Exist(max=2.00, mean=1.0078) | Mu_O(max=39.4) Mu_E(max=39.4) | Lam_O(max=127.91) Lam_E(max=255.82)

[Projection Start] Batch: 205, Constraints: 33
  [Outer 01/15] Loss (KL=0.0005, Const=1108.3726) | Viol_Order(max=2.00, mean=0.0476) | Viol_Exist(max=2.00, mean=1.0068) | Mu_O(max=1.0) Mu_E(max=1.0) | Lam_O(max=0.00) Lam_E(max=0.00)
  [Outer 10/15] Loss (KL=12.5984, Const=50000.3516) | Viol_Order(max=1.00, mean=0.0409) | Viol_Exist(max=2.00, mean=1.0152) | Mu_O(max=10.6) Mu_E(max=10.6) | Lam_O(max=32.01) Lam_E(max=64.03)
  [Outer 15/15] Loss (KL=23.7634, Const=142623.4688) | Viol_Order(max=2.00, mean=0.0517) | Viol_Exist(max=2.00, mean=1.0050) | Mu_O(max=39.4) Mu_E(max=39.4) | Lam_O(max=127.91) Lam_E(max=255.82)

[Projection Start] Batch: 205, Constraints: 33
  [Outer 01/15] Loss (KL=0.0009, Const=1115.7537) | Viol_Order(max=2.00, mean=0.0529) | Viol_Exist(max=2.00, mean=1.0069) | Mu_O(max=1.0) Mu_E(max=1.0) | Lam_O(max=0.00) Lam_E(max=0.00)
  [Outer 10/15] Loss (KL=12.9679, Const=50509.2617) | Viol_Order(max=1.00, mean=0.0417) | Viol_Exist(max=2.00, mean=1.0152) | Mu_O(max=10.6) Mu_E(max=10.6) | Lam_O(max=32.01) Lam_E(max=64.03)
  [Outer 15/15] Loss (KL=24.9309, Const=145362.2812) | Viol_Order(max=1.00, mean=0.0483) | Viol_Exist(max=2.00, mean=1.0055) | Mu_O(max=39.4) Mu_E(max=39.4) | Lam_O(max=127.91) Lam_E(max=255.82)

[Projection Start] Batch: 205, Constraints: 33
  [Outer 01/15] Loss (KL=0.0018, Const=1120.2253) | Viol_Order(max=2.00, mean=0.0525) | Viol_Exist(max=2.00, mean=1.0075) | Mu_O(max=1.0) Mu_E(max=1.0) | Lam_O(max=0.00) Lam_E(max=0.00)
  [Outer 10/15] Loss (KL=13.1312, Const=48998.5781) | Viol_Order(max=1.00, mean=0.0375) | Viol_Exist(max=2.00, mean=1.0173) | Mu_O(max=10.6) Mu_E(max=10.6) | Lam_O(max=32.01) Lam_E(max=64.03)
  [Outer 15/15] Loss (KL=23.8223, Const=142291.3750) | Viol_Order(max=1.00, mean=0.0500) | Viol_Exist(max=2.00, mean=1.0035) | Mu_O(max=39.4) Mu_E(max=39.4) | Lam_O(max=127.91) Lam_E(max=255.82)

[Projection Start] Batch: 205, Constraints: 33
  [Outer 01/15] Loss (KL=0.0021, Const=1110.1949) | Viol_Order(max=2.00, mean=0.0520) | Viol_Exist(max=2.00, mean=1.0067) | Mu_O(max=1.0) Mu_E(max=1.0) | Lam_O(max=0.00) Lam_E(max=0.00)
  [Outer 10/15] Loss (KL=12.8490, Const=49134.4258) | Viol_Order(max=2.00, mean=0.0380) | Viol_Exist(max=2.00, mean=1.0164) | Mu_O(max=10.6) Mu_E(max=10.6) | Lam_O(max=32.01) Lam_E(max=64.03)
  [Outer 15/15] Loss (KL=24.4684, Const=140680.4062) | Viol_Order(max=2.00, mean=0.0461) | Viol_Exist(max=2.00, mean=1.0047) | Mu_O(max=39.4) Mu_E(max=39.4) | Lam_O(max=127.91) Lam_E(max=255.82)

[Projection Start] Batch: 205, Constraints: 33
  [Outer 01/15] Loss (KL=0.0003, Const=1106.5024) | Viol_Order(max=2.00, mean=0.0479) | Viol_Exist(max=2.00, mean=1.0055) | Mu_O(max=1.0) Mu_E(max=1.0) | Lam_O(max=0.00) Lam_E(max=0.00)
  [Outer 10/15] Loss (KL=12.4328, Const=49894.5703) | Viol_Order(max=2.00, mean=0.0414) | Viol_Exist(max=2.00, mean=1.0142) | Mu_O(max=10.6) Mu_E(max=10.6) | Lam_O(max=32.01) Lam_E(max=64.03)
  [Outer 15/15] Loss (KL=23.0457, Const=145677.9844) | Viol_Order(max=2.00, mean=0.0466) | Viol_Exist(max=2.00, mean=1.0019) | Mu_O(max=39.4) Mu_E(max=39.4) | Lam_O(max=127.91) Lam_E(max=255.82)

[Projection Start] Batch: 205, Constraints: 33
  [Outer 01/15] Loss (KL=0.0003, Const=1089.3878) | Viol_Order(max=2.00, mean=0.0467) | Viol_Exist(max=2.00, mean=1.0055) | Mu_O(max=1.0) Mu_E(max=1.0) | Lam_O(max=0.00) Lam_E(max=0.00)
  [Outer 10/15] Loss (KL=12.4913, Const=50079.8672) | Viol_Order(max=1.00, mean=0.0381) | Viol_Exist(max=2.00, mean=1.0140) | Mu_O(max=10.6) Mu_E(max=10.6) | Lam_O(max=32.01) Lam_E(max=64.03)
  [Outer 15/15] Loss (KL=22.9117, Const=147420.7500) | Viol_Order(max=1.00, mean=0.0442) | Viol_Exist(max=2.00, mean=1.0019) | Mu_O(max=39.4) Mu_E(max=39.4) | Lam_O(max=127.91) Lam_E(max=255.82)

[Projection Start] Batch: 205, Constraints: 33
  [Outer 01/15] Loss (KL=0.0003, Const=1083.9734) | Viol_Order(max=2.00, mean=0.0446) | Viol_Exist(max=2.00, mean=1.0031) | Mu_O(max=1.0) Mu_E(max=1.0) | Lam_O(max=0.00) Lam_E(max=0.00)
  [Outer 10/15] Loss (KL=12.5860, Const=49503.8359) | Viol_Order(max=2.00, mean=0.0377) | Viol_Exist(max=2.00, mean=1.0126) | Mu_O(max=10.6) Mu_E(max=10.6) | Lam_O(max=32.01) Lam_E(max=64.03)
  [Outer 15/15] Loss (KL=23.1852, Const=144631.7031) | Viol_Order(max=1.00, mean=0.0455) | Viol_Exist(max=2.00, mean=1.0049) | Mu_O(max=39.4) Mu_E(max=39.4) | Lam_O(max=127.91) Lam_E(max=255.82)

[Projection Start] Batch: 205, Constraints: 33
  [Outer 01/15] Loss (KL=0.0006, Const=1086.6411) | Viol_Order(max=1.00, mean=0.0470) | Viol_Exist(max=2.00, mean=1.0049) | Mu_O(max=1.0) Mu_E(max=1.0) | Lam_O(max=0.00) Lam_E(max=0.00)
  [Outer 10/15] Loss (KL=13.1957, Const=48500.4922) | Viol_Order(max=2.00, mean=0.0389) | Viol_Exist(max=2.00, mean=1.0092) | Mu_O(max=10.6) Mu_E(max=10.6) | Lam_O(max=32.01) Lam_E(max=64.03)
  [Outer 15/15] Loss (KL=22.6466, Const=145460.1562) | Viol_Order(max=1.00, mean=0.0439) | Viol_Exist(max=2.00, mean=1.0009) | Mu_O(max=39.4) Mu_E(max=39.4) | Lam_O(max=127.91) Lam_E(max=255.82)

[Projection Start] Batch: 205, Constraints: 33
  [Outer 01/15] Loss (KL=0.0014, Const=1081.7290) | Viol_Order(max=2.00, mean=0.0452) | Viol_Exist(max=2.00, mean=1.0021) | Mu_O(max=1.0) Mu_E(max=1.0) | Lam_O(max=0.00) Lam_E(max=0.00)
  [Outer 10/15] Loss (KL=12.6684, Const=49295.8438) | Viol_Order(max=1.00, mean=0.0402) | Viol_Exist(max=2.00, mean=1.0130) | Mu_O(max=10.6) Mu_E(max=10.6) | Lam_O(max=32.01) Lam_E(max=64.03)
  [Outer 15/15] Loss (KL=22.1821, Const=143955.2656) | Viol_Order(max=2.00, mean=0.0464) | Viol_Exist(max=2.00, mean=1.0074) | Mu_O(max=39.4) Mu_E(max=39.4) | Lam_O(max=127.91) Lam_E(max=255.82)

[Projection Start] Batch: 205, Constraints: 33
  [Outer 01/15] Loss (KL=0.0003, Const=1096.3555) | Viol_Order(max=2.00, mean=0.0475) | Viol_Exist(max=2.00, mean=1.0061) | Mu_O(max=1.0) Mu_E(max=1.0) | Lam_O(max=0.00) Lam_E(max=0.00)
  [Outer 10/15] Loss (KL=12.3135, Const=49534.5352) | Viol_Order(max=2.00, mean=0.0407) | Viol_Exist(max=2.00, mean=1.0158) | Mu_O(max=10.6) Mu_E(max=10.6) | Lam_O(max=32.01) Lam_E(max=64.03)
  [Outer 15/15] Loss (KL=22.9203, Const=148087.3438) | Viol_Order(max=2.00, mean=0.0460) | Viol_Exist(max=2.00, mean=1.0024) | Mu_O(max=39.4) Mu_E(max=39.4) | Lam_O(max=127.91) Lam_E(max=255.82)

[Projection Start] Batch: 205, Constraints: 33
  [Outer 01/15] Loss (KL=0.0003, Const=1087.7371) | Viol_Order(max=2.00, mean=0.0461) | Viol_Exist(max=2.00, mean=1.0046) | Mu_O(max=1.0) Mu_E(max=1.0) | Lam_O(max=0.00) Lam_E(max=0.00)
  [Outer 10/15] Loss (KL=12.1625, Const=49677.2188) | Viol_Order(max=2.00, mean=0.0386) | Viol_Exist(max=2.00, mean=1.0105) | Mu_O(max=10.6) Mu_E(max=10.6) | Lam_O(max=32.01) Lam_E(max=64.03)
  [Outer 15/15] Loss (KL=22.0979, Const=146965.9375) | Viol_Order(max=2.00, mean=0.0442) | Viol_Exist(max=2.00, mean=1.0021) | Mu_O(max=39.4) Mu_E(max=39.4) | Lam_O(max=127.91) Lam_E(max=255.82)

[Projection Start] Batch: 205, Constraints: 33
  [Outer 01/15] Loss (KL=0.0006, Const=1073.8301) | Viol_Order(max=2.00, mean=0.0445) | Viol_Exist(max=2.00, mean=1.0034) | Mu_O(max=1.0) Mu_E(max=1.0) | Lam_O(max=0.00) Lam_E(max=0.00)
  [Outer 10/15] Loss (KL=12.8211, Const=49045.3438) | Viol_Order(max=1.00, mean=0.0361) | Viol_Exist(max=2.00, mean=1.0137) | Mu_O(max=10.6) Mu_E(max=10.6) | Lam_O(max=32.01) Lam_E(max=64.03)
  [Outer 15/15] Loss (KL=23.1365, Const=146880.8594) | Viol_Order(max=1.00, mean=0.0421) | Viol_Exist(max=2.00, mean=1.0078) | Mu_O(max=39.4) Mu_E(max=39.4) | Lam_O(max=127.91) Lam_E(max=255.82)

[Projection Start] Batch: 205, Constraints: 33
  [Outer 01/15] Loss (KL=0.0003, Const=1102.9860) | Viol_Order(max=3.00, mean=0.0445) | Viol_Exist(max=2.00, mean=1.0098) | Mu_O(max=1.0) Mu_E(max=1.0) | Lam_O(max=0.00) Lam_E(max=0.00)
  [Outer 10/15] Loss (KL=13.3183, Const=48651.6406) | Viol_Order(max=2.00, mean=0.0380) | Viol_Exist(max=2.00, mean=1.0167) | Mu_O(max=10.6) Mu_E(max=10.6) | Lam_O(max=32.01) Lam_E(max=64.03)
  [Outer 15/15] Loss (KL=23.5971, Const=144389.1250) | Viol_Order(max=1.00, mean=0.0421) | Viol_Exist(max=2.00, mean=1.0065) | Mu_O(max=39.4) Mu_E(max=39.4) | Lam_O(max=127.91) Lam_E(max=255.82)

[Projection Start] Batch: 205, Constraints: 33
  [Outer 01/15] Loss (KL=0.0002, Const=1091.8208) | Viol_Order(max=2.00, mean=0.0424) | Viol_Exist(max=2.00, mean=1.0087) | Mu_O(max=1.0) Mu_E(max=1.0) | Lam_O(max=0.00) Lam_E(max=0.00)
  [Outer 10/15] Loss (KL=13.0144, Const=49129.6562) | Viol_Order(max=2.00, mean=0.0352) | Viol_Exist(max=2.00, mean=1.0136) | Mu_O(max=10.6) Mu_E(max=10.6) | Lam_O(max=55.87) Lam_E(max=64.03)
  [Outer 15/15] Loss (KL=24.5039, Const=142516.6562) | Viol_Order(max=1.00, mean=0.0457) | Viol_Exist(max=2.00, mean=1.0025) | Mu_O(max=39.4) Mu_E(max=39.4) | Lam_O(max=127.91) Lam_E(max=255.82)

[Projection Start] Batch: 205, Constraints: 33
  [Outer 01/15] Loss (KL=0.0001, Const=1097.6475) | Viol_Order(max=2.00, mean=0.0452) | Viol_Exist(max=2.00, mean=1.0061) | Mu_O(max=1.0) Mu_E(max=1.0) | Lam_O(max=0.00) Lam_E(max=0.00)
  [Outer 10/15] Loss (KL=13.9721, Const=48501.5820) | Viol_Order(max=2.00, mean=0.0341) | Viol_Exist(max=2.00, mean=1.0163) | Mu_O(max=10.6) Mu_E(max=10.6) | Lam_O(max=32.01) Lam_E(max=64.03)
  [Outer 15/15] Loss (KL=23.7729, Const=143593.5938) | Viol_Order(max=2.00, mean=0.0417) | Viol_Exist(max=2.00, mean=1.0064) | Mu_O(max=39.4) Mu_E(max=39.4) | Lam_O(max=127.91) Lam_E(max=255.82)

[Projection Start] Batch: 205, Constraints: 33
  [Outer 01/15] Loss (KL=0.0008, Const=1087.9968) | Viol_Order(max=2.00, mean=0.0415) | Viol_Exist(max=2.00, mean=1.0077) | Mu_O(max=1.0) Mu_E(max=1.0) | Lam_O(max=0.00) Lam_E(max=0.00)
  [Outer 10/15] Loss (KL=12.8260, Const=49277.5039) | Viol_Order(max=1.00, mean=0.0343) | Viol_Exist(max=2.00, mean=1.0124) | Mu_O(max=10.6) Mu_E(max=10.6) | Lam_O(max=32.01) Lam_E(max=64.03)
  [Outer 15/15] Loss (KL=23.9193, Const=141016.1250) | Viol_Order(max=2.00, mean=0.0421) | Viol_Exist(max=2.00, mean=1.0064) | Mu_O(max=39.4) Mu_E(max=39.4) | Lam_O(max=127.91) Lam_E(max=255.82)

[Projection Start] Batch: 205, Constraints: 33
  [Outer 01/15] Loss (KL=0.0003, Const=1083.8304) | Viol_Order(max=2.00, mean=0.0424) | Viol_Exist(max=2.00, mean=1.0069) | Mu_O(max=1.0) Mu_E(max=1.0) | Lam_O(max=0.00) Lam_E(max=0.00)
  [Outer 10/15] Loss (KL=13.7357, Const=47349.9375) | Viol_Order(max=2.00, mean=0.0370) | Viol_Exist(max=2.00, mean=1.0135) | Mu_O(max=10.6) Mu_E(max=10.6) | Lam_O(max=38.20) Lam_E(max=64.03)
  [Outer 15/15] Loss (KL=21.9607, Const=143456.2812) | Viol_Order(max=2.00, mean=0.0441) | Viol_Exist(max=2.00, mean=1.0053) | Mu_O(max=39.4) Mu_E(max=39.4) | Lam_O(max=134.10) Lam_E(max=255.82)

[Projection Start] Batch: 205, Constraints: 33
  [Outer 01/15] Loss (KL=0.0005, Const=1100.9131) | Viol_Order(max=2.00, mean=0.0439) | Viol_Exist(max=2.00, mean=1.0062) | Mu_O(max=1.0) Mu_E(max=1.0) | Lam_O(max=0.00) Lam_E(max=0.00)
  [Outer 10/15] Loss (KL=12.6159, Const=49866.5898) | Viol_Order(max=2.00, mean=0.0371) | Viol_Exist(max=2.00, mean=1.0143) | Mu_O(max=10.6) Mu_E(max=10.6) | Lam_O(max=32.01) Lam_E(max=64.03)
  [Outer 15/15] Loss (KL=22.9504, Const=146063.4844) | Viol_Order(max=1.00, mean=0.0418) | Viol_Exist(max=2.00, mean=1.0040) | Mu_O(max=39.4) Mu_E(max=39.4) | Lam_O(max=127.91) Lam_E(max=255.82)

[Projection Start] Batch: 205, Constraints: 33
  [Outer 01/15] Loss (KL=0.0002, Const=1073.0272) | Viol_Order(max=2.00, mean=0.0435) | Viol_Exist(max=2.00, mean=1.0044) | Mu_O(max=1.0) Mu_E(max=1.0) | Lam_O(max=0.00) Lam_E(max=0.00)
  [Outer 10/15] Loss (KL=13.4858, Const=48050.8867) | Viol_Order(max=2.00, mean=0.0364) | Viol_Exist(max=2.00, mean=1.0151) | Mu_O(max=10.6) Mu_E(max=10.6) | Lam_O(max=32.01) Lam_E(max=64.03)
  [Outer 15/15] Loss (KL=22.3056, Const=144323.2812) | Viol_Order(max=2.00, mean=0.0415) | Viol_Exist(max=2.00, mean=1.0071) | Mu_O(max=39.4) Mu_E(max=39.4) | Lam_O(max=127.91) Lam_E(max=255.82)

[Projection Start] Batch: 205, Constraints: 33
  [Outer 01/15] Loss (KL=0.0015, Const=1087.6848) | Viol_Order(max=2.00, mean=0.0430) | Viol_Exist(max=2.00, mean=1.0049) | Mu_O(max=1.0) Mu_E(max=1.0) | Lam_O(max=0.00) Lam_E(max=0.00)
  [Outer 10/15] Loss (KL=13.1224, Const=48175.6172) | Viol_Order(max=2.00, mean=0.0371) | Viol_Exist(max=2.00, mean=1.0135) | Mu_O(max=10.6) Mu_E(max=10.6) | Lam_O(max=32.01) Lam_E(max=64.03)
  [Outer 15/15] Loss (KL=22.8591, Const=143411.5625) | Viol_Order(max=1.00, mean=0.0424) | Viol_Exist(max=2.00, mean=1.0071) | Mu_O(max=39.4) Mu_E(max=39.4) | Lam_O(max=127.91) Lam_E(max=255.82)

[Projection Start] Batch: 205, Constraints: 33
  [Outer 01/15] Loss (KL=0.0002, Const=1088.2117) | Viol_Order(max=2.00, mean=0.0438) | Viol_Exist(max=2.00, mean=1.0049) | Mu_O(max=1.0) Mu_E(max=1.0) | Lam_O(max=0.00) Lam_E(max=0.00)
  [Outer 10/15] Loss (KL=12.9605, Const=49244.5703) | Viol_Order(max=2.00, mean=0.0374) | Viol_Exist(max=2.00, mean=1.0158) | Mu_O(max=10.6) Mu_E(max=10.6) | Lam_O(max=32.01) Lam_E(max=64.03)
  [Outer 15/15] Loss (KL=23.7314, Const=141946.8438) | Viol_Order(max=1.00, mean=0.0463) | Viol_Exist(max=2.00, mean=1.0018) | Mu_O(max=39.4) Mu_E(max=39.4) | Lam_O(max=127.91) Lam_E(max=255.82)

[Projection Start] Batch: 205, Constraints: 33
  [Outer 01/15] Loss (KL=0.0002, Const=1086.6875) | Viol_Order(max=2.00, mean=0.0469) | Viol_Exist(max=2.00, mean=1.0013) | Mu_O(max=1.0) Mu_E(max=1.0) | Lam_O(max=0.00) Lam_E(max=0.00)
  [Outer 10/15] Loss (KL=13.6436, Const=48415.9297) | Viol_Order(max=2.00, mean=0.0349) | Viol_Exist(max=2.00, mean=1.0146) | Mu_O(max=10.6) Mu_E(max=10.6) | Lam_O(max=32.01) Lam_E(max=64.03)
  [Outer 15/15] Loss (KL=22.6322, Const=142497.4062) | Viol_Order(max=1.00, mean=0.0433) | Viol_Exist(max=2.00, mean=1.0069) | Mu_O(max=39.4) Mu_E(max=39.4) | Lam_O(max=127.91) Lam_E(max=255.82)

[Projection Start] Batch: 205, Constraints: 33
  [Outer 01/15] Loss (KL=0.0001, Const=1094.6125) | Viol_Order(max=2.00, mean=0.0445) | Viol_Exist(max=2.00, mean=1.0084) | Mu_O(max=1.0) Mu_E(max=1.0) | Lam_O(max=0.00) Lam_E(max=0.00)
  [Outer 10/15] Loss (KL=12.9610, Const=48955.4609) | Viol_Order(max=2.00, mean=0.0383) | Viol_Exist(max=2.00, mean=1.0099) | Mu_O(max=10.6) Mu_E(max=10.6) | Lam_O(max=32.01) Lam_E(max=64.03)
  [Outer 15/15] Loss (KL=23.3002, Const=145888.7188) | Viol_Order(max=1.00, mean=0.0438) | Viol_Exist(max=2.00, mean=1.0050) | Mu_O(max=39.4) Mu_E(max=39.4) | Lam_O(max=127.91) Lam_E(max=255.82)

[Projection Start] Batch: 205, Constraints: 33
  [Outer 01/15] Loss (KL=0.0001, Const=1081.7300) | Viol_Order(max=1.00, mean=0.0451) | Viol_Exist(max=2.00, mean=1.0028) | Mu_O(max=1.0) Mu_E(max=1.0) | Lam_O(max=0.00) Lam_E(max=0.00)
  [Outer 10/15] Loss (KL=13.0615, Const=48739.3516) | Viol_Order(max=1.00, mean=0.0350) | Viol_Exist(max=2.00, mean=1.0154) | Mu_O(max=10.6) Mu_E(max=10.6) | Lam_O(max=32.01) Lam_E(max=64.03)
  [Outer 15/15] Loss (KL=23.5994, Const=144349.6094) | Viol_Order(max=1.00, mean=0.0378) | Viol_Exist(max=2.00, mean=1.0043) | Mu_O(max=39.4) Mu_E(max=39.4) | Lam_O(max=127.91) Lam_E(max=255.82)

[Projection Start] Batch: 205, Constraints: 33
  [Outer 01/15] Loss (KL=0.0002, Const=1070.5530) | Viol_Order(max=2.00, mean=0.0408) | Viol_Exist(max=2.00, mean=1.0059) | Mu_O(max=1.0) Mu_E(max=1.0) | Lam_O(max=0.00) Lam_E(max=0.00)
  [Outer 10/15] Loss (KL=12.2012, Const=49362.3359) | Viol_Order(max=2.00, mean=0.0368) | Viol_Exist(max=2.00, mean=1.0143) | Mu_O(max=10.6) Mu_E(max=10.6) | Lam_O(max=32.01) Lam_E(max=64.03)
  [Outer 15/15] Loss (KL=22.5586, Const=144175.3594) | Viol_Order(max=1.00, mean=0.0381) | Viol_Exist(max=2.00, mean=1.0062) | Mu_O(max=39.4) Mu_E(max=39.4) | Lam_O(max=127.91) Lam_E(max=255.82)

[Projection Start] Batch: 205, Constraints: 33
  [Outer 01/15] Loss (KL=0.0001, Const=1072.1554) | Viol_Order(max=2.00, mean=0.0402) | Viol_Exist(max=2.00, mean=1.0052) | Mu_O(max=1.0) Mu_E(max=1.0) | Lam_O(max=0.00) Lam_E(max=0.00)
  [Outer 10/15] Loss (KL=13.0679, Const=48831.7578) | Viol_Order(max=1.00, mean=0.0383) | Viol_Exist(max=2.00, mean=1.0092) | Mu_O(max=10.6) Mu_E(max=10.6) | Lam_O(max=32.01) Lam_E(max=64.03)
  [Outer 15/15] Loss (KL=22.5447, Const=143850.9062) | Viol_Order(max=2.00, mean=0.0443) | Viol_Exist(max=2.00, mean=1.0027) | Mu_O(max=39.4) Mu_E(max=39.4) | Lam_O(max=127.91) Lam_E(max=255.82)

[Projection Start] Batch: 205, Constraints: 33
  [Outer 01/15] Loss (KL=0.0004, Const=1081.0032) | Viol_Order(max=2.00, mean=0.0445) | Viol_Exist(max=2.00, mean=1.0041) | Mu_O(max=1.0) Mu_E(max=1.0) | Lam_O(max=0.00) Lam_E(max=0.00)
  [Outer 10/15] Loss (KL=13.4638, Const=47756.9258) | Viol_Order(max=2.00, mean=0.0380) | Viol_Exist(max=2.00, mean=1.0146) | Mu_O(max=10.6) Mu_E(max=10.6) | Lam_O(max=32.01) Lam_E(max=64.03)
  [Outer 15/15] Loss (KL=22.9018, Const=141806.1719) | Viol_Order(max=1.00, mean=0.0430) | Viol_Exist(max=2.00, mean=1.0067) | Mu_O(max=39.4) Mu_E(max=39.4) | Lam_O(max=127.91) Lam_E(max=255.82)

[Projection Start] Batch: 205, Constraints: 33
  [Outer 01/15] Loss (KL=0.0002, Const=1075.8864) | Viol_Order(max=2.00, mean=0.0441) | Viol_Exist(max=2.00, mean=1.0059) | Mu_O(max=1.0) Mu_E(max=1.0) | Lam_O(max=0.00) Lam_E(max=0.00)
  [Outer 10/15] Loss (KL=13.9324, Const=47167.5312) | Viol_Order(max=1.00, mean=0.0392) | Viol_Exist(max=2.00, mean=1.0075) | Mu_O(max=10.6) Mu_E(max=10.6) | Lam_O(max=32.01) Lam_E(max=64.03)
  [Outer 15/15] Loss (KL=23.9095, Const=140555.4531) | Viol_Order(max=2.00, mean=0.0438) | Viol_Exist(max=2.00, mean=1.0038) | Mu_O(max=39.4) Mu_E(max=39.4) | Lam_O(max=127.91) Lam_E(max=255.82)

[Projection Start] Batch: 205, Constraints: 33
  [Outer 01/15] Loss (KL=0.0004, Const=1077.0396) | Viol_Order(max=2.00, mean=0.0439) | Viol_Exist(max=2.00, mean=1.0040) | Mu_O(max=1.0) Mu_E(max=1.0) | Lam_O(max=0.00) Lam_E(max=0.00)
  [Outer 10/15] Loss (KL=12.8154, Const=48787.4531) | Viol_Order(max=1.00, mean=0.0359) | Viol_Exist(max=2.00, mean=1.0136) | Mu_O(max=10.6) Mu_E(max=10.6) | Lam_O(max=32.01) Lam_E(max=64.03)
  [Outer 15/15] Loss (KL=22.6304, Const=141544.5625) | Viol_Order(max=1.00, mean=0.0442) | Viol_Exist(max=2.00, mean=1.0034) | Mu_O(max=39.4) Mu_E(max=39.4) | Lam_O(max=127.91) Lam_E(max=255.82)

[Projection Start] Batch: 205, Constraints: 33
  [Outer 01/15] Loss (KL=0.0005, Const=1087.0315) | Viol_Order(max=2.00, mean=0.0455) | Viol_Exist(max=2.00, mean=1.0058) | Mu_O(max=1.0) Mu_E(max=1.0) | Lam_O(max=0.00) Lam_E(max=0.00)
  [Outer 10/15] Loss (KL=14.3268, Const=47147.8945) | Viol_Order(max=1.00, mean=0.0375) | Viol_Exist(max=2.00, mean=1.0152) | Mu_O(max=10.6) Mu_E(max=10.6) | Lam_O(max=38.20) Lam_E(max=64.03)
  [Outer 15/15] Loss (KL=23.2970, Const=141666.4844) | Viol_Order(max=2.00, mean=0.0452) | Viol_Exist(max=2.00, mean=1.0062) | Mu_O(max=39.4) Mu_E(max=39.4) | Lam_O(max=127.91) Lam_E(max=255.82)

[Projection Start] Batch: 205, Constraints: 33
  [Outer 01/15] Loss (KL=0.0007, Const=1103.9963) | Viol_Order(max=3.00, mean=0.0467) | Viol_Exist(max=2.00, mean=1.0086) | Mu_O(max=1.0) Mu_E(max=1.0) | Lam_O(max=0.00) Lam_E(max=0.00)
  [Outer 10/15] Loss (KL=13.9060, Const=48041.1719) | Viol_Order(max=2.00, mean=0.0371) | Viol_Exist(max=2.00, mean=1.0152) | Mu_O(max=10.6) Mu_E(max=10.6) | Lam_O(max=32.01) Lam_E(max=64.03)
  [Outer 15/15] Loss (KL=24.6682, Const=139670.2344) | Viol_Order(max=1.00, mean=0.0414) | Viol_Exist(max=2.00, mean=1.0030) | Mu_O(max=39.4) Mu_E(max=39.4) | Lam_O(max=127.91) Lam_E(max=255.82)

[Projection Start] Batch: 205, Constraints: 33
  [Outer 01/15] Loss (KL=0.0002, Const=1063.7341) | Viol_Order(max=2.00, mean=0.0417) | Viol_Exist(max=2.00, mean=1.0049) | Mu_O(max=1.0) Mu_E(max=1.0) | Lam_O(max=0.00) Lam_E(max=0.00)
  [Outer 10/15] Loss (KL=13.9497, Const=46790.3906) | Viol_Order(max=1.00, mean=0.0374) | Viol_Exist(max=2.00, mean=1.0177) | Mu_O(max=10.6) Mu_E(max=10.6) | Lam_O(max=32.01) Lam_E(max=64.03)
  [Outer 15/15] Loss (KL=23.4166, Const=136448.9062) | Viol_Order(max=2.00, mean=0.0448) | Viol_Exist(max=2.00, mean=1.0053) | Mu_O(max=39.4) Mu_E(max=39.4) | Lam_O(max=127.91) Lam_E(max=255.82)

[Projection Start] Batch: 205, Constraints: 33
  [Outer 01/15] Loss (KL=0.0030, Const=1101.4990) | Viol_Order(max=2.00, mean=0.0458) | Viol_Exist(max=2.00, mean=1.0077) | Mu_O(max=1.0) Mu_E(max=1.0) | Lam_O(max=0.00) Lam_E(max=0.00)
  [Outer 10/15] Loss (KL=14.7921, Const=46544.8008) | Viol_Order(max=2.00, mean=0.0359) | Viol_Exist(max=2.00, mean=1.0136) | Mu_O(max=10.6) Mu_E(max=10.6) | Lam_O(max=32.01) Lam_E(max=64.03)
  [Outer 15/15] Loss (KL=23.6402, Const=139951.2656) | Viol_Order(max=2.00, mean=0.0442) | Viol_Exist(max=2.00, mean=1.0018) | Mu_O(max=39.4) Mu_E(max=39.4) | Lam_O(max=127.91) Lam_E(max=255.82)

[Projection Start] Batch: 205, Constraints: 33
  [Outer 01/15] Loss (KL=0.0005, Const=1074.9233) | Viol_Order(max=2.00, mean=0.0449) | Viol_Exist(max=2.00, mean=1.0037) | Mu_O(max=1.0) Mu_E(max=1.0) | Lam_O(max=0.00) Lam_E(max=0.00)
  [Outer 10/15] Loss (KL=14.1903, Const=48086.9844) | Viol_Order(max=1.00, mean=0.0384) | Viol_Exist(max=2.00, mean=1.0151) | Mu_O(max=10.6) Mu_E(max=10.6) | Lam_O(max=32.01) Lam_E(max=64.03)
  [Outer 15/15] Loss (KL=24.2115, Const=142216.0469) | Viol_Order(max=1.00, mean=0.0439) | Viol_Exist(max=2.00, mean=1.0061) | Mu_O(max=39.4) Mu_E(max=39.4) | Lam_O(max=127.91) Lam_E(max=255.82)

[Projection Start] Batch: 205, Constraints: 33
  [Outer 01/15] Loss (KL=0.0010, Const=1081.4685) | Viol_Order(max=2.00, mean=0.0452) | Viol_Exist(max=2.00, mean=1.0059) | Mu_O(max=1.0) Mu_E(max=1.0) | Lam_O(max=0.00) Lam_E(max=0.00)
  [Outer 10/15] Loss (KL=14.8414, Const=46905.1367) | Viol_Order(max=1.00, mean=0.0367) | Viol_Exist(max=2.00, mean=1.0139) | Mu_O(max=10.6) Mu_E(max=10.6) | Lam_O(max=32.01) Lam_E(max=64.03)
  [Outer 15/15] Loss (KL=23.4480, Const=138954.9062) | Viol_Order(max=2.00, mean=0.0460) | Viol_Exist(max=2.00, mean=1.0058) | Mu_O(max=39.4) Mu_E(max=39.4) | Lam_O(max=127.91) Lam_E(max=255.82)

[Projection Start] Batch: 205, Constraints: 33
  [Outer 01/15] Loss (KL=0.0001, Const=1088.1174) | Viol_Order(max=2.00, mean=0.0466) | Viol_Exist(max=2.00, mean=1.0052) | Mu_O(max=1.0) Mu_E(max=1.0) | Lam_O(max=0.00) Lam_E(max=0.00)
  [Outer 10/15] Loss (KL=13.1790, Const=48273.2812) | Viol_Order(max=2.00, mean=0.0368) | Viol_Exist(max=2.00, mean=1.0142) | Mu_O(max=10.6) Mu_E(max=10.6) | Lam_O(max=34.31) Lam_E(max=64.03)
  [Outer 15/15] Loss (KL=23.9477, Const=138487.9375) | Viol_Order(max=1.00, mean=0.0426) | Viol_Exist(max=2.00, mean=1.0022) | Mu_O(max=39.4) Mu_E(max=39.4) | Lam_O(max=127.91) Lam_E(max=255.82)

[Projection Start] Batch: 205, Constraints: 33
  [Outer 01/15] Loss (KL=0.0006, Const=1076.4268) | Viol_Order(max=2.00, mean=0.0438) | Viol_Exist(max=2.00, mean=1.0033) | Mu_O(max=1.0) Mu_E(max=1.0) | Lam_O(max=0.00) Lam_E(max=0.00)
  [Outer 10/15] Loss (KL=13.2561, Const=47280.6797) | Viol_Order(max=2.00, mean=0.0380) | Viol_Exist(max=2.00, mean=1.0191) | Mu_O(max=10.6) Mu_E(max=10.6) | Lam_O(max=32.01) Lam_E(max=64.03)
  [Outer 15/15] Loss (KL=24.1306, Const=137993.6875) | Viol_Order(max=2.00, mean=0.0441) | Viol_Exist(max=2.00, mean=1.0043) | Mu_O(max=39.4) Mu_E(max=39.4) | Lam_O(max=127.91) Lam_E(max=255.82)

[Projection Start] Batch: 205, Constraints: 33
  [Outer 01/15] Loss (KL=0.0004, Const=1089.5839) | Viol_Order(max=2.00, mean=0.0455) | Viol_Exist(max=2.00, mean=1.0065) | Mu_O(max=1.0) Mu_E(max=1.0) | Lam_O(max=0.00) Lam_E(max=0.00)
  [Outer 10/15] Loss (KL=13.0058, Const=47774.2070) | Viol_Order(max=1.00, mean=0.0387) | Viol_Exist(max=2.00, mean=1.0142) | Mu_O(max=10.6) Mu_E(max=10.6) | Lam_O(max=32.01) Lam_E(max=64.03)
  [Outer 15/15] Loss (KL=23.1631, Const=139906.6406) | Viol_Order(max=2.00, mean=0.0435) | Viol_Exist(max=2.00, mean=1.0050) | Mu_O(max=39.4) Mu_E(max=39.4) | Lam_O(max=127.91) Lam_E(max=255.82)

[Projection Start] Batch: 205, Constraints: 33
  [Outer 01/15] Loss (KL=0.0004, Const=1076.0172) | Viol_Order(max=2.00, mean=0.0449) | Viol_Exist(max=2.00, mean=1.0046) | Mu_O(max=1.0) Mu_E(max=1.0) | Lam_O(max=0.00) Lam_E(max=0.00)
  [Outer 10/15] Loss (KL=13.3161, Const=47947.4883) | Viol_Order(max=2.00, mean=0.0375) | Viol_Exist(max=2.00, mean=1.0120) | Mu_O(max=10.6) Mu_E(max=10.6) | Lam_O(max=32.01) Lam_E(max=64.03)
  [Outer 15/15] Loss (KL=24.6811, Const=137511.3594) | Viol_Order(max=1.00, mean=0.0452) | Viol_Exist(max=2.00, mean=1.0041) | Mu_O(max=39.4) Mu_E(max=39.4) | Lam_O(max=127.91) Lam_E(max=255.82)

[Projection Start] Batch: 205, Constraints: 33
  [Outer 01/15] Loss (KL=0.0002, Const=1086.6504) | Viol_Order(max=3.00, mean=0.0476) | Viol_Exist(max=2.00, mean=1.0038) | Mu_O(max=1.0) Mu_E(max=1.0) | Lam_O(max=0.00) Lam_E(max=0.00)
  [Outer 10/15] Loss (KL=13.2854, Const=48365.3164) | Viol_Order(max=2.00, mean=0.0361) | Viol_Exist(max=2.00, mean=1.0192) | Mu_O(max=10.6) Mu_E(max=10.6) | Lam_O(max=32.01) Lam_E(max=64.03)
  [Outer 15/15] Loss (KL=23.7519, Const=141624.7031) | Viol_Order(max=2.00, mean=0.0435) | Viol_Exist(max=2.00, mean=1.0065) | Mu_O(max=39.4) Mu_E(max=39.4) | Lam_O(max=127.91) Lam_E(max=255.82)

[Projection Start] Batch: 205, Constraints: 33
  [Outer 01/15] Loss (KL=0.0002, Const=1084.5574) | Viol_Order(max=2.00, mean=0.0451) | Viol_Exist(max=2.00, mean=1.0056) | Mu_O(max=1.0) Mu_E(max=1.0) | Lam_O(max=0.00) Lam_E(max=0.00)
  [Outer 10/15] Loss (KL=13.8788, Const=47399.0742) | Viol_Order(max=2.00, mean=0.0355) | Viol_Exist(max=2.00, mean=1.0166) | Mu_O(max=10.6) Mu_E(max=10.6) | Lam_O(max=32.01) Lam_E(max=64.03)
  [Outer 15/15] Loss (KL=23.7993, Const=138599.3125) | Viol_Order(max=1.00, mean=0.0418) | Viol_Exist(max=2.00, mean=1.0021) | Mu_O(max=39.4) Mu_E(max=39.4) | Lam_O(max=127.91) Lam_E(max=255.82)

[Projection Start] Batch: 205, Constraints: 33
  [Outer 01/15] Loss (KL=0.0003, Const=1069.7791) | Viol_Order(max=2.00, mean=0.0429) | Viol_Exist(max=2.00, mean=1.0030) | Mu_O(max=1.0) Mu_E(max=1.0) | Lam_O(max=0.00) Lam_E(max=0.00)
  [Outer 10/15] Loss (KL=14.0214, Const=46990.0000) | Viol_Order(max=2.00, mean=0.0341) | Viol_Exist(max=2.00, mean=1.0124) | Mu_O(max=10.6) Mu_E(max=10.6) | Lam_O(max=41.06) Lam_E(max=64.03)
  [Outer 15/15] Loss (KL=23.4298, Const=141177.4062) | Viol_Order(max=2.00, mean=0.0455) | Viol_Exist(max=2.00, mean=1.0024) | Mu_O(max=39.4) Mu_E(max=39.4) | Lam_O(max=127.91) Lam_E(max=255.82)

[Projection Start] Batch: 205, Constraints: 33
  [Outer 01/15] Loss (KL=0.0003, Const=1088.2249) | Viol_Order(max=2.00, mean=0.0455) | Viol_Exist(max=2.00, mean=1.0069) | Mu_O(max=1.0) Mu_E(max=1.0) | Lam_O(max=0.00) Lam_E(max=0.00)
  [Outer 10/15] Loss (KL=13.0146, Const=47562.2031) | Viol_Order(max=1.00, mean=0.0344) | Viol_Exist(max=2.00, mean=1.0152) | Mu_O(max=10.6) Mu_E(max=10.6) | Lam_O(max=32.01) Lam_E(max=64.03)
  [Outer 15/15] Loss (KL=24.6407, Const=138150.0625) | Viol_Order(max=1.00, mean=0.0436) | Viol_Exist(max=2.00, mean=1.0030) | Mu_O(max=39.4) Mu_E(max=39.4) | Lam_O(max=127.91) Lam_E(max=255.82)

[Projection Start] Batch: 205, Constraints: 33
  [Outer 01/15] Loss (KL=0.0005, Const=1080.3658) | Viol_Order(max=2.00, mean=0.0451) | Viol_Exist(max=2.00, mean=1.0049) | Mu_O(max=1.0) Mu_E(max=1.0) | Lam_O(max=0.00) Lam_E(max=0.00)
  [Outer 10/15] Loss (KL=14.1444, Const=46774.3281) | Viol_Order(max=2.00, mean=0.0365) | Viol_Exist(max=2.00, mean=1.0127) | Mu_O(max=10.6) Mu_E(max=10.6) | Lam_O(max=32.01) Lam_E(max=64.03)
  [Outer 15/15] Loss (KL=23.8006, Const=138657.4688) | Viol_Order(max=1.00, mean=0.0433) | Viol_Exist(max=2.00, mean=1.0022) | Mu_O(max=39.4) Mu_E(max=39.4) | Lam_O(max=127.91) Lam_E(max=255.82)

[Projection Start] Batch: 205, Constraints: 33
  [Outer 01/15] Loss (KL=0.0002, Const=1081.5740) | Viol_Order(max=2.00, mean=0.0446) | Viol_Exist(max=2.00, mean=1.0031) | Mu_O(max=1.0) Mu_E(max=1.0) | Lam_O(max=0.00) Lam_E(max=0.00)
  [Outer 10/15] Loss (KL=13.8097, Const=47634.3984) | Viol_Order(max=2.00, mean=0.0389) | Viol_Exist(max=2.00, mean=1.0142) | Mu_O(max=10.6) Mu_E(max=10.6) | Lam_O(max=32.01) Lam_E(max=64.03)
  [Outer 15/15] Loss (KL=23.0353, Const=141068.1719) | Viol_Order(max=2.00, mean=0.0420) | Viol_Exist(max=2.00, mean=1.0022) | Mu_O(max=39.4) Mu_E(max=39.4) | Lam_O(max=127.91) Lam_E(max=255.82)

[Projection Start] Batch: 205, Constraints: 33
  [Outer 01/15] Loss (KL=0.0002, Const=1059.2163) | Viol_Order(max=2.00, mean=0.0426) | Viol_Exist(max=2.00, mean=1.0015) | Mu_O(max=1.0) Mu_E(max=1.0) | Lam_O(max=0.00) Lam_E(max=0.00)
  [Outer 10/15] Loss (KL=13.6045, Const=46314.1016) | Viol_Order(max=1.00, mean=0.0404) | Viol_Exist(max=2.00, mean=1.0118) | Mu_O(max=10.6) Mu_E(max=10.6) | Lam_O(max=32.01) Lam_E(max=64.03)
  [Outer 15/15] Loss (KL=22.7136, Const=140131.2969) | Viol_Order(max=1.00, mean=0.0429) | Viol_Exist(max=2.00, mean=1.0007) | Mu_O(max=39.4) Mu_E(max=39.4) | Lam_O(max=127.91) Lam_E(max=255.82)

[Projection Start] Batch: 205, Constraints: 33
  [Outer 01/15] Loss (KL=0.0001, Const=1064.0851) | Viol_Order(max=1.00, mean=0.0439) | Viol_Exist(max=2.00, mean=1.0013) | Mu_O(max=1.0) Mu_E(max=1.0) | Lam_O(max=0.00) Lam_E(max=0.00)
  [Outer 10/15] Loss (KL=14.3058, Const=46484.2031) | Viol_Order(max=2.00, mean=0.0402) | Viol_Exist(max=2.00, mean=1.0114) | Mu_O(max=10.6) Mu_E(max=10.6) | Lam_O(max=32.01) Lam_E(max=64.03)
  [Outer 15/15] Loss (KL=24.0452, Const=139323.8438) | Viol_Order(max=1.00, mean=0.0426) | Viol_Exist(max=2.00, mean=1.0013) | Mu_O(max=39.4) Mu_E(max=39.4) | Lam_O(max=127.91) Lam_E(max=255.82)

[Projection Start] Batch: 205, Constraints: 33
  [Outer 01/15] Loss (KL=0.0020, Const=1072.3787) | Viol_Order(max=1.00, mean=0.0427) | Viol_Exist(max=2.00, mean=1.0033) | Mu_O(max=1.0) Mu_E(max=1.0) | Lam_O(max=0.00) Lam_E(max=0.00)
  [Outer 10/15] Loss (KL=13.9815, Const=46202.7227) | Viol_Order(max=2.00, mean=0.0359) | Viol_Exist(max=2.00, mean=1.0105) | Mu_O(max=10.6) Mu_E(max=10.6) | Lam_O(max=32.01) Lam_E(max=64.03)
  [Outer 15/15] Loss (KL=23.8224, Const=137102.9062) | Viol_Order(max=1.00, mean=0.0408) | Viol_Exist(max=2.00, mean=1.0009) | Mu_O(max=39.4) Mu_E(max=39.4) | Lam_O(max=127.91) Lam_E(max=255.82)

[Projection Start] Batch: 205, Constraints: 33
  [Outer 01/15] Loss (KL=0.0001, Const=1050.2900) | Viol_Order(max=2.00, mean=0.0418) | Viol_Exist(max=2.00, mean=0.9997) | Mu_O(max=1.0) Mu_E(max=1.0) | Lam_O(max=0.00) Lam_E(max=0.00)
  [Outer 10/15] Loss (KL=14.1575, Const=46802.2227) | Viol_Order(max=2.00, mean=0.0341) | Viol_Exist(max=2.00, mean=1.0130) | Mu_O(max=10.6) Mu_E(max=10.6) | Lam_O(max=32.01) Lam_E(max=64.03)
  [Outer 15/15] Loss (KL=23.2108, Const=138123.0000) | Viol_Order(max=1.00, mean=0.0417) | Viol_Exist(max=2.00, mean=0.9979) | Mu_O(max=39.4) Mu_E(max=39.4) | Lam_O(max=127.91) Lam_E(max=255.82)

[Projection Start] Batch: 205, Constraints: 33
  [Outer 01/15] Loss (KL=0.0009, Const=1055.7611) | Viol_Order(max=2.00, mean=0.0426) | Viol_Exist(max=2.00, mean=0.9999) | Mu_O(max=1.0) Mu_E(max=1.0) | Lam_O(max=0.00) Lam_E(max=0.00)
  [Outer 10/15] Loss (KL=13.1441, Const=48080.6562) | Viol_Order(max=2.00, mean=0.0306) | Viol_Exist(max=2.00, mean=1.0142) | Mu_O(max=10.6) Mu_E(max=10.6) | Lam_O(max=32.01) Lam_E(max=64.03)
  [Outer 15/15] Loss (KL=24.4422, Const=138215.5625) | Viol_Order(max=2.00, mean=0.0412) | Viol_Exist(max=2.00, mean=1.0031) | Mu_O(max=39.4) Mu_E(max=39.4) | Lam_O(max=127.91) Lam_E(max=255.82)

[Projection Start] Batch: 205, Constraints: 33
  [Outer 01/15] Loss (KL=0.0011, Const=1069.2465) | Viol_Order(max=2.00, mean=0.0417) | Viol_Exist(max=2.00, mean=1.0037) | Mu_O(max=1.0) Mu_E(max=1.0) | Lam_O(max=0.00) Lam_E(max=0.00)
  [Outer 10/15] Loss (KL=14.3248, Const=46237.9766) | Viol_Order(max=2.00, mean=0.0368) | Viol_Exist(max=2.00, mean=1.0112) | Mu_O(max=10.6) Mu_E(max=10.6) | Lam_O(max=32.01) Lam_E(max=64.03)
  [Outer 15/15] Loss (KL=24.6754, Const=134043.2656) | Viol_Order(max=2.00, mean=0.0430) | Viol_Exist(max=2.00, mean=1.0030) | Mu_O(max=39.4) Mu_E(max=39.4) | Lam_O(max=127.91) Lam_E(max=255.82)

[Projection Start] Batch: 205, Constraints: 33
  [Outer 01/15] Loss (KL=0.0012, Const=1073.4236) | Viol_Order(max=2.00, mean=0.0438) | Viol_Exist(max=2.00, mean=1.0047) | Mu_O(max=1.0) Mu_E(max=1.0) | Lam_O(max=0.00) Lam_E(max=0.00)
  [Outer 10/15] Loss (KL=14.2405, Const=46162.7695) | Viol_Order(max=2.00, mean=0.0399) | Viol_Exist(max=2.00, mean=1.0133) | Mu_O(max=10.6) Mu_E(max=10.6) | Lam_O(max=32.01) Lam_E(max=64.03)
  [Outer 15/15] Loss (KL=24.1219, Const=135767.2500) | Viol_Order(max=1.00, mean=0.0396) | Viol_Exist(max=2.00, mean=1.0059) | Mu_O(max=39.4) Mu_E(max=39.4) | Lam_O(max=127.91) Lam_E(max=255.82)

[Projection Start] Batch: 205, Constraints: 33
  [Outer 01/15] Loss (KL=0.0004, Const=1074.0469) | Viol_Order(max=2.00, mean=0.0414) | Viol_Exist(max=2.00, mean=1.0064) | Mu_O(max=1.0) Mu_E(max=1.0) | Lam_O(max=0.00) Lam_E(max=0.00)
  [Outer 10/15] Loss (KL=14.1217, Const=46084.0000) | Viol_Order(max=2.00, mean=0.0370) | Viol_Exist(max=2.00, mean=1.0118) | Mu_O(max=10.6) Mu_E(max=10.6) | Lam_O(max=32.01) Lam_E(max=64.03)
  [Outer 15/15] Loss (KL=24.9777, Const=137175.7188) | Viol_Order(max=2.00, mean=0.0409) | Viol_Exist(max=2.00, mean=1.0031) | Mu_O(max=39.4) Mu_E(max=39.4) | Lam_O(max=127.91) Lam_E(max=255.82)

[Projection Start] Batch: 205, Constraints: 33
  [Outer 01/15] Loss (KL=0.0003, Const=1058.9293) | Viol_Order(max=2.00, mean=0.0404) | Viol_Exist(max=2.00, mean=1.0050) | Mu_O(max=1.0) Mu_E(max=1.0) | Lam_O(max=0.00) Lam_E(max=0.00)
  [Outer 10/15] Loss (KL=14.5639, Const=44753.0234) | Viol_Order(max=1.00, mean=0.0387) | Viol_Exist(max=2.00, mean=1.0058) | Mu_O(max=10.6) Mu_E(max=10.6) | Lam_O(max=32.01) Lam_E(max=64.03)
  [Outer 15/15] Loss (KL=23.0384, Const=135034.0312) | Viol_Order(max=2.00, mean=0.0374) | Viol_Exist(max=2.00, mean=1.0034) | Mu_O(max=39.4) Mu_E(max=39.4) | Lam_O(max=127.91) Lam_E(max=255.82)

[Projection Start] Batch: 205, Constraints: 33
  [Outer 01/15] Loss (KL=0.0005, Const=1063.7102) | Viol_Order(max=2.00, mean=0.0383) | Viol_Exist(max=2.00, mean=1.0052) | Mu_O(max=1.0) Mu_E(max=1.0) | Lam_O(max=0.00) Lam_E(max=0.00)
  [Outer 10/15] Loss (KL=13.6556, Const=47400.1406) | Viol_Order(max=1.00, mean=0.0316) | Viol_Exist(max=2.00, mean=1.0127) | Mu_O(max=10.6) Mu_E(max=10.6) | Lam_O(max=32.90) Lam_E(max=64.03)
  [Outer 15/15] Loss (KL=23.7861, Const=139624.9531) | Viol_Order(max=1.00, mean=0.0430) | Viol_Exist(max=2.00, mean=1.0047) | Mu_O(max=39.4) Mu_E(max=39.4) | Lam_O(max=127.91) Lam_E(max=255.82)

[Projection Start] Batch: 205, Constraints: 33
  [Outer 01/15] Loss (KL=0.0016, Const=1085.1200) | Viol_Order(max=2.00, mean=0.0436) | Viol_Exist(max=2.00, mean=1.0089) | Mu_O(max=1.0) Mu_E(max=1.0) | Lam_O(max=0.00) Lam_E(max=0.00)
  [Outer 10/15] Loss (KL=14.3820, Const=46703.3750) | Viol_Order(max=1.00, mean=0.0341) | Viol_Exist(max=2.00, mean=1.0068) | Mu_O(max=10.6) Mu_E(max=10.6) | Lam_O(max=32.01) Lam_E(max=64.03)
  [Outer 15/15] Loss (KL=24.5651, Const=137841.6250) | Viol_Order(max=2.00, mean=0.0432) | Viol_Exist(max=2.00, mean=1.0038) | Mu_O(max=39.4) Mu_E(max=39.4) | Lam_O(max=127.91) Lam_E(max=255.82)

[Projection Start] Batch: 205, Constraints: 33
  [Outer 01/15] Loss (KL=0.0011, Const=1080.2739) | Viol_Order(max=2.00, mean=0.0433) | Viol_Exist(max=2.00, mean=1.0069) | Mu_O(max=1.0) Mu_E(max=1.0) | Lam_O(max=0.00) Lam_E(max=0.00)
  [Outer 10/15] Loss (KL=14.6673, Const=46113.5781) | Viol_Order(max=2.00, mean=0.0373) | Viol_Exist(max=2.00, mean=1.0127) | Mu_O(max=10.6) Mu_E(max=10.6) | Lam_O(max=32.01) Lam_E(max=64.03)
  [Outer 15/15] Loss (KL=24.9449, Const=134128.5938) | Viol_Order(max=2.00, mean=0.0393) | Viol_Exist(max=2.00, mean=1.0055) | Mu_O(max=39.4) Mu_E(max=39.4) | Lam_O(max=127.91) Lam_E(max=255.82)

[Projection Start] Batch: 205, Constraints: 33
  [Outer 01/15] Loss (KL=0.0011, Const=1054.9302) | Viol_Order(max=2.00, mean=0.0395) | Viol_Exist(max=2.00, mean=1.0053) | Mu_O(max=1.0) Mu_E(max=1.0) | Lam_O(max=0.00) Lam_E(max=0.00)
  [Outer 10/15] Loss (KL=13.9684, Const=46622.6016) | Viol_Order(max=2.00, mean=0.0362) | Viol_Exist(max=2.00, mean=1.0115) | Mu_O(max=10.6) Mu_E(max=10.6) | Lam_O(max=32.01) Lam_E(max=64.03)
  [Outer 15/15] Loss (KL=24.5203, Const=133203.5000) | Viol_Order(max=2.00, mean=0.0421) | Viol_Exist(max=2.00, mean=1.0056) | Mu_O(max=39.4) Mu_E(max=39.4) | Lam_O(max=127.91) Lam_E(max=255.82)

[Projection Start] Batch: 205, Constraints: 33
  [Outer 01/15] Loss (KL=0.0002, Const=1074.6926) | Viol_Order(max=1.00, mean=0.0432) | Viol_Exist(max=2.00, mean=1.0065) | Mu_O(max=1.0) Mu_E(max=1.0) | Lam_O(max=0.00) Lam_E(max=0.00)
  [Outer 10/15] Loss (KL=15.0907, Const=44203.2969) | Viol_Order(max=2.00, mean=0.0375) | Viol_Exist(max=2.00, mean=1.0120) | Mu_O(max=10.6) Mu_E(max=10.6) | Lam_O(max=32.01) Lam_E(max=64.03)
  [Outer 15/15] Loss (KL=24.6302, Const=132281.6562) | Viol_Order(max=2.00, mean=0.0414) | Viol_Exist(max=2.00, mean=1.0064) | Mu_O(max=39.4) Mu_E(max=39.4) | Lam_O(max=127.91) Lam_E(max=255.82)

[Projection Start] Batch: 205, Constraints: 33
  [Outer 01/15] Loss (KL=0.0004, Const=1076.9285) | Viol_Order(max=1.00, mean=0.0417) | Viol_Exist(max=2.00, mean=1.0049) | Mu_O(max=1.0) Mu_E(max=1.0) | Lam_O(max=0.00) Lam_E(max=0.00)
  [Outer 10/15] Loss (KL=14.9082, Const=45865.4414) | Viol_Order(max=2.00, mean=0.0364) | Viol_Exist(max=2.00, mean=1.0188) | Mu_O(max=10.6) Mu_E(max=10.6) | Lam_O(max=32.01) Lam_E(max=64.03)
  [Outer 15/15] Loss (KL=25.9196, Const=133643.3438) | Viol_Order(max=2.00, mean=0.0472) | Viol_Exist(max=2.00, mean=1.0031) | Mu_O(max=39.4) Mu_E(max=39.4) | Lam_O(max=127.91) Lam_E(max=255.82)

[Projection Start] Batch: 205, Constraints: 33
  [Outer 01/15] Loss (KL=0.0004, Const=1082.4526) | Viol_Order(max=3.00, mean=0.0469) | Viol_Exist(max=2.00, mean=1.0055) | Mu_O(max=1.0) Mu_E(max=1.0) | Lam_O(max=0.00) Lam_E(max=0.00)
  [Outer 10/15] Loss (KL=15.5043, Const=45481.8633) | Viol_Order(max=2.00, mean=0.0341) | Viol_Exist(max=2.00, mean=1.0179) | Mu_O(max=10.6) Mu_E(max=10.6) | Lam_O(max=32.01) Lam_E(max=64.03)
  [Outer 15/15] Loss (KL=25.0901, Const=133466.4688) | Viol_Order(max=2.00, mean=0.0386) | Viol_Exist(max=2.00, mean=1.0047) | Mu_O(max=39.4) Mu_E(max=39.4) | Lam_O(max=127.91) Lam_E(max=255.82)

[Projection Start] Batch: 205, Constraints: 33
  [Outer 01/15] Loss (KL=0.0004, Const=1074.3431) | Viol_Order(max=2.00, mean=0.0396) | Viol_Exist(max=2.00, mean=1.0068) | Mu_O(max=1.0) Mu_E(max=1.0) | Lam_O(max=0.00) Lam_E(max=0.00)
  [Outer 10/15] Loss (KL=14.8191, Const=44977.6758) | Viol_Order(max=2.00, mean=0.0344) | Viol_Exist(max=2.00, mean=1.0157) | Mu_O(max=10.6) Mu_E(max=10.6) | Lam_O(max=32.01) Lam_E(max=64.03)
  [Outer 15/15] Loss (KL=23.5725, Const=132820.4688) | Viol_Order(max=1.00, mean=0.0426) | Viol_Exist(max=2.00, mean=1.0027) | Mu_O(max=39.4) Mu_E(max=39.4) | Lam_O(max=127.91) Lam_E(max=255.82)

[Projection Start] Batch: 205, Constraints: 33
  [Outer 01/15] Loss (KL=0.0012, Const=1074.4612) | Viol_Order(max=1.00, mean=0.0423) | Viol_Exist(max=2.00, mean=1.0038) | Mu_O(max=1.0) Mu_E(max=1.0) | Lam_O(max=0.00) Lam_E(max=0.00)
  [Outer 10/15] Loss (KL=14.2869, Const=45192.3555) | Viol_Order(max=2.00, mean=0.0402) | Viol_Exist(max=2.00, mean=1.0075) | Mu_O(max=10.6) Mu_E(max=10.6) | Lam_O(max=38.29) Lam_E(max=64.03)
  [Outer 15/15] Loss (KL=24.6256, Const=131508.0156) | Viol_Order(max=2.00, mean=0.0392) | Viol_Exist(max=2.00, mean=1.0035) | Mu_O(max=39.4) Mu_E(max=39.4) | Lam_O(max=134.19) Lam_E(max=255.82)

[Projection Start] Batch: 205, Constraints: 33
  [Outer 01/15] Loss (KL=0.0005, Const=1064.6583) | Viol_Order(max=2.00, mean=0.0398) | Viol_Exist(max=2.00, mean=1.0043) | Mu_O(max=1.0) Mu_E(max=1.0) | Lam_O(max=0.00) Lam_E(max=0.00)
  [Outer 10/15] Loss (KL=14.5823, Const=44756.8438) | Viol_Order(max=2.00, mean=0.0355) | Viol_Exist(max=2.00, mean=1.0121) | Mu_O(max=10.6) Mu_E(max=10.6) | Lam_O(max=32.01) Lam_E(max=64.03)
  [Outer 15/15] Loss (KL=24.4851, Const=132994.9219) | Viol_Order(max=1.00, mean=0.0398) | Viol_Exist(max=2.00, mean=1.0031) | Mu_O(max=39.4) Mu_E(max=39.4) | Lam_O(max=127.91) Lam_E(max=255.82)

[Projection Start] Batch: 205, Constraints: 33
  [Outer 01/15] Loss (KL=0.0006, Const=1060.8408) | Viol_Order(max=2.00, mean=0.0414) | Viol_Exist(max=2.00, mean=1.0031) | Mu_O(max=1.0) Mu_E(max=1.0) | Lam_O(max=0.00) Lam_E(max=0.00)
  [Outer 10/15] Loss (KL=14.9776, Const=45438.2500) | Viol_Order(max=2.00, mean=0.0386) | Viol_Exist(max=2.00, mean=1.0120) | Mu_O(max=10.6) Mu_E(max=10.6) | Lam_O(max=32.01) Lam_E(max=64.03)
  [Outer 15/15] Loss (KL=23.9354, Const=134835.5781) | Viol_Order(max=1.00, mean=0.0389) | Viol_Exist(max=2.00, mean=1.0052) | Mu_O(max=39.4) Mu_E(max=39.4) | Lam_O(max=127.91) Lam_E(max=255.82)

[Projection Start] Batch: 205, Constraints: 33
  [Outer 01/15] Loss (KL=0.0010, Const=1073.7849) | Viol_Order(max=1.00, mean=0.0393) | Viol_Exist(max=2.00, mean=1.0093) | Mu_O(max=1.0) Mu_E(max=1.0) | Lam_O(max=0.00) Lam_E(max=0.00)
  [Outer 10/15] Loss (KL=14.5884, Const=45004.3164) | Viol_Order(max=2.00, mean=0.0299) | Viol_Exist(max=2.00, mean=1.0173) | Mu_O(max=10.6) Mu_E(max=10.6) | Lam_O(max=32.01) Lam_E(max=64.03)
  [Outer 15/15] Loss (KL=22.7739, Const=135401.3438) | Viol_Order(max=1.00, mean=0.0371) | Viol_Exist(max=2.00, mean=1.0075) | Mu_O(max=39.4) Mu_E(max=39.4) | Lam_O(max=127.91) Lam_E(max=255.82)

[Projection Start] Batch: 205, Constraints: 33
  [Outer 01/15] Loss (KL=0.0003, Const=1065.9573) | Viol_Order(max=1.00, mean=0.0384) | Viol_Exist(max=2.00, mean=1.0090) | Mu_O(max=1.0) Mu_E(max=1.0) | Lam_O(max=0.00) Lam_E(max=0.00)
  [Outer 10/15] Loss (KL=14.5018, Const=44984.4453) | Viol_Order(max=2.00, mean=0.0365) | Viol_Exist(max=2.00, mean=1.0106) | Mu_O(max=10.6) Mu_E(max=10.6) | Lam_O(max=32.01) Lam_E(max=64.03)
  [Outer 15/15] Loss (KL=24.1520, Const=134242.7500) | Viol_Order(max=1.00, mean=0.0395) | Viol_Exist(max=2.00, mean=1.0040) | Mu_O(max=39.4) Mu_E(max=39.4) | Lam_O(max=127.91) Lam_E(max=255.82)

[Projection Start] Batch: 205, Constraints: 33
  [Outer 01/15] Loss (KL=0.0010, Const=1078.0632) | Viol_Order(max=1.00, mean=0.0395) | Viol_Exist(max=2.00, mean=1.0086) | Mu_O(max=1.0) Mu_E(max=1.0) | Lam_O(max=0.00) Lam_E(max=0.00)
  [Outer 10/15] Loss (KL=14.7951, Const=45037.8906) | Viol_Order(max=2.00, mean=0.0331) | Viol_Exist(max=2.00, mean=1.0083) | Mu_O(max=10.6) Mu_E(max=10.6) | Lam_O(max=32.01) Lam_E(max=64.03)
  [Outer 15/15] Loss (KL=25.1546, Const=133500.4375) | Viol_Order(max=2.00, mean=0.0386) | Viol_Exist(max=2.00, mean=1.0012) | Mu_O(max=39.4) Mu_E(max=39.4) | Lam_O(max=127.91) Lam_E(max=255.82)

[Projection Start] Batch: 205, Constraints: 33
  [Outer 01/15] Loss (KL=0.0010, Const=1062.9031) | Viol_Order(max=2.00, mean=0.0399) | Viol_Exist(max=2.00, mean=1.0028) | Mu_O(max=1.0) Mu_E(max=1.0) | Lam_O(max=0.00) Lam_E(max=0.00)
  [Outer 10/15] Loss (KL=15.1123, Const=44202.6484) | Viol_Order(max=2.00, mean=0.0346) | Viol_Exist(max=2.00, mean=1.0143) | Mu_O(max=10.6) Mu_E(max=10.6) | Lam_O(max=32.01) Lam_E(max=64.03)
  [Outer 15/15] Loss (KL=25.0570, Const=129446.0781) | Viol_Order(max=1.00, mean=0.0402) | Viol_Exist(max=2.00, mean=1.0007) | Mu_O(max=39.4) Mu_E(max=39.4) | Lam_O(max=127.91) Lam_E(max=255.82)

[Projection Start] Batch: 205, Constraints: 33
  [Outer 01/15] Loss (KL=0.0004, Const=1053.8605) | Viol_Order(max=2.00, mean=0.0392) | Viol_Exist(max=2.00, mean=1.0058) | Mu_O(max=1.0) Mu_E(max=1.0) | Lam_O(max=0.00) Lam_E(max=0.00)
  [Outer 10/15] Loss (KL=15.7312, Const=44402.9453) | Viol_Order(max=2.00, mean=0.0310) | Viol_Exist(max=2.00, mean=1.0158) | Mu_O(max=10.6) Mu_E(max=10.6) | Lam_O(max=32.01) Lam_E(max=64.03)
  [Outer 15/15] Loss (KL=24.7780, Const=131031.7266) | Viol_Order(max=1.00, mean=0.0409) | Viol_Exist(max=2.00, mean=1.0013) | Mu_O(max=39.4) Mu_E(max=39.4) | Lam_O(max=127.91) Lam_E(max=255.82)

[Projection Start] Batch: 205, Constraints: 33
  [Outer 01/15] Loss (KL=0.0007, Const=1065.5903) | Viol_Order(max=2.00, mean=0.0414) | Viol_Exist(max=2.00, mean=1.0038) | Mu_O(max=1.0) Mu_E(max=1.0) | Lam_O(max=0.00) Lam_E(max=0.00)
  [Outer 10/15] Loss (KL=14.7421, Const=45309.6406) | Viol_Order(max=2.00, mean=0.0390) | Viol_Exist(max=2.00, mean=1.0065) | Mu_O(max=10.6) Mu_E(max=10.6) | Lam_O(max=32.01) Lam_E(max=64.03)
  [Outer 15/15] Loss (KL=25.2774, Const=130064.0078) | Viol_Order(max=2.00, mean=0.0367) | Viol_Exist(max=2.00, mean=1.0053) | Mu_O(max=39.4) Mu_E(max=39.4) | Lam_O(max=127.91) Lam_E(max=255.82)

[Projection Start] Batch: 205, Constraints: 33
  [Outer 01/15] Loss (KL=0.0003, Const=1059.1536) | Viol_Order(max=2.00, mean=0.0381) | Viol_Exist(max=2.00, mean=1.0061) | Mu_O(max=1.0) Mu_E(max=1.0) | Lam_O(max=0.00) Lam_E(max=0.00)
  [Outer 10/15] Loss (KL=15.7485, Const=43888.4727) | Viol_Order(max=2.00, mean=0.0349) | Viol_Exist(max=2.00, mean=1.0106) | Mu_O(max=10.6) Mu_E(max=10.6) | Lam_O(max=41.06) Lam_E(max=64.03)
  [Outer 15/15] Loss (KL=23.1534, Const=131148.0469) | Viol_Order(max=2.00, mean=0.0426) | Viol_Exist(max=2.00, mean=1.0022) | Mu_O(max=39.4) Mu_E(max=39.4) | Lam_O(max=127.91) Lam_E(max=255.82)

[Projection Start] Batch: 205, Constraints: 33
  [Outer 01/15] Loss (KL=0.0016, Const=1040.6013) | Viol_Order(max=2.00, mean=0.0436) | Viol_Exist(max=2.00, mean=1.0009) | Mu_O(max=1.0) Mu_E(max=1.0) | Lam_O(max=0.00) Lam_E(max=0.00)
  [Outer 10/15] Loss (KL=15.2668, Const=44043.4453) | Viol_Order(max=2.00, mean=0.0343) | Viol_Exist(max=2.00, mean=1.0106) | Mu_O(max=10.6) Mu_E(max=10.6) | Lam_O(max=32.01) Lam_E(max=64.03)
  [Outer 15/15] Loss (KL=23.9727, Const=131992.0625) | Viol_Order(max=2.00, mean=0.0407) | Viol_Exist(max=2.00, mean=1.0064) | Mu_O(max=39.4) Mu_E(max=39.4) | Lam_O(max=127.91) Lam_E(max=255.82)

[Projection Start] Batch: 205, Constraints: 33
  [Outer 01/15] Loss (KL=0.0005, Const=1078.2151) | Viol_Order(max=2.00, mean=0.0421) | Viol_Exist(max=2.00, mean=1.0077) | Mu_O(max=1.0) Mu_E(max=1.0) | Lam_O(max=0.00) Lam_E(max=0.00)
  [Outer 10/15] Loss (KL=15.8364, Const=43402.3047) | Viol_Order(max=2.00, mean=0.0414) | Viol_Exist(max=2.00, mean=1.0083) | Mu_O(max=10.6) Mu_E(max=10.6) | Lam_O(max=32.01) Lam_E(max=64.03)
  [Outer 15/15] Loss (KL=24.5130, Const=129848.0547) | Viol_Order(max=1.00, mean=0.0452) | Viol_Exist(max=2.00, mean=1.0041) | Mu_O(max=39.4) Mu_E(max=39.4) | Lam_O(max=127.91) Lam_E(max=255.82)

[Projection Start] Batch: 205, Constraints: 33
  [Outer 01/15] Loss (KL=0.0006, Const=1069.4908) | Viol_Order(max=2.00, mean=0.0461) | Viol_Exist(max=2.00, mean=1.0038) | Mu_O(max=1.0) Mu_E(max=1.0) | Lam_O(max=0.00) Lam_E(max=0.00)
  [Outer 10/15] Loss (KL=15.2480, Const=44280.7617) | Viol_Order(max=2.00, mean=0.0365) | Viol_Exist(max=2.00, mean=1.0132) | Mu_O(max=10.6) Mu_E(max=10.6) | Lam_O(max=40.83) Lam_E(max=64.03)
  [Outer 15/15] Loss (KL=24.7761, Const=132053.9375) | Viol_Order(max=2.00, mean=0.0432) | Viol_Exist(max=2.00, mean=1.0040) | Mu_O(max=39.4) Mu_E(max=39.4) | Lam_O(max=127.91) Lam_E(max=255.82)

[Projection Start] Batch: 205, Constraints: 33
  [Outer 01/15] Loss (KL=0.0005, Const=1078.3201) | Viol_Order(max=2.00, mean=0.0436) | Viol_Exist(max=2.00, mean=1.0081) | Mu_O(max=1.0) Mu_E(max=1.0) | Lam_O(max=0.00) Lam_E(max=0.00)
  [Outer 10/15] Loss (KL=15.4784, Const=45164.3867) | Viol_Order(max=1.00, mean=0.0339) | Viol_Exist(max=2.00, mean=1.0145) | Mu_O(max=10.6) Mu_E(max=10.6) | Lam_O(max=32.01) Lam_E(max=64.03)
  [Outer 15/15] Loss (KL=25.8597, Const=130224.2500) | Viol_Order(max=2.00, mean=0.0460) | Viol_Exist(max=2.00, mean=1.0037) | Mu_O(max=39.4) Mu_E(max=39.4) | Lam_O(max=127.91) Lam_E(max=255.82)

[Projection Start] Batch: 205, Constraints: 33
  [Outer 01/15] Loss (KL=0.0003, Const=1070.4624) | Viol_Order(max=2.00, mean=0.0483) | Viol_Exist(max=2.00, mean=1.0050) | Mu_O(max=1.0) Mu_E(max=1.0) | Lam_O(max=0.00) Lam_E(max=0.00)
  [Outer 10/15] Loss (KL=15.3734, Const=43756.9922) | Viol_Order(max=2.00, mean=0.0374) | Viol_Exist(max=2.00, mean=1.0092) | Mu_O(max=10.6) Mu_E(max=10.6) | Lam_O(max=32.01) Lam_E(max=64.03)
  [Outer 15/15] Loss (KL=24.2008, Const=131538.9375) | Viol_Order(max=2.00, mean=0.0421) | Viol_Exist(max=2.00, mean=1.0030) | Mu_O(max=39.4) Mu_E(max=39.4) | Lam_O(max=127.91) Lam_E(max=255.82)

[Projection Start] Batch: 205, Constraints: 33
  [Outer 01/15] Loss (KL=0.0007, Const=1068.4854) | Viol_Order(max=2.00, mean=0.0429) | Viol_Exist(max=2.00, mean=1.0053) | Mu_O(max=1.0) Mu_E(max=1.0) | Lam_O(max=0.00) Lam_E(max=0.00)
  [Outer 10/15] Loss (KL=15.0054, Const=44346.9766) | Viol_Order(max=2.00, mean=0.0381) | Viol_Exist(max=2.00, mean=1.0109) | Mu_O(max=10.6) Mu_E(max=10.6) | Lam_O(max=32.01) Lam_E(max=64.03)
  [Outer 15/15] Loss (KL=24.6638, Const=133152.6875) | Viol_Order(max=1.00, mean=0.0424) | Viol_Exist(max=2.00, mean=1.0065) | Mu_O(max=39.4) Mu_E(max=39.4) | Lam_O(max=127.91) Lam_E(max=255.82)

[Projection Start] Batch: 205, Constraints: 33
  [Outer 01/15] Loss (KL=0.0007, Const=1060.3182) | Viol_Order(max=1.00, mean=0.0432) | Viol_Exist(max=2.00, mean=1.0041) | Mu_O(max=1.0) Mu_E(max=1.0) | Lam_O(max=0.00) Lam_E(max=0.00)
  [Outer 10/15] Loss (KL=15.5913, Const=43359.6836) | Viol_Order(max=2.00, mean=0.0384) | Viol_Exist(max=2.00, mean=1.0127) | Mu_O(max=10.6) Mu_E(max=10.6) | Lam_O(max=32.01) Lam_E(max=64.03)
  [Outer 15/15] Loss (KL=24.7630, Const=129406.9062) | Viol_Order(max=2.00, mean=0.0396) | Viol_Exist(max=2.00, mean=1.0077) | Mu_O(max=39.4) Mu_E(max=39.4) | Lam_O(max=127.91) Lam_E(max=255.82)

[Projection Start] Batch: 205, Constraints: 33
  [Outer 01/15] Loss (KL=0.0009, Const=1074.3425) | Viol_Order(max=2.00, mean=0.0396) | Viol_Exist(max=2.00, mean=1.0093) | Mu_O(max=1.0) Mu_E(max=1.0) | Lam_O(max=0.00) Lam_E(max=0.00)
  [Outer 10/15] Loss (KL=14.9124, Const=44693.0391) | Viol_Order(max=2.00, mean=0.0341) | Viol_Exist(max=2.00, mean=1.0182) | Mu_O(max=10.6) Mu_E(max=10.6) | Lam_O(max=32.01) Lam_E(max=64.03)
  [Outer 15/15] Loss (KL=25.3863, Const=131377.9688) | Viol_Order(max=2.00, mean=0.0401) | Viol_Exist(max=2.00, mean=1.0052) | Mu_O(max=39.4) Mu_E(max=39.4) | Lam_O(max=127.91) Lam_E(max=255.82)

[Projection Start] Batch: 205, Constraints: 33
  [Outer 01/15] Loss (KL=0.0009, Const=1039.9403) | Viol_Order(max=1.00, mean=0.0398) | Viol_Exist(max=2.00, mean=1.0046) | Mu_O(max=1.0) Mu_E(max=1.0) | Lam_O(max=0.00) Lam_E(max=0.00)
  [Outer 10/15] Loss (KL=15.4050, Const=41097.5938) | Viol_Order(max=2.00, mean=0.0396) | Viol_Exist(max=2.00, mean=1.0041) | Mu_O(max=10.6) Mu_E(max=10.6) | Lam_O(max=32.01) Lam_E(max=64.03)
  [Outer 15/15] Loss (KL=24.0261, Const=122401.9688) | Viol_Order(max=2.00, mean=0.0355) | Viol_Exist(max=2.00, mean=1.0158) | Mu_O(max=39.4) Mu_E(max=39.4) | Lam_O(max=127.91) Lam_E(max=255.82)
[DEBUG][shape] time torch.Size([205, 12])
[DEBUG][shape] mask torch.Size([205, 12])
[DEBUG][shape] tau  torch.Size([205, 12])
[DEBUG][shape] cond1 torch.Size([205, 12])
[DEBUG][shape] unpadded_length torch.Size([205]) 11
[DEBUG][shape] content_token torch.Size([205, 25])
[GPU 1] Saved part file to ./data/Istanbul_PO1_OOD/Istanbul_PO1_OOD_ublj731x_generated_part1.pkl
