/opt/conda/envs/marionette/lib/python3.10/site-packages/lightning_fabric/__init__.py:29: UserWarning: pkg_resources is deprecated as an API. See https://setuptools.pypa.io/en/latest/pkg_resources.html. The pkg_resources package is slated for removal as early as 2025-11-30. Refrain from using this package or pin to Setuptools<81.
  __import__("pkg_resources").declare_namespace(__name__)
[DEBUG] Force updated projector.projection_existence_weight to 0.7
[DEBUG] sample.py forced use_constraint_projection=True
[DEBUG] projection params: {'freq': 2, 'tau': 0.0, 'lambda_init': 0.0, 'mu_init': 1.0, 'mu_alpha': 1.3, 'mu_max': 1000.0, 'outer_iterations': 15, 'inner_iterations': 25, 'eta': 0.15, 'delta_tol': 1e-08, 'projection_existence_weight': 0.7, 'use_gumbel_softmax': True, 'gumbel_temperature': 3.0, 'mu': 1.0}
[GPU 0] Processing 1229 sequences (Range: 0 -> 1229)
po_matrix shape: torch.Size([512, 9, 9]) sum0: 24.0
tau before cond_encoder: torch.Size([512, 14]) time: torch.Size([512, 14])
tau after  cond_encoder: torch.Size([512, 14]) time: torch.Size([512, 14])

[Projection Start] Batch: 512, Constraints: 33
  [Outer 01/15] Loss (KL=0.2350, Const=5674.7012) | Viol_Order(max=0.00, mean=0.0000) | Viol_Exist(max=2.00, mean=1.9986) | Mu_O(max=1.0) Mu_E(max=1.0) | Lam_O(max=0.00) Lam_E(max=0.00)
  [Outer 10/15] Loss (KL=72.9834, Const=173418.3125) | Viol_Order(max=12.00, mean=0.0590) | Viol_Exist(max=2.00, mean=1.1668) | Mu_O(max=6.3) Mu_E(max=10.6) | Lam_O(max=30.66) Lam_E(max=64.03)
  [Outer 15/15] Loss (KL=113.1426, Const=485830.5625) | Viol_Order(max=6.00, mean=0.0725) | Viol_Exist(max=2.00, mean=1.0619) | Mu_O(max=23.3) Mu_E(max=39.4) | Lam_O(max=87.40) Lam_E(max=255.82)

[Projection Start] Batch: 512, Constraints: 33
  [Outer 01/15] Loss (KL=0.3634, Const=5313.5840) | Viol_Order(max=0.00, mean=0.0000) | Viol_Exist(max=2.00, mean=1.9859) | Mu_O(max=1.0) Mu_E(max=1.0) | Lam_O(max=0.00) Lam_E(max=0.00)
  [Outer 10/15] Loss (KL=69.9015, Const=169668.7500) | Viol_Order(max=6.00, mean=0.0617) | Viol_Exist(max=2.00, mean=1.1650) | Mu_O(max=8.2) Mu_E(max=10.6) | Lam_O(max=36.28) Lam_E(max=64.03)
  [Outer 15/15] Loss (KL=108.6749, Const=479507.7188) | Viol_Order(max=7.00, mean=0.0724) | Viol_Exist(max=2.00, mean=1.0572) | Mu_O(max=23.3) Mu_E(max=39.4) | Lam_O(max=79.32) Lam_E(max=255.82)

[Projection Start] Batch: 512, Constraints: 33
  [Outer 01/15] Loss (KL=0.4740, Const=5218.6318) | Viol_Order(max=0.00, mean=0.0000) | Viol_Exist(max=2.00, mean=1.9594) | Mu_O(max=1.0) Mu_E(max=1.0) | Lam_O(max=0.00) Lam_E(max=0.00)
  [Outer 10/15] Loss (KL=67.7196, Const=165552.3125) | Viol_Order(max=6.00, mean=0.0620) | Viol_Exist(max=2.00, mean=1.1487) | Mu_O(max=8.2) Mu_E(max=10.6) | Lam_O(max=29.34) Lam_E(max=64.03)
  [Outer 15/15] Loss (KL=104.6693, Const=468146.2188) | Viol_Order(max=5.00, mean=0.0696) | Viol_Exist(max=2.00, mean=1.0523) | Mu_O(max=30.3) Mu_E(max=39.4) | Lam_O(max=102.78) Lam_E(max=255.82)

[Projection Start] Batch: 512, Constraints: 33
  [Outer 01/15] Loss (KL=0.5242, Const=5090.9102) | Viol_Order(max=1.00, mean=0.0002) | Viol_Exist(max=2.00, mean=1.9418) | Mu_O(max=1.0) Mu_E(max=1.0) | Lam_O(max=0.00) Lam_E(max=0.00)
  [Outer 10/15] Loss (KL=65.3860, Const=161250.4062) | Viol_Order(max=4.00, mean=0.0623) | Viol_Exist(max=2.00, mean=1.1369) | Mu_O(max=10.6) Mu_E(max=10.6) | Lam_O(max=35.36) Lam_E(max=64.03)
  [Outer 15/15] Loss (KL=99.8470, Const=462239.5938) | Viol_Order(max=4.00, mean=0.0713) | Viol_Exist(max=2.00, mean=1.0537) | Mu_O(max=39.4) Mu_E(max=39.4) | Lam_O(max=127.91) Lam_E(max=255.82)

[Projection Start] Batch: 512, Constraints: 33
  [Outer 01/15] Loss (KL=0.6432, Const=5085.3340) | Viol_Order(max=1.00, mean=0.0008) | Viol_Exist(max=2.00, mean=1.9015) | Mu_O(max=1.0) Mu_E(max=1.0) | Lam_O(max=0.00) Lam_E(max=0.00)
  [Outer 10/15] Loss (KL=63.1279, Const=155671.4688) | Viol_Order(max=4.00, mean=0.0639) | Viol_Exist(max=2.00, mean=1.1129) | Mu_O(max=10.6) Mu_E(max=10.6) | Lam_O(max=35.17) Lam_E(max=64.03)
  [Outer 15/15] Loss (KL=95.5894, Const=445251.5312) | Viol_Order(max=6.00, mean=0.0672) | Viol_Exist(max=2.00, mean=1.0426) | Mu_O(max=39.4) Mu_E(max=39.4) | Lam_O(max=130.90) Lam_E(max=255.82)

[Projection Start] Batch: 512, Constraints: 33
  [Outer 01/15] Loss (KL=0.7174, Const=5038.8291) | Viol_Order(max=2.00, mean=0.0015) | Viol_Exist(max=2.00, mean=1.8657) | Mu_O(max=1.0) Mu_E(max=1.0) | Lam_O(max=0.00) Lam_E(max=0.00)
  [Outer 10/15] Loss (KL=61.5532, Const=153672.0000) | Viol_Order(max=4.00, mean=0.0597) | Viol_Exist(max=2.00, mean=1.1065) | Mu_O(max=10.6) Mu_E(max=10.6) | Lam_O(max=49.48) Lam_E(max=64.03)
  [Outer 15/15] Loss (KL=92.8604, Const=441291.4375) | Viol_Order(max=2.00, mean=0.0678) | Viol_Exist(max=2.00, mean=1.0350) | Mu_O(max=39.4) Mu_E(max=39.4) | Lam_O(max=127.91) Lam_E(max=255.82)

[Projection Start] Batch: 512, Constraints: 33
  [Outer 01/15] Loss (KL=0.7727, Const=4954.7031) | Viol_Order(max=2.00, mean=0.0035) | Viol_Exist(max=2.00, mean=1.8181) | Mu_O(max=1.0) Mu_E(max=1.0) | Lam_O(max=0.00) Lam_E(max=0.00)
  [Outer 10/15] Loss (KL=59.0938, Const=150488.5469) | Viol_Order(max=5.00, mean=0.0560) | Viol_Exist(max=2.00, mean=1.1022) | Mu_O(max=10.6) Mu_E(max=10.6) | Lam_O(max=38.50) Lam_E(max=64.03)
  [Outer 15/15] Loss (KL=89.9648, Const=430253.1250) | Viol_Order(max=3.00, mean=0.0601) | Viol_Exist(max=2.00, mean=1.0327) | Mu_O(max=39.4) Mu_E(max=39.4) | Lam_O(max=129.21) Lam_E(max=255.82)

[Projection Start] Batch: 512, Constraints: 33
  [Outer 01/15] Loss (KL=0.8138, Const=4974.8994) | Viol_Order(max=3.00, mean=0.0052) | Viol_Exist(max=2.00, mean=1.7826) | Mu_O(max=1.0) Mu_E(max=1.0) | Lam_O(max=0.00) Lam_E(max=0.00)
  [Outer 10/15] Loss (KL=57.2059, Const=150331.4688) | Viol_Order(max=4.00, mean=0.0591) | Viol_Exist(max=2.00, mean=1.0919) | Mu_O(max=10.6) Mu_E(max=10.6) | Lam_O(max=40.44) Lam_E(max=64.03)
  [Outer 15/15] Loss (KL=86.6030, Const=432060.9062) | Viol_Order(max=3.00, mean=0.0649) | Viol_Exist(max=2.00, mean=1.0352) | Mu_O(max=39.4) Mu_E(max=39.4) | Lam_O(max=169.21) Lam_E(max=255.82)

[Projection Start] Batch: 512, Constraints: 33
  [Outer 01/15] Loss (KL=0.8894, Const=4994.9565) | Viol_Order(max=3.00, mean=0.0082) | Viol_Exist(max=2.00, mean=1.7150) | Mu_O(max=1.0) Mu_E(max=1.0) | Lam_O(max=0.00) Lam_E(max=0.00)
  [Outer 10/15] Loss (KL=54.7551, Const=147693.9062) | Viol_Order(max=4.00, mean=0.0623) | Viol_Exist(max=2.00, mean=1.0817) | Mu_O(max=10.6) Mu_E(max=10.6) | Lam_O(max=54.87) Lam_E(max=64.03)
  [Outer 15/15] Loss (KL=82.4513, Const=423406.4375) | Viol_Order(max=2.00, mean=0.0618) | Viol_Exist(max=2.00, mean=1.0295) | Mu_O(max=39.4) Mu_E(max=39.4) | Lam_O(max=150.77) Lam_E(max=255.82)

[Projection Start] Batch: 512, Constraints: 33
  [Outer 01/15] Loss (KL=0.9482, Const=4997.7695) | Viol_Order(max=2.00, mean=0.0125) | Viol_Exist(max=2.00, mean=1.6451) | Mu_O(max=1.0) Mu_E(max=1.0) | Lam_O(max=0.00) Lam_E(max=0.00)
  [Outer 10/15] Loss (KL=52.5874, Const=145940.3438) | Viol_Order(max=3.00, mean=0.0571) | Viol_Exist(max=2.00, mean=1.0792) | Mu_O(max=10.6) Mu_E(max=10.6) | Lam_O(max=47.42) Lam_E(max=64.03)
  [Outer 15/15] Loss (KL=79.9190, Const=415989.8438) | Viol_Order(max=2.00, mean=0.0633) | Viol_Exist(max=2.00, mean=1.0270) | Mu_O(max=39.4) Mu_E(max=39.4) | Lam_O(max=130.51) Lam_E(max=255.82)

[Projection Start] Batch: 512, Constraints: 33
  [Outer 01/15] Loss (KL=0.9766, Const=5007.8906) | Viol_Order(max=3.00, mean=0.0183) | Viol_Exist(max=2.00, mean=1.5998) | Mu_O(max=1.0) Mu_E(max=1.0) | Lam_O(max=0.00) Lam_E(max=0.00)
  [Outer 10/15] Loss (KL=50.1918, Const=144427.3281) | Viol_Order(max=4.00, mean=0.0618) | Viol_Exist(max=2.00, mean=1.0707) | Mu_O(max=10.6) Mu_E(max=10.6) | Lam_O(max=64.03) Lam_E(max=64.03)
  [Outer 15/15] Loss (KL=75.6105, Const=412639.7812) | Viol_Order(max=2.00, mean=0.0647) | Viol_Exist(max=2.00, mean=1.0276) | Mu_O(max=39.4) Mu_E(max=39.4) | Lam_O(max=141.78) Lam_E(max=255.82)

[Projection Start] Batch: 512, Constraints: 33
  [Outer 01/15] Loss (KL=1.0276, Const=4962.8413) | Viol_Order(max=4.00, mean=0.0254) | Viol_Exist(max=2.00, mean=1.5270) | Mu_O(max=1.0) Mu_E(max=1.0) | Lam_O(max=0.00) Lam_E(max=0.00)
  [Outer 10/15] Loss (KL=47.6922, Const=142991.5000) | Viol_Order(max=3.00, mean=0.0613) | Viol_Exist(max=2.00, mean=1.0649) | Mu_O(max=10.6) Mu_E(max=10.6) | Lam_O(max=41.06) Lam_E(max=64.03)
  [Outer 15/15] Loss (KL=72.2176, Const=409774.0312) | Viol_Order(max=2.00, mean=0.0632) | Viol_Exist(max=2.00, mean=1.0236) | Mu_O(max=39.4) Mu_E(max=39.4) | Lam_O(max=127.91) Lam_E(max=255.82)

[Projection Start] Batch: 512, Constraints: 33
  [Outer 01/15] Loss (KL=1.0141, Const=4902.6924) | Viol_Order(max=4.00, mean=0.0321) | Viol_Exist(max=2.00, mean=1.4641) | Mu_O(max=1.0) Mu_E(max=1.0) | Lam_O(max=0.00) Lam_E(max=0.00)
  [Outer 10/15] Loss (KL=46.0055, Const=141162.3750) | Viol_Order(max=6.00, mean=0.0609) | Viol_Exist(max=2.00, mean=1.0577) | Mu_O(max=10.6) Mu_E(max=10.6) | Lam_O(max=49.85) Lam_E(max=64.03)
  [Outer 15/15] Loss (KL=68.7659, Const=410102.7500) | Viol_Order(max=2.00, mean=0.0651) | Viol_Exist(max=2.00, mean=1.0244) | Mu_O(max=39.4) Mu_E(max=39.4) | Lam_O(max=140.18) Lam_E(max=255.82)

[Projection Start] Batch: 512, Constraints: 33
  [Outer 01/15] Loss (KL=1.0778, Const=4857.4170) | Viol_Order(max=4.00, mean=0.0402) | Viol_Exist(max=2.00, mean=1.3826) | Mu_O(max=1.0) Mu_E(max=1.0) | Lam_O(max=0.00) Lam_E(max=0.00)
  [Outer 10/15] Loss (KL=43.2107, Const=141777.8750) | Viol_Order(max=4.00, mean=0.0618) | Viol_Exist(max=2.00, mean=1.0491) | Mu_O(max=10.6) Mu_E(max=10.6) | Lam_O(max=42.23) Lam_E(max=64.03)
  [Outer 15/15] Loss (KL=65.3725, Const=406134.8750) | Viol_Order(max=3.00, mean=0.0647) | Viol_Exist(max=2.00, mean=1.0219) | Mu_O(max=39.4) Mu_E(max=39.4) | Lam_O(max=131.90) Lam_E(max=255.82)

[Projection Start] Batch: 512, Constraints: 33
  [Outer 01/15] Loss (KL=0.9100, Const=4874.5161) | Viol_Order(max=4.00, mean=0.0494) | Viol_Exist(max=2.00, mean=1.3661) | Mu_O(max=1.0) Mu_E(max=1.0) | Lam_O(max=0.00) Lam_E(max=0.00)
  [Outer 10/15] Loss (KL=41.3419, Const=142811.6719) | Viol_Order(max=4.00, mean=0.0596) | Viol_Exist(max=2.00, mean=1.0510) | Mu_O(max=10.6) Mu_E(max=10.6) | Lam_O(max=40.59) Lam_E(max=64.03)
  [Outer 15/15] Loss (KL=64.7475, Const=405752.5312) | Viol_Order(max=2.00, mean=0.0668) | Viol_Exist(max=2.00, mean=1.0194) | Mu_O(max=39.4) Mu_E(max=39.4) | Lam_O(max=130.21) Lam_E(max=255.82)

[Projection Start] Batch: 512, Constraints: 33
  [Outer 01/15] Loss (KL=0.9780, Const=4716.2212) | Viol_Order(max=6.00, mean=0.0648) | Viol_Exist(max=2.00, mean=1.2805) | Mu_O(max=1.0) Mu_E(max=1.0) | Lam_O(max=0.00) Lam_E(max=0.00)
  [Outer 10/15] Loss (KL=37.4271, Const=141481.3750) | Viol_Order(max=4.00, mean=0.0613) | Viol_Exist(max=2.00, mean=1.0447) | Mu_O(max=10.6) Mu_E(max=10.6) | Lam_O(max=40.94) Lam_E(max=64.03)
  [Outer 15/15] Loss (KL=57.5603, Const=413062.8750) | Viol_Order(max=2.00, mean=0.0662) | Viol_Exist(max=2.00, mean=1.0215) | Mu_O(max=39.4) Mu_E(max=39.4) | Lam_O(max=130.21) Lam_E(max=255.82)

[Projection Start] Batch: 512, Constraints: 33
  [Outer 01/15] Loss (KL=0.9023, Const=4703.2188) | Viol_Order(max=6.00, mean=0.0682) | Viol_Exist(max=2.00, mean=1.2666) | Mu_O(max=1.0) Mu_E(max=1.0) | Lam_O(max=0.00) Lam_E(max=0.00)
  [Outer 10/15] Loss (KL=35.6161, Const=142069.4375) | Viol_Order(max=3.00, mean=0.0587) | Viol_Exist(max=2.00, mean=1.0435) | Mu_O(max=10.6) Mu_E(max=10.6) | Lam_O(max=47.72) Lam_E(max=64.03)
  [Outer 15/15] Loss (KL=55.7932, Const=408442.6250) | Viol_Order(max=2.00, mean=0.0627) | Viol_Exist(max=2.00, mean=1.0192) | Mu_O(max=39.4) Mu_E(max=39.4) | Lam_O(max=134.10) Lam_E(max=255.82)

[Projection Start] Batch: 512, Constraints: 33
  [Outer 01/15] Loss (KL=0.8619, Const=4591.1670) | Viol_Order(max=4.00, mean=0.0761) | Viol_Exist(max=2.00, mean=1.2260) | Mu_O(max=1.0) Mu_E(max=1.0) | Lam_O(max=0.00) Lam_E(max=0.00)
  [Outer 10/15] Loss (KL=32.3526, Const=144575.0000) | Viol_Order(max=2.00, mean=0.0556) | Viol_Exist(max=2.00, mean=1.0456) | Mu_O(max=10.6) Mu_E(max=10.6) | Lam_O(max=64.03) Lam_E(max=64.03)
  [Outer 15/15] Loss (KL=51.6704, Const=413677.3125) | Viol_Order(max=2.00, mean=0.0614) | Viol_Exist(max=2.00, mean=1.0218) | Mu_O(max=39.4) Mu_E(max=39.4) | Lam_O(max=131.90) Lam_E(max=255.82)

[Projection Start] Batch: 512, Constraints: 33
  [Outer 01/15] Loss (KL=0.7956, Const=4499.8154) | Viol_Order(max=4.00, mean=0.0792) | Viol_Exist(max=2.00, mean=1.1937) | Mu_O(max=1.0) Mu_E(max=1.0) | Lam_O(max=0.00) Lam_E(max=0.00)
  [Outer 10/15] Loss (KL=29.5686, Const=144106.1562) | Viol_Order(max=2.00, mean=0.0534) | Viol_Exist(max=2.00, mean=1.0411) | Mu_O(max=10.6) Mu_E(max=10.6) | Lam_O(max=37.61) Lam_E(max=64.03)
  [Outer 15/15] Loss (KL=48.2821, Const=411654.2188) | Viol_Order(max=2.00, mean=0.0608) | Viol_Exist(max=2.00, mean=1.0202) | Mu_O(max=39.4) Mu_E(max=39.4) | Lam_O(max=133.51) Lam_E(max=255.82)

[Projection Start] Batch: 512, Constraints: 33
  [Outer 01/15] Loss (KL=0.6864, Const=4433.0308) | Viol_Order(max=4.00, mean=0.0821) | Viol_Exist(max=2.00, mean=1.1644) | Mu_O(max=1.0) Mu_E(max=1.0) | Lam_O(max=0.00) Lam_E(max=0.00)
  [Outer 10/15] Loss (KL=27.2523, Const=142821.2500) | Viol_Order(max=2.00, mean=0.0520) | Viol_Exist(max=2.00, mean=1.0336) | Mu_O(max=10.6) Mu_E(max=10.6) | Lam_O(max=41.89) Lam_E(max=64.03)
  [Outer 15/15] Loss (KL=43.9917, Const=415961.3125) | Viol_Order(max=2.00, mean=0.0574) | Viol_Exist(max=2.00, mean=1.0195) | Mu_O(max=39.4) Mu_E(max=39.4) | Lam_O(max=130.90) Lam_E(max=255.82)

[Projection Start] Batch: 512, Constraints: 33
  [Outer 01/15] Loss (KL=0.5579, Const=4295.6338) | Viol_Order(max=5.00, mean=0.0787) | Viol_Exist(max=2.00, mean=1.1462) | Mu_O(max=1.0) Mu_E(max=1.0) | Lam_O(max=0.00) Lam_E(max=0.00)
  [Outer 10/15] Loss (KL=24.4364, Const=143708.3594) | Viol_Order(max=2.00, mean=0.0519) | Viol_Exist(max=2.00, mean=1.0398) | Mu_O(max=10.6) Mu_E(max=10.6) | Lam_O(max=47.06) Lam_E(max=64.03)
  [Outer 15/15] Loss (KL=39.3196, Const=424969.5000) | Viol_Order(max=2.00, mean=0.0576) | Viol_Exist(max=2.00, mean=1.0219) | Mu_O(max=39.4) Mu_E(max=39.4) | Lam_O(max=145.83) Lam_E(max=255.82)

[Projection Start] Batch: 512, Constraints: 33
  [Outer 01/15] Loss (KL=0.4614, Const=4151.2295) | Viol_Order(max=6.00, mean=0.0740) | Viol_Exist(max=2.00, mean=1.1065) | Mu_O(max=1.0) Mu_E(max=1.0) | Lam_O(max=0.00) Lam_E(max=0.00)
  [Outer 10/15] Loss (KL=19.7534, Const=147649.1875) | Viol_Order(max=2.00, mean=0.0544) | Viol_Exist(max=2.00, mean=1.0327) | Mu_O(max=10.6) Mu_E(max=10.6) | Lam_O(max=36.61) Lam_E(max=64.03)
  [Outer 15/15] Loss (KL=35.1029, Const=434656.7188) | Viol_Order(max=2.00, mean=0.0577) | Viol_Exist(max=2.00, mean=1.0219) | Mu_O(max=39.4) Mu_E(max=39.4) | Lam_O(max=131.60) Lam_E(max=255.82)

[Projection Start] Batch: 512, Constraints: 33
  [Outer 01/15] Loss (KL=0.3118, Const=4047.9907) | Viol_Order(max=5.00, mean=0.0758) | Viol_Exist(max=2.00, mean=1.0920) | Mu_O(max=1.0) Mu_E(max=1.0) | Lam_O(max=0.00) Lam_E(max=0.00)
  [Outer 10/15] Loss (KL=17.9786, Const=146131.0625) | Viol_Order(max=2.00, mean=0.0500) | Viol_Exist(max=2.00, mean=1.0336) | Mu_O(max=10.6) Mu_E(max=10.6) | Lam_O(max=40.30) Lam_E(max=64.03)
  [Outer 15/15] Loss (KL=31.9201, Const=433689.4062) | Viol_Order(max=2.00, mean=0.0547) | Viol_Exist(max=2.00, mean=1.0206) | Mu_O(max=39.4) Mu_E(max=39.4) | Lam_O(max=129.21) Lam_E(max=255.82)

[Projection Start] Batch: 512, Constraints: 33
  [Outer 01/15] Loss (KL=0.1735, Const=3856.4321) | Viol_Order(max=4.00, mean=0.0703) | Viol_Exist(max=2.00, mean=1.0632) | Mu_O(max=1.0) Mu_E(max=1.0) | Lam_O(max=0.00) Lam_E(max=0.00)
  [Outer 10/15] Loss (KL=13.5607, Const=151882.0312) | Viol_Order(max=3.00, mean=0.0474) | Viol_Exist(max=2.00, mean=1.0324) | Mu_O(max=10.6) Mu_E(max=10.6) | Lam_O(max=41.44) Lam_E(max=64.03)
  [Outer 15/15] Loss (KL=28.6484, Const=442788.7500) | Viol_Order(max=2.00, mean=0.0568) | Viol_Exist(max=2.00, mean=1.0190) | Mu_O(max=39.4) Mu_E(max=39.4) | Lam_O(max=128.91) Lam_E(max=255.82)

[Projection Start] Batch: 512, Constraints: 33
  [Outer 01/15] Loss (KL=0.0500, Const=3561.9736) | Viol_Order(max=4.00, mean=0.0669) | Viol_Exist(max=2.00, mean=1.0397) | Mu_O(max=1.0) Mu_E(max=1.0) | Lam_O(max=0.00) Lam_E(max=0.00)
  [Outer 10/15] Loss (KL=11.1111, Const=152491.1562) | Viol_Order(max=2.00, mean=0.0493) | Viol_Exist(max=2.00, mean=1.0279) | Mu_O(max=10.6) Mu_E(max=10.6) | Lam_O(max=41.44) Lam_E(max=64.03)
  [Outer 15/15] Loss (KL=24.5433, Const=444111.8750) | Viol_Order(max=2.00, mean=0.0563) | Viol_Exist(max=2.00, mean=1.0186) | Mu_O(max=39.4) Mu_E(max=39.4) | Lam_O(max=128.91) Lam_E(max=255.82)

[Projection Start] Batch: 512, Constraints: 33
  [Outer 01/15] Loss (KL=0.0005, Const=3007.4688) | Viol_Order(max=2.00, mean=0.0629) | Viol_Exist(max=2.00, mean=1.0195) | Mu_O(max=1.0) Mu_E(max=1.0) | Lam_O(max=0.00) Lam_E(max=0.00)
  [Outer 10/15] Loss (KL=12.9819, Const=136362.4688) | Viol_Order(max=2.00, mean=0.0484) | Viol_Exist(max=2.00, mean=1.0325) | Mu_O(max=10.6) Mu_E(max=10.6) | Lam_O(max=41.91) Lam_E(max=64.03)
  [Outer 15/15] Loss (KL=25.3471, Const=386571.6250) | Viol_Order(max=2.00, mean=0.0571) | Viol_Exist(max=2.00, mean=1.0116) | Mu_O(max=39.4) Mu_E(max=39.4) | Lam_O(max=127.91) Lam_E(max=255.82)

[Projection Start] Batch: 512, Constraints: 33
  [Outer 01/15] Loss (KL=0.0005, Const=2922.9458) | Viol_Order(max=2.00, mean=0.0610) | Viol_Exist(max=2.00, mean=1.0107) | Mu_O(max=1.0) Mu_E(max=1.0) | Lam_O(max=0.00) Lam_E(max=0.00)
  [Outer 10/15] Loss (KL=13.6339, Const=128629.2266) | Viol_Order(max=2.00, mean=0.0483) | Viol_Exist(max=2.00, mean=1.0253) | Mu_O(max=10.6) Mu_E(max=10.6) | Lam_O(max=32.01) Lam_E(max=64.03)
  [Outer 15/15] Loss (KL=24.5146, Const=374866.7500) | Viol_Order(max=2.00, mean=0.0524) | Viol_Exist(max=2.00, mean=1.0169) | Mu_O(max=39.4) Mu_E(max=39.4) | Lam_O(max=127.91) Lam_E(max=255.82)

[Projection Start] Batch: 512, Constraints: 33
  [Outer 01/15] Loss (KL=0.0003, Const=2908.6648) | Viol_Order(max=2.00, mean=0.0561) | Viol_Exist(max=2.00, mean=1.0130) | Mu_O(max=1.0) Mu_E(max=1.0) | Lam_O(max=0.00) Lam_E(max=0.00)
  [Outer 10/15] Loss (KL=13.4963, Const=130842.7500) | Viol_Order(max=2.00, mean=0.0436) | Viol_Exist(max=2.00, mean=1.0279) | Mu_O(max=10.6) Mu_E(max=10.6) | Lam_O(max=36.61) Lam_E(max=64.03)
  [Outer 15/15] Loss (KL=24.7815, Const=375103.1250) | Viol_Order(max=3.00, mean=0.0529) | Viol_Exist(max=2.00, mean=1.0146) | Mu_O(max=39.4) Mu_E(max=39.4) | Lam_O(max=127.91) Lam_E(max=255.82)

[Projection Start] Batch: 512, Constraints: 33
  [Outer 01/15] Loss (KL=0.0010, Const=2940.1309) | Viol_Order(max=3.00, mean=0.0567) | Viol_Exist(max=2.00, mean=1.0157) | Mu_O(max=1.0) Mu_E(max=1.0) | Lam_O(max=0.00) Lam_E(max=0.00)
  [Outer 10/15] Loss (KL=13.0591, Const=132159.0938) | Viol_Order(max=2.00, mean=0.0451) | Viol_Exist(max=2.00, mean=1.0273) | Mu_O(max=10.6) Mu_E(max=10.6) | Lam_O(max=32.01) Lam_E(max=64.03)
  [Outer 15/15] Loss (KL=23.9548, Const=386222.4688) | Viol_Order(max=2.00, mean=0.0522) | Viol_Exist(max=2.00, mean=1.0125) | Mu_O(max=39.4) Mu_E(max=39.4) | Lam_O(max=127.91) Lam_E(max=255.82)

[Projection Start] Batch: 512, Constraints: 33
  [Outer 01/15] Loss (KL=0.0006, Const=2871.5117) | Viol_Order(max=2.00, mean=0.0552) | Viol_Exist(max=2.00, mean=1.0113) | Mu_O(max=1.0) Mu_E(max=1.0) | Lam_O(max=0.00) Lam_E(max=0.00)
  [Outer 10/15] Loss (KL=12.6955, Const=132126.0625) | Viol_Order(max=2.00, mean=0.0438) | Viol_Exist(max=2.00, mean=1.0286) | Mu_O(max=10.6) Mu_E(max=10.6) | Lam_O(max=32.01) Lam_E(max=64.03)
  [Outer 15/15] Loss (KL=23.9217, Const=383971.7500) | Viol_Order(max=2.00, mean=0.0529) | Viol_Exist(max=2.00, mean=1.0099) | Mu_O(max=39.4) Mu_E(max=39.4) | Lam_O(max=127.91) Lam_E(max=255.82)

[Projection Start] Batch: 512, Constraints: 33
  [Outer 01/15] Loss (KL=0.0007, Const=2865.0728) | Viol_Order(max=3.00, mean=0.0562) | Viol_Exist(max=2.00, mean=1.0096) | Mu_O(max=1.0) Mu_E(max=1.0) | Lam_O(max=0.00) Lam_E(max=0.00)
  [Outer 10/15] Loss (KL=13.2740, Const=129324.2422) | Viol_Order(max=2.00, mean=0.0453) | Viol_Exist(max=2.00, mean=1.0252) | Mu_O(max=10.6) Mu_E(max=10.6) | Lam_O(max=36.00) Lam_E(max=64.03)
  [Outer 15/15] Loss (KL=23.7189, Const=384127.1875) | Viol_Order(max=2.00, mean=0.0495) | Viol_Exist(max=2.00, mean=1.0133) | Mu_O(max=39.4) Mu_E(max=39.4) | Lam_O(max=131.90) Lam_E(max=255.82)

[Projection Start] Batch: 512, Constraints: 33
  [Outer 01/15] Loss (KL=0.0014, Const=2880.4014) | Viol_Order(max=2.00, mean=0.0520) | Viol_Exist(max=2.00, mean=1.0120) | Mu_O(max=1.0) Mu_E(max=1.0) | Lam_O(max=0.00) Lam_E(max=0.00)
  [Outer 10/15] Loss (KL=12.7961, Const=132011.5625) | Viol_Order(max=2.00, mean=0.0437) | Viol_Exist(max=2.00, mean=1.0258) | Mu_O(max=10.6) Mu_E(max=10.6) | Lam_O(max=32.01) Lam_E(max=64.03)
  [Outer 15/15] Loss (KL=23.7038, Const=386443.6875) | Viol_Order(max=2.00, mean=0.0523) | Viol_Exist(max=2.00, mean=1.0067) | Mu_O(max=39.4) Mu_E(max=39.4) | Lam_O(max=127.91) Lam_E(max=255.82)

[Projection Start] Batch: 512, Constraints: 33
  [Outer 01/15] Loss (KL=0.0009, Const=2838.2358) | Viol_Order(max=2.00, mean=0.0549) | Viol_Exist(max=2.00, mean=1.0078) | Mu_O(max=1.0) Mu_E(max=1.0) | Lam_O(max=0.00) Lam_E(max=0.00)
  [Outer 10/15] Loss (KL=12.5190, Const=130126.7188) | Viol_Order(max=2.00, mean=0.0427) | Viol_Exist(max=2.00, mean=1.0225) | Mu_O(max=10.6) Mu_E(max=10.6) | Lam_O(max=43.12) Lam_E(max=64.03)
  [Outer 15/15] Loss (KL=22.9352, Const=383782.4375) | Viol_Order(max=2.00, mean=0.0523) | Viol_Exist(max=2.00, mean=1.0108) | Mu_O(max=39.4) Mu_E(max=39.4) | Lam_O(max=149.62) Lam_E(max=255.82)

[Projection Start] Batch: 512, Constraints: 33
  [Outer 01/15] Loss (KL=0.0005, Const=2862.3159) | Viol_Order(max=2.00, mean=0.0546) | Viol_Exist(max=2.00, mean=1.0117) | Mu_O(max=1.0) Mu_E(max=1.0) | Lam_O(max=0.00) Lam_E(max=0.00)
  [Outer 10/15] Loss (KL=12.9237, Const=129053.8047) | Viol_Order(max=3.00, mean=0.0466) | Viol_Exist(max=2.00, mean=1.0199) | Mu_O(max=10.6) Mu_E(max=10.6) | Lam_O(max=35.17) Lam_E(max=64.03)
  [Outer 15/15] Loss (KL=22.6652, Const=383527.0312) | Viol_Order(max=2.00, mean=0.0485) | Viol_Exist(max=2.00, mean=1.0112) | Mu_O(max=39.4) Mu_E(max=39.4) | Lam_O(max=127.91) Lam_E(max=255.82)

[Projection Start] Batch: 512, Constraints: 33
  [Outer 01/15] Loss (KL=0.0002, Const=2834.6592) | Viol_Order(max=4.00, mean=0.0516) | Viol_Exist(max=2.00, mean=1.0088) | Mu_O(max=1.0) Mu_E(max=1.0) | Lam_O(max=0.00) Lam_E(max=0.00)
  [Outer 10/15] Loss (KL=12.2371, Const=131365.6875) | Viol_Order(max=2.00, mean=0.0440) | Viol_Exist(max=2.00, mean=1.0242) | Mu_O(max=10.6) Mu_E(max=10.6) | Lam_O(max=34.14) Lam_E(max=64.03)
  [Outer 15/15] Loss (KL=23.1407, Const=386266.6875) | Viol_Order(max=2.00, mean=0.0497) | Viol_Exist(max=2.00, mean=1.0093) | Mu_O(max=39.4) Mu_E(max=39.4) | Lam_O(max=127.91) Lam_E(max=255.82)

[Projection Start] Batch: 512, Constraints: 33
  [Outer 01/15] Loss (KL=0.0003, Const=2841.2583) | Viol_Order(max=2.00, mean=0.0523) | Viol_Exist(max=2.00, mean=1.0099) | Mu_O(max=1.0) Mu_E(max=1.0) | Lam_O(max=0.00) Lam_E(max=0.00)
  [Outer 10/15] Loss (KL=12.8571, Const=128944.2188) | Viol_Order(max=2.00, mean=0.0443) | Viol_Exist(max=2.00, mean=1.0215) | Mu_O(max=10.6) Mu_E(max=10.6) | Lam_O(max=32.01) Lam_E(max=64.03)
  [Outer 15/15] Loss (KL=23.4481, Const=379136.5938) | Viol_Order(max=2.00, mean=0.0491) | Viol_Exist(max=2.00, mean=1.0107) | Mu_O(max=39.4) Mu_E(max=39.4) | Lam_O(max=127.91) Lam_E(max=255.82)

[Projection Start] Batch: 512, Constraints: 33
  [Outer 01/15] Loss (KL=0.0004, Const=2843.9490) | Viol_Order(max=3.00, mean=0.0514) | Viol_Exist(max=2.00, mean=1.0122) | Mu_O(max=1.0) Mu_E(max=1.0) | Lam_O(max=0.00) Lam_E(max=0.00)
  [Outer 10/15] Loss (KL=12.4075, Const=129508.4844) | Viol_Order(max=2.00, mean=0.0436) | Viol_Exist(max=2.00, mean=1.0196) | Mu_O(max=10.6) Mu_E(max=10.6) | Lam_O(max=40.17) Lam_E(max=64.03)
  [Outer 15/15] Loss (KL=22.9394, Const=382796.5625) | Viol_Order(max=2.00, mean=0.0502) | Viol_Exist(max=2.00, mean=1.0061) | Mu_O(max=39.4) Mu_E(max=39.4) | Lam_O(max=127.91) Lam_E(max=255.82)

[Projection Start] Batch: 512, Constraints: 33
  [Outer 01/15] Loss (KL=0.0011, Const=2801.3401) | Viol_Order(max=2.00, mean=0.0513) | Viol_Exist(max=2.00, mean=1.0066) | Mu_O(max=1.0) Mu_E(max=1.0) | Lam_O(max=0.00) Lam_E(max=0.00)
  [Outer 10/15] Loss (KL=12.3899, Const=128748.8594) | Viol_Order(max=2.00, mean=0.0436) | Viol_Exist(max=2.00, mean=1.0208) | Mu_O(max=10.6) Mu_E(max=10.6) | Lam_O(max=36.84) Lam_E(max=64.03)
  [Outer 15/15] Loss (KL=22.4104, Const=387480.0625) | Viol_Order(max=2.00, mean=0.0495) | Viol_Exist(max=2.00, mean=1.0080) | Mu_O(max=39.4) Mu_E(max=39.4) | Lam_O(max=127.91) Lam_E(max=255.82)

[Projection Start] Batch: 512, Constraints: 33
  [Outer 01/15] Loss (KL=0.0005, Const=2827.9338) | Viol_Order(max=2.00, mean=0.0512) | Viol_Exist(max=2.00, mean=1.0095) | Mu_O(max=1.0) Mu_E(max=1.0) | Lam_O(max=0.00) Lam_E(max=0.00)
  [Outer 10/15] Loss (KL=12.7892, Const=129355.7422) | Viol_Order(max=2.00, mean=0.0409) | Viol_Exist(max=2.00, mean=1.0209) | Mu_O(max=10.6) Mu_E(max=10.6) | Lam_O(max=32.01) Lam_E(max=64.03)
  [Outer 15/15] Loss (KL=23.3771, Const=384529.9688) | Viol_Order(max=2.00, mean=0.0481) | Viol_Exist(max=2.00, mean=1.0068) | Mu_O(max=39.4) Mu_E(max=39.4) | Lam_O(max=127.91) Lam_E(max=255.82)

[Projection Start] Batch: 512, Constraints: 33
  [Outer 01/15] Loss (KL=0.0011, Const=2787.8738) | Viol_Order(max=2.00, mean=0.0502) | Viol_Exist(max=2.00, mean=1.0056) | Mu_O(max=1.0) Mu_E(max=1.0) | Lam_O(max=0.00) Lam_E(max=0.00)
  [Outer 10/15] Loss (KL=12.1886, Const=128669.2500) | Viol_Order(max=2.00, mean=0.0426) | Viol_Exist(max=2.00, mean=1.0186) | Mu_O(max=10.6) Mu_E(max=10.6) | Lam_O(max=36.00) Lam_E(max=64.03)
  [Outer 15/15] Loss (KL=22.5091, Const=385917.3125) | Viol_Order(max=2.00, mean=0.0482) | Viol_Exist(max=2.00, mean=1.0085) | Mu_O(max=39.4) Mu_E(max=39.4) | Lam_O(max=127.91) Lam_E(max=255.82)

[Projection Start] Batch: 512, Constraints: 33
  [Outer 01/15] Loss (KL=0.0009, Const=2805.8203) | Viol_Order(max=2.00, mean=0.0511) | Viol_Exist(max=2.00, mean=1.0074) | Mu_O(max=1.0) Mu_E(max=1.0) | Lam_O(max=0.00) Lam_E(max=0.00)
  [Outer 10/15] Loss (KL=12.0330, Const=128400.6641) | Viol_Order(max=2.00, mean=0.0430) | Viol_Exist(max=2.00, mean=1.0184) | Mu_O(max=10.6) Mu_E(max=10.6) | Lam_O(max=32.01) Lam_E(max=64.03)
  [Outer 15/15] Loss (KL=22.9276, Const=386153.8750) | Viol_Order(max=2.00, mean=0.0478) | Viol_Exist(max=2.00, mean=1.0065) | Mu_O(max=39.4) Mu_E(max=39.4) | Lam_O(max=151.21) Lam_E(max=255.82)

[Projection Start] Batch: 512, Constraints: 33
  [Outer 01/15] Loss (KL=0.0003, Const=2794.3154) | Viol_Order(max=2.00, mean=0.0496) | Viol_Exist(max=2.00, mean=1.0061) | Mu_O(max=1.0) Mu_E(max=1.0) | Lam_O(max=0.00) Lam_E(max=0.00)
  [Outer 10/15] Loss (KL=12.2969, Const=129873.8359) | Viol_Order(max=2.00, mean=0.0390) | Viol_Exist(max=2.00, mean=1.0209) | Mu_O(max=10.6) Mu_E(max=10.6) | Lam_O(max=32.01) Lam_E(max=64.03)
  [Outer 15/15] Loss (KL=22.9855, Const=378626.6562) | Viol_Order(max=2.00, mean=0.0488) | Viol_Exist(max=2.00, mean=1.0067) | Mu_O(max=39.4) Mu_E(max=39.4) | Lam_O(max=127.91) Lam_E(max=255.82)

[Projection Start] Batch: 512, Constraints: 33
  [Outer 01/15] Loss (KL=0.0006, Const=2783.0649) | Viol_Order(max=2.00, mean=0.0510) | Viol_Exist(max=2.00, mean=1.0055) | Mu_O(max=1.0) Mu_E(max=1.0) | Lam_O(max=0.00) Lam_E(max=0.00)
  [Outer 10/15] Loss (KL=13.0800, Const=126671.1953) | Viol_Order(max=2.00, mean=0.0413) | Viol_Exist(max=2.00, mean=1.0192) | Mu_O(max=10.6) Mu_E(max=10.6) | Lam_O(max=32.01) Lam_E(max=64.03)
  [Outer 15/15] Loss (KL=23.6676, Const=371391.8750) | Viol_Order(max=2.00, mean=0.0468) | Viol_Exist(max=2.00, mean=1.0082) | Mu_O(max=39.4) Mu_E(max=39.4) | Lam_O(max=127.91) Lam_E(max=255.82)

[Projection Start] Batch: 512, Constraints: 33
  [Outer 01/15] Loss (KL=0.0002, Const=2811.9453) | Viol_Order(max=3.00, mean=0.0487) | Viol_Exist(max=2.00, mean=1.0091) | Mu_O(max=1.0) Mu_E(max=1.0) | Lam_O(max=0.00) Lam_E(max=0.00)
  [Outer 10/15] Loss (KL=12.4165, Const=129619.5312) | Viol_Order(max=2.00, mean=0.0402) | Viol_Exist(max=2.00, mean=1.0210) | Mu_O(max=10.6) Mu_E(max=10.6) | Lam_O(max=32.01) Lam_E(max=64.03)
  [Outer 15/15] Loss (KL=23.2031, Const=382326.5312) | Viol_Order(max=2.00, mean=0.0493) | Viol_Exist(max=2.00, mean=1.0092) | Mu_O(max=39.4) Mu_E(max=39.4) | Lam_O(max=127.91) Lam_E(max=255.82)

[Projection Start] Batch: 512, Constraints: 33
  [Outer 01/15] Loss (KL=0.0013, Const=2818.6211) | Viol_Order(max=2.00, mean=0.0509) | Viol_Exist(max=2.00, mean=1.0073) | Mu_O(max=1.0) Mu_E(max=1.0) | Lam_O(max=0.00) Lam_E(max=0.00)
  [Outer 10/15] Loss (KL=13.3198, Const=126723.3203) | Viol_Order(max=2.00, mean=0.0404) | Viol_Exist(max=2.00, mean=1.0187) | Mu_O(max=10.6) Mu_E(max=10.6) | Lam_O(max=32.01) Lam_E(max=64.03)
  [Outer 15/15] Loss (KL=23.5222, Const=378969.9375) | Viol_Order(max=1.00, mean=0.0447) | Viol_Exist(max=2.00, mean=1.0060) | Mu_O(max=39.4) Mu_E(max=39.4) | Lam_O(max=127.91) Lam_E(max=255.82)

[Projection Start] Batch: 512, Constraints: 33
  [Outer 01/15] Loss (KL=0.0012, Const=2753.0547) | Viol_Order(max=2.00, mean=0.0462) | Viol_Exist(max=2.00, mean=1.0049) | Mu_O(max=1.0) Mu_E(max=1.0) | Lam_O(max=0.00) Lam_E(max=0.00)
  [Outer 10/15] Loss (KL=12.6957, Const=127089.9688) | Viol_Order(max=2.00, mean=0.0384) | Viol_Exist(max=2.00, mean=1.0183) | Mu_O(max=10.6) Mu_E(max=10.6) | Lam_O(max=41.06) Lam_E(max=64.03)
  [Outer 15/15] Loss (KL=23.0485, Const=377064.0625) | Viol_Order(max=2.00, mean=0.0450) | Viol_Exist(max=2.00, mean=1.0097) | Mu_O(max=39.4) Mu_E(max=39.4) | Lam_O(max=127.91) Lam_E(max=255.82)

[Projection Start] Batch: 512, Constraints: 33
  [Outer 01/15] Loss (KL=0.0012, Const=2795.3389) | Viol_Order(max=2.00, mean=0.0468) | Viol_Exist(max=2.00, mean=1.0085) | Mu_O(max=1.0) Mu_E(max=1.0) | Lam_O(max=0.00) Lam_E(max=0.00)
  [Outer 10/15] Loss (KL=12.7044, Const=127300.0859) | Viol_Order(max=2.00, mean=0.0378) | Viol_Exist(max=2.00, mean=1.0169) | Mu_O(max=10.6) Mu_E(max=10.6) | Lam_O(max=32.01) Lam_E(max=64.03)
  [Outer 15/15] Loss (KL=23.1289, Const=380760.8125) | Viol_Order(max=2.00, mean=0.0476) | Viol_Exist(max=2.00, mean=1.0048) | Mu_O(max=39.4) Mu_E(max=39.4) | Lam_O(max=127.91) Lam_E(max=255.82)

[Projection Start] Batch: 512, Constraints: 33
  [Outer 01/15] Loss (KL=0.0009, Const=2788.8936) | Viol_Order(max=2.00, mean=0.0489) | Viol_Exist(max=2.00, mean=1.0066) | Mu_O(max=1.0) Mu_E(max=1.0) | Lam_O(max=0.00) Lam_E(max=0.00)
  [Outer 10/15] Loss (KL=12.3070, Const=128408.3281) | Viol_Order(max=2.00, mean=0.0419) | Viol_Exist(max=2.00, mean=1.0169) | Mu_O(max=10.6) Mu_E(max=10.6) | Lam_O(max=32.01) Lam_E(max=64.03)
  [Outer 15/15] Loss (KL=22.5250, Const=378888.0000) | Viol_Order(max=2.00, mean=0.0441) | Viol_Exist(max=2.00, mean=1.0082) | Mu_O(max=39.4) Mu_E(max=39.4) | Lam_O(max=127.91) Lam_E(max=255.82)

[Projection Start] Batch: 512, Constraints: 33
  [Outer 01/15] Loss (KL=0.0007, Const=2768.8669) | Viol_Order(max=2.00, mean=0.0451) | Viol_Exist(max=2.00, mean=1.0088) | Mu_O(max=1.0) Mu_E(max=1.0) | Lam_O(max=0.00) Lam_E(max=0.00)
  [Outer 10/15] Loss (KL=12.5242, Const=128383.3672) | Viol_Order(max=2.00, mean=0.0392) | Viol_Exist(max=2.00, mean=1.0192) | Mu_O(max=10.6) Mu_E(max=10.6) | Lam_O(max=32.01) Lam_E(max=64.03)
  [Outer 15/15] Loss (KL=22.6400, Const=384106.6562) | Viol_Order(max=2.00, mean=0.0465) | Viol_Exist(max=2.00, mean=1.0065) | Mu_O(max=39.4) Mu_E(max=39.4) | Lam_O(max=127.91) Lam_E(max=255.82)

[Projection Start] Batch: 512, Constraints: 33
  [Outer 01/15] Loss (KL=0.0006, Const=2765.2673) | Viol_Order(max=2.00, mean=0.0476) | Viol_Exist(max=2.00, mean=1.0057) | Mu_O(max=1.0) Mu_E(max=1.0) | Lam_O(max=0.00) Lam_E(max=0.00)
  [Outer 10/15] Loss (KL=11.8712, Const=128802.7891) | Viol_Order(max=2.00, mean=0.0385) | Viol_Exist(max=2.00, mean=1.0167) | Mu_O(max=10.6) Mu_E(max=10.6) | Lam_O(max=32.01) Lam_E(max=64.03)
  [Outer 15/15] Loss (KL=21.8331, Const=384869.1875) | Viol_Order(max=2.00, mean=0.0461) | Viol_Exist(max=2.00, mean=1.0038) | Mu_O(max=39.4) Mu_E(max=39.4) | Lam_O(max=127.91) Lam_E(max=255.82)

[Projection Start] Batch: 512, Constraints: 33
  [Outer 01/15] Loss (KL=0.0013, Const=2749.7925) | Viol_Order(max=2.00, mean=0.0467) | Viol_Exist(max=2.00, mean=1.0046) | Mu_O(max=1.0) Mu_E(max=1.0) | Lam_O(max=0.00) Lam_E(max=0.00)
  [Outer 10/15] Loss (KL=12.3395, Const=127568.3047) | Viol_Order(max=2.00, mean=0.0382) | Viol_Exist(max=2.00, mean=1.0189) | Mu_O(max=10.6) Mu_E(max=10.6) | Lam_O(max=32.01) Lam_E(max=64.03)
  [Outer 15/15] Loss (KL=22.1737, Const=381168.8750) | Viol_Order(max=2.00, mean=0.0455) | Viol_Exist(max=2.00, mean=1.0080) | Mu_O(max=39.4) Mu_E(max=39.4) | Lam_O(max=127.91) Lam_E(max=255.82)

[Projection Start] Batch: 512, Constraints: 33
  [Outer 01/15] Loss (KL=0.0006, Const=2766.6443) | Viol_Order(max=2.00, mean=0.0472) | Viol_Exist(max=2.00, mean=1.0086) | Mu_O(max=1.0) Mu_E(max=1.0) | Lam_O(max=0.00) Lam_E(max=0.00)
  [Outer 10/15] Loss (KL=12.7886, Const=126683.4531) | Viol_Order(max=2.00, mean=0.0362) | Viol_Exist(max=2.00, mean=1.0204) | Mu_O(max=10.6) Mu_E(max=10.6) | Lam_O(max=32.01) Lam_E(max=64.03)
  [Outer 15/15] Loss (KL=22.6341, Const=380063.6250) | Viol_Order(max=2.00, mean=0.0429) | Viol_Exist(max=2.00, mean=1.0068) | Mu_O(max=39.4) Mu_E(max=39.4) | Lam_O(max=127.91) Lam_E(max=255.82)

[Projection Start] Batch: 512, Constraints: 33
  [Outer 01/15] Loss (KL=0.0010, Const=2752.3489) | Viol_Order(max=4.00, mean=0.0436) | Viol_Exist(max=2.00, mean=1.0075) | Mu_O(max=1.0) Mu_E(max=1.0) | Lam_O(max=0.00) Lam_E(max=0.00)
  [Outer 10/15] Loss (KL=12.4686, Const=127529.3359) | Viol_Order(max=2.00, mean=0.0378) | Viol_Exist(max=2.00, mean=1.0147) | Mu_O(max=10.6) Mu_E(max=10.6) | Lam_O(max=41.06) Lam_E(max=64.03)
  [Outer 15/15] Loss (KL=23.3855, Const=377464.8750) | Viol_Order(max=2.00, mean=0.0451) | Viol_Exist(max=2.00, mean=1.0067) | Mu_O(max=39.4) Mu_E(max=39.4) | Lam_O(max=127.91) Lam_E(max=255.82)

[Projection Start] Batch: 512, Constraints: 33
  [Outer 01/15] Loss (KL=0.0010, Const=2754.2168) | Viol_Order(max=2.00, mean=0.0456) | Viol_Exist(max=2.00, mean=1.0063) | Mu_O(max=1.0) Mu_E(max=1.0) | Lam_O(max=0.00) Lam_E(max=0.00)
  [Outer 10/15] Loss (KL=12.6931, Const=125711.6016) | Viol_Order(max=2.00, mean=0.0378) | Viol_Exist(max=2.00, mean=1.0181) | Mu_O(max=10.6) Mu_E(max=10.6) | Lam_O(max=32.01) Lam_E(max=64.03)
  [Outer 15/15] Loss (KL=23.1436, Const=374324.8750) | Viol_Order(max=2.00, mean=0.0436) | Viol_Exist(max=2.00, mean=1.0078) | Mu_O(max=39.4) Mu_E(max=39.4) | Lam_O(max=127.91) Lam_E(max=255.82)

[Projection Start] Batch: 512, Constraints: 33
  [Outer 01/15] Loss (KL=0.0007, Const=2765.1313) | Viol_Order(max=2.00, mean=0.0459) | Viol_Exist(max=2.00, mean=1.0065) | Mu_O(max=1.0) Mu_E(max=1.0) | Lam_O(max=0.00) Lam_E(max=0.00)
  [Outer 10/15] Loss (KL=12.7826, Const=127264.7812) | Viol_Order(max=2.00, mean=0.0373) | Viol_Exist(max=2.00, mean=1.0155) | Mu_O(max=10.6) Mu_E(max=10.6) | Lam_O(max=32.01) Lam_E(max=64.03)
  [Outer 15/15] Loss (KL=23.5310, Const=379123.2500) | Viol_Order(max=2.00, mean=0.0410) | Viol_Exist(max=2.00, mean=1.0049) | Mu_O(max=39.4) Mu_E(max=39.4) | Lam_O(max=127.91) Lam_E(max=255.82)

[Projection Start] Batch: 512, Constraints: 33
  [Outer 01/15] Loss (KL=0.0017, Const=2725.3674) | Viol_Order(max=2.00, mean=0.0430) | Viol_Exist(max=2.00, mean=1.0041) | Mu_O(max=1.0) Mu_E(max=1.0) | Lam_O(max=0.00) Lam_E(max=0.00)
  [Outer 10/15] Loss (KL=12.3916, Const=126924.8984) | Viol_Order(max=2.00, mean=0.0365) | Viol_Exist(max=2.00, mean=1.0165) | Mu_O(max=10.6) Mu_E(max=10.6) | Lam_O(max=32.01) Lam_E(max=64.03)
  [Outer 15/15] Loss (KL=22.1231, Const=379556.4688) | Viol_Order(max=2.00, mean=0.0402) | Viol_Exist(max=2.00, mean=1.0066) | Mu_O(max=39.4) Mu_E(max=39.4) | Lam_O(max=127.91) Lam_E(max=255.82)

[Projection Start] Batch: 512, Constraints: 33
  [Outer 01/15] Loss (KL=0.0007, Const=2732.1973) | Viol_Order(max=2.00, mean=0.0418) | Viol_Exist(max=2.00, mean=1.0064) | Mu_O(max=1.0) Mu_E(max=1.0) | Lam_O(max=0.00) Lam_E(max=0.00)
  [Outer 10/15] Loss (KL=12.3243, Const=128816.5469) | Viol_Order(max=2.00, mean=0.0362) | Viol_Exist(max=2.00, mean=1.0158) | Mu_O(max=10.6) Mu_E(max=10.6) | Lam_O(max=38.20) Lam_E(max=64.03)
  [Outer 15/15] Loss (KL=22.5660, Const=382327.6875) | Viol_Order(max=1.00, mean=0.0443) | Viol_Exist(max=2.00, mean=1.0040) | Mu_O(max=39.4) Mu_E(max=39.4) | Lam_O(max=127.91) Lam_E(max=255.82)

[Projection Start] Batch: 512, Constraints: 33
  [Outer 01/15] Loss (KL=0.0007, Const=2731.5347) | Viol_Order(max=2.00, mean=0.0459) | Viol_Exist(max=2.00, mean=1.0045) | Mu_O(max=1.0) Mu_E(max=1.0) | Lam_O(max=0.00) Lam_E(max=0.00)
  [Outer 10/15] Loss (KL=12.4918, Const=127216.5938) | Viol_Order(max=2.00, mean=0.0351) | Viol_Exist(max=2.00, mean=1.0154) | Mu_O(max=10.6) Mu_E(max=10.6) | Lam_O(max=34.87) Lam_E(max=64.03)
  [Outer 15/15] Loss (KL=22.7007, Const=382507.6875) | Viol_Order(max=2.00, mean=0.0404) | Viol_Exist(max=2.00, mean=1.0054) | Mu_O(max=39.4) Mu_E(max=39.4) | Lam_O(max=127.91) Lam_E(max=255.82)

[Projection Start] Batch: 512, Constraints: 33
  [Outer 01/15] Loss (KL=0.0016, Const=2752.3484) | Viol_Order(max=2.00, mean=0.0426) | Viol_Exist(max=2.00, mean=1.0060) | Mu_O(max=1.0) Mu_E(max=1.0) | Lam_O(max=0.00) Lam_E(max=0.00)
  [Outer 10/15] Loss (KL=12.7075, Const=127007.3203) | Viol_Order(max=2.00, mean=0.0372) | Viol_Exist(max=2.00, mean=1.0145) | Mu_O(max=10.6) Mu_E(max=10.6) | Lam_O(max=32.01) Lam_E(max=64.03)
  [Outer 15/15] Loss (KL=23.0424, Const=383300.6875) | Viol_Order(max=2.00, mean=0.0450) | Viol_Exist(max=2.00, mean=1.0067) | Mu_O(max=39.4) Mu_E(max=39.4) | Lam_O(max=127.91) Lam_E(max=255.82)

[Projection Start] Batch: 512, Constraints: 33
  [Outer 01/15] Loss (KL=0.0002, Const=2762.2761) | Viol_Order(max=2.00, mean=0.0460) | Viol_Exist(max=2.00, mean=1.0073) | Mu_O(max=1.0) Mu_E(max=1.0) | Lam_O(max=0.00) Lam_E(max=0.00)
  [Outer 10/15] Loss (KL=12.7761, Const=126697.7812) | Viol_Order(max=1.00, mean=0.0340) | Viol_Exist(max=2.00, mean=1.0177) | Mu_O(max=10.6) Mu_E(max=10.6) | Lam_O(max=32.01) Lam_E(max=64.03)
  [Outer 15/15] Loss (KL=22.4107, Const=386700.9375) | Viol_Order(max=2.00, mean=0.0406) | Viol_Exist(max=2.00, mean=1.0044) | Mu_O(max=39.4) Mu_E(max=39.4) | Lam_O(max=127.91) Lam_E(max=255.82)

[Projection Start] Batch: 512, Constraints: 33
  [Outer 01/15] Loss (KL=0.0007, Const=2708.7212) | Viol_Order(max=2.00, mean=0.0424) | Viol_Exist(max=2.00, mean=1.0040) | Mu_O(max=1.0) Mu_E(max=1.0) | Lam_O(max=0.00) Lam_E(max=0.00)
  [Outer 10/15] Loss (KL=12.1035, Const=126887.3984) | Viol_Order(max=2.00, mean=0.0362) | Viol_Exist(max=2.00, mean=1.0169) | Mu_O(max=10.6) Mu_E(max=10.6) | Lam_O(max=32.01) Lam_E(max=64.03)
  [Outer 15/15] Loss (KL=22.3095, Const=385560.2500) | Viol_Order(max=4.00, mean=0.0420) | Viol_Exist(max=2.00, mean=1.0073) | Mu_O(max=39.4) Mu_E(max=39.4) | Lam_O(max=127.91) Lam_E(max=255.82)

[Projection Start] Batch: 512, Constraints: 33
  [Outer 01/15] Loss (KL=0.0010, Const=2752.5398) | Viol_Order(max=3.00, mean=0.0433) | Viol_Exist(max=2.00, mean=1.0066) | Mu_O(max=1.0) Mu_E(max=1.0) | Lam_O(max=0.00) Lam_E(max=0.00)
  [Outer 10/15] Loss (KL=12.1303, Const=128458.6562) | Viol_Order(max=2.00, mean=0.0335) | Viol_Exist(max=2.00, mean=1.0193) | Mu_O(max=10.6) Mu_E(max=10.6) | Lam_O(max=35.73) Lam_E(max=64.03)
  [Outer 15/15] Loss (KL=22.2928, Const=383063.0312) | Viol_Order(max=2.00, mean=0.0451) | Viol_Exist(max=2.00, mean=1.0031) | Mu_O(max=39.4) Mu_E(max=39.4) | Lam_O(max=127.91) Lam_E(max=255.82)

[Projection Start] Batch: 512, Constraints: 33
  [Outer 01/15] Loss (KL=0.0003, Const=2721.7588) | Viol_Order(max=2.00, mean=0.0458) | Viol_Exist(max=2.00, mean=1.0030) | Mu_O(max=1.0) Mu_E(max=1.0) | Lam_O(max=0.00) Lam_E(max=0.00)
  [Outer 10/15] Loss (KL=12.6445, Const=125400.3125) | Viol_Order(max=2.00, mean=0.0359) | Viol_Exist(max=2.00, mean=1.0185) | Mu_O(max=10.6) Mu_E(max=10.6) | Lam_O(max=32.01) Lam_E(max=64.03)
  [Outer 15/15] Loss (KL=22.3645, Const=379443.3750) | Viol_Order(max=2.00, mean=0.0437) | Viol_Exist(max=2.00, mean=1.0040) | Mu_O(max=39.4) Mu_E(max=39.4) | Lam_O(max=127.91) Lam_E(max=255.82)

[Projection Start] Batch: 512, Constraints: 33
  [Outer 01/15] Loss (KL=0.0005, Const=2727.3359) | Viol_Order(max=2.00, mean=0.0448) | Viol_Exist(max=2.00, mean=1.0037) | Mu_O(max=1.0) Mu_E(max=1.0) | Lam_O(max=0.00) Lam_E(max=0.00)
  [Outer 10/15] Loss (KL=12.4855, Const=126182.3750) | Viol_Order(max=3.00, mean=0.0362) | Viol_Exist(max=2.00, mean=1.0153) | Mu_O(max=10.6) Mu_E(max=10.6) | Lam_O(max=32.01) Lam_E(max=64.03)
  [Outer 15/15] Loss (KL=22.4403, Const=378073.0000) | Viol_Order(max=1.00, mean=0.0424) | Viol_Exist(max=2.00, mean=1.0070) | Mu_O(max=39.4) Mu_E(max=39.4) | Lam_O(max=127.91) Lam_E(max=255.82)

[Projection Start] Batch: 512, Constraints: 33
  [Outer 01/15] Loss (KL=0.0010, Const=2768.1655) | Viol_Order(max=2.00, mean=0.0433) | Viol_Exist(max=2.00, mean=1.0098) | Mu_O(max=1.0) Mu_E(max=1.0) | Lam_O(max=0.00) Lam_E(max=0.00)
  [Outer 10/15] Loss (KL=13.1876, Const=125420.6250) | Viol_Order(max=2.00, mean=0.0394) | Viol_Exist(max=2.00, mean=1.0143) | Mu_O(max=10.6) Mu_E(max=10.6) | Lam_O(max=32.01) Lam_E(max=64.03)
  [Outer 15/15] Loss (KL=22.4457, Const=379015.7812) | Viol_Order(max=2.00, mean=0.0446) | Viol_Exist(max=2.00, mean=1.0060) | Mu_O(max=39.4) Mu_E(max=39.4) | Lam_O(max=127.91) Lam_E(max=255.82)

[Projection Start] Batch: 512, Constraints: 33
  [Outer 01/15] Loss (KL=0.0016, Const=2745.7783) | Viol_Order(max=2.00, mean=0.0461) | Viol_Exist(max=2.00, mean=1.0059) | Mu_O(max=1.0) Mu_E(max=1.0) | Lam_O(max=0.00) Lam_E(max=0.00)
  [Outer 10/15] Loss (KL=12.3315, Const=129278.5469) | Viol_Order(max=2.00, mean=0.0349) | Viol_Exist(max=2.00, mean=1.0207) | Mu_O(max=10.6) Mu_E(max=10.6) | Lam_O(max=32.01) Lam_E(max=64.03)
  [Outer 15/15] Loss (KL=23.1183, Const=384565.0000) | Viol_Order(max=2.00, mean=0.0434) | Viol_Exist(max=2.00, mean=1.0053) | Mu_O(max=39.4) Mu_E(max=39.4) | Lam_O(max=127.91) Lam_E(max=255.82)

[Projection Start] Batch: 512, Constraints: 33
  [Outer 01/15] Loss (KL=0.0008, Const=2737.4214) | Viol_Order(max=2.00, mean=0.0452) | Viol_Exist(max=2.00, mean=1.0043) | Mu_O(max=1.0) Mu_E(max=1.0) | Lam_O(max=0.00) Lam_E(max=0.00)
  [Outer 10/15] Loss (KL=12.5504, Const=126706.4062) | Viol_Order(max=2.00, mean=0.0379) | Viol_Exist(max=2.00, mean=1.0151) | Mu_O(max=10.6) Mu_E(max=10.6) | Lam_O(max=32.01) Lam_E(max=64.03)
  [Outer 15/15] Loss (KL=22.3806, Const=379551.2188) | Viol_Order(max=2.00, mean=0.0452) | Viol_Exist(max=2.00, mean=1.0055) | Mu_O(max=39.4) Mu_E(max=39.4) | Lam_O(max=127.91) Lam_E(max=255.82)

[Projection Start] Batch: 512, Constraints: 33
  [Outer 01/15] Loss (KL=0.0004, Const=2778.3245) | Viol_Order(max=4.00, mean=0.0472) | Viol_Exist(max=2.00, mean=1.0072) | Mu_O(max=1.0) Mu_E(max=1.0) | Lam_O(max=0.00) Lam_E(max=0.00)
  [Outer 10/15] Loss (KL=13.0076, Const=125491.7188) | Viol_Order(max=2.00, mean=0.0383) | Viol_Exist(max=2.00, mean=1.0183) | Mu_O(max=10.6) Mu_E(max=10.6) | Lam_O(max=32.01) Lam_E(max=64.03)
  [Outer 15/15] Loss (KL=22.8490, Const=373963.1250) | Viol_Order(max=2.00, mean=0.0432) | Viol_Exist(max=2.00, mean=1.0036) | Mu_O(max=39.4) Mu_E(max=39.4) | Lam_O(max=127.91) Lam_E(max=255.82)

[Projection Start] Batch: 512, Constraints: 33
  [Outer 01/15] Loss (KL=0.0008, Const=2700.3948) | Viol_Order(max=2.00, mean=0.0440) | Viol_Exist(max=2.00, mean=1.0028) | Mu_O(max=1.0) Mu_E(max=1.0) | Lam_O(max=0.00) Lam_E(max=0.00)
  [Outer 10/15] Loss (KL=12.8639, Const=125618.5938) | Viol_Order(max=2.00, mean=0.0349) | Viol_Exist(max=2.00, mean=1.0160) | Mu_O(max=10.6) Mu_E(max=10.6) | Lam_O(max=32.01) Lam_E(max=64.03)
  [Outer 15/15] Loss (KL=21.9213, Const=377897.6250) | Viol_Order(max=2.00, mean=0.0436) | Viol_Exist(max=2.00, mean=1.0026) | Mu_O(max=39.4) Mu_E(max=39.4) | Lam_O(max=127.91) Lam_E(max=255.82)

[Projection Start] Batch: 512, Constraints: 33
  [Outer 01/15] Loss (KL=0.0004, Const=2721.0840) | Viol_Order(max=2.00, mean=0.0452) | Viol_Exist(max=2.00, mean=1.0037) | Mu_O(max=1.0) Mu_E(max=1.0) | Lam_O(max=0.00) Lam_E(max=0.00)
  [Outer 10/15] Loss (KL=12.5622, Const=124736.8984) | Viol_Order(max=2.00, mean=0.0360) | Viol_Exist(max=2.00, mean=1.0176) | Mu_O(max=10.6) Mu_E(max=10.6) | Lam_O(max=36.84) Lam_E(max=64.03)
  [Outer 15/15] Loss (KL=22.2737, Const=380615.6250) | Viol_Order(max=1.00, mean=0.0420) | Viol_Exist(max=2.00, mean=1.0043) | Mu_O(max=39.4) Mu_E(max=39.4) | Lam_O(max=127.91) Lam_E(max=255.82)

[Projection Start] Batch: 512, Constraints: 33
  [Outer 01/15] Loss (KL=0.0004, Const=2732.2854) | Viol_Order(max=2.00, mean=0.0438) | Viol_Exist(max=2.00, mean=1.0054) | Mu_O(max=1.0) Mu_E(max=1.0) | Lam_O(max=0.00) Lam_E(max=0.00)
  [Outer 10/15] Loss (KL=13.3462, Const=124394.7344) | Viol_Order(max=2.00, mean=0.0381) | Viol_Exist(max=2.00, mean=1.0136) | Mu_O(max=10.6) Mu_E(max=10.6) | Lam_O(max=38.29) Lam_E(max=64.03)
  [Outer 15/15] Loss (KL=22.3508, Const=376486.6250) | Viol_Order(max=2.00, mean=0.0432) | Viol_Exist(max=2.00, mean=1.0059) | Mu_O(max=39.4) Mu_E(max=39.4) | Lam_O(max=127.91) Lam_E(max=255.82)

[Projection Start] Batch: 512, Constraints: 33
  [Outer 01/15] Loss (KL=0.0015, Const=2751.3660) | Viol_Order(max=2.00, mean=0.0441) | Viol_Exist(max=2.00, mean=1.0059) | Mu_O(max=1.0) Mu_E(max=1.0) | Lam_O(max=0.00) Lam_E(max=0.00)
  [Outer 10/15] Loss (KL=12.6350, Const=126404.5469) | Viol_Order(max=2.00, mean=0.0370) | Viol_Exist(max=2.00, mean=1.0154) | Mu_O(max=10.6) Mu_E(max=10.6) | Lam_O(max=32.01) Lam_E(max=64.03)
  [Outer 15/15] Loss (KL=23.0727, Const=378780.0000) | Viol_Order(max=2.00, mean=0.0423) | Viol_Exist(max=2.00, mean=1.0031) | Mu_O(max=39.4) Mu_E(max=39.4) | Lam_O(max=127.91) Lam_E(max=255.82)

[Projection Start] Batch: 512, Constraints: 33
  [Outer 01/15] Loss (KL=0.0003, Const=2718.1699) | Viol_Order(max=2.00, mean=0.0442) | Viol_Exist(max=2.00, mean=1.0024) | Mu_O(max=1.0) Mu_E(max=1.0) | Lam_O(max=0.00) Lam_E(max=0.00)
  [Outer 10/15] Loss (KL=12.9829, Const=123490.8906) | Viol_Order(max=2.00, mean=0.0346) | Viol_Exist(max=2.00, mean=1.0133) | Mu_O(max=10.6) Mu_E(max=10.6) | Lam_O(max=41.06) Lam_E(max=64.03)
  [Outer 15/15] Loss (KL=22.7605, Const=374232.4062) | Viol_Order(max=2.00, mean=0.0416) | Viol_Exist(max=2.00, mean=1.0053) | Mu_O(max=39.4) Mu_E(max=39.4) | Lam_O(max=127.91) Lam_E(max=255.82)

[Projection Start] Batch: 512, Constraints: 33
  [Outer 01/15] Loss (KL=0.0022, Const=2729.2852) | Viol_Order(max=2.00, mean=0.0433) | Viol_Exist(max=2.00, mean=1.0057) | Mu_O(max=1.0) Mu_E(max=1.0) | Lam_O(max=0.00) Lam_E(max=0.00)
  [Outer 10/15] Loss (KL=13.5490, Const=121866.4531) | Viol_Order(max=3.00, mean=0.0341) | Viol_Exist(max=2.00, mean=1.0182) | Mu_O(max=10.6) Mu_E(max=10.6) | Lam_O(max=32.01) Lam_E(max=64.03)
  [Outer 15/15] Loss (KL=23.2080, Const=367542.1875) | Viol_Order(max=2.00, mean=0.0430) | Viol_Exist(max=2.00, mean=1.0034) | Mu_O(max=39.4) Mu_E(max=39.4) | Lam_O(max=127.91) Lam_E(max=255.82)

[Projection Start] Batch: 512, Constraints: 33
  [Outer 01/15] Loss (KL=0.0004, Const=2722.2827) | Viol_Order(max=2.00, mean=0.0431) | Viol_Exist(max=2.00, mean=1.0059) | Mu_O(max=1.0) Mu_E(max=1.0) | Lam_O(max=0.00) Lam_E(max=0.00)
  [Outer 10/15] Loss (KL=13.1412, Const=122890.9453) | Viol_Order(max=2.00, mean=0.0344) | Viol_Exist(max=2.00, mean=1.0181) | Mu_O(max=10.6) Mu_E(max=10.6) | Lam_O(max=35.17) Lam_E(max=64.03)
  [Outer 15/15] Loss (KL=22.7000, Const=370058.2500) | Viol_Order(max=2.00, mean=0.0427) | Viol_Exist(max=2.00, mean=1.0059) | Mu_O(max=39.4) Mu_E(max=39.4) | Lam_O(max=127.91) Lam_E(max=255.82)

[Projection Start] Batch: 512, Constraints: 33
  [Outer 01/15] Loss (KL=0.0013, Const=2735.0117) | Viol_Order(max=2.00, mean=0.0446) | Viol_Exist(max=2.00, mean=1.0057) | Mu_O(max=1.0) Mu_E(max=1.0) | Lam_O(max=0.00) Lam_E(max=0.00)
  [Outer 10/15] Loss (KL=13.4407, Const=121333.9922) | Viol_Order(max=2.00, mean=0.0335) | Viol_Exist(max=2.00, mean=1.0167) | Mu_O(max=10.6) Mu_E(max=10.6) | Lam_O(max=32.01) Lam_E(max=64.03)
  [Outer 15/15] Loss (KL=22.5927, Const=367749.9375) | Viol_Order(max=2.00, mean=0.0398) | Viol_Exist(max=2.00, mean=1.0041) | Mu_O(max=39.4) Mu_E(max=39.4) | Lam_O(max=127.91) Lam_E(max=255.82)

[Projection Start] Batch: 512, Constraints: 33
  [Outer 01/15] Loss (KL=0.0003, Const=2718.6663) | Viol_Order(max=2.00, mean=0.0413) | Viol_Exist(max=2.00, mean=1.0060) | Mu_O(max=1.0) Mu_E(max=1.0) | Lam_O(max=0.00) Lam_E(max=0.00)
  [Outer 10/15] Loss (KL=12.9288, Const=122775.5625) | Viol_Order(max=2.00, mean=0.0334) | Viol_Exist(max=2.00, mean=1.0137) | Mu_O(max=10.6) Mu_E(max=10.6) | Lam_O(max=32.01) Lam_E(max=64.03)
  [Outer 15/15] Loss (KL=22.7272, Const=369300.6875) | Viol_Order(max=2.00, mean=0.0421) | Viol_Exist(max=2.00, mean=1.0076) | Mu_O(max=39.4) Mu_E(max=39.4) | Lam_O(max=127.91) Lam_E(max=255.82)

[Projection Start] Batch: 512, Constraints: 33
  [Outer 01/15] Loss (KL=0.0008, Const=2733.4878) | Viol_Order(max=2.00, mean=0.0431) | Viol_Exist(max=2.00, mean=1.0073) | Mu_O(max=1.0) Mu_E(max=1.0) | Lam_O(max=0.00) Lam_E(max=0.00)
  [Outer 10/15] Loss (KL=12.9613, Const=124217.0078) | Viol_Order(max=2.00, mean=0.0362) | Viol_Exist(max=2.00, mean=1.0157) | Mu_O(max=10.6) Mu_E(max=10.6) | Lam_O(max=36.00) Lam_E(max=64.03)
  [Outer 15/15] Loss (KL=22.7202, Const=374792.7812) | Viol_Order(max=2.00, mean=0.0414) | Viol_Exist(max=2.00, mean=1.0070) | Mu_O(max=39.4) Mu_E(max=39.4) | Lam_O(max=127.91) Lam_E(max=255.82)

[Projection Start] Batch: 512, Constraints: 33
  [Outer 01/15] Loss (KL=0.0004, Const=2728.7986) | Viol_Order(max=2.00, mean=0.0424) | Viol_Exist(max=2.00, mean=1.0057) | Mu_O(max=1.0) Mu_E(max=1.0) | Lam_O(max=0.00) Lam_E(max=0.00)
  [Outer 10/15] Loss (KL=13.0235, Const=124908.0000) | Viol_Order(max=1.00, mean=0.0356) | Viol_Exist(max=2.00, mean=1.0152) | Mu_O(max=10.6) Mu_E(max=10.6) | Lam_O(max=32.01) Lam_E(max=64.03)
  [Outer 15/15] Loss (KL=22.3797, Const=374546.2500) | Viol_Order(max=2.00, mean=0.0414) | Viol_Exist(max=2.00, mean=1.0037) | Mu_O(max=39.4) Mu_E(max=39.4) | Lam_O(max=127.91) Lam_E(max=255.82)

[Projection Start] Batch: 512, Constraints: 33
  [Outer 01/15] Loss (KL=0.0008, Const=2721.8169) | Viol_Order(max=2.00, mean=0.0424) | Viol_Exist(max=2.00, mean=1.0059) | Mu_O(max=1.0) Mu_E(max=1.0) | Lam_O(max=0.00) Lam_E(max=0.00)
  [Outer 10/15] Loss (KL=12.5046, Const=124771.9453) | Viol_Order(max=2.00, mean=0.0346) | Viol_Exist(max=2.00, mean=1.0175) | Mu_O(max=10.6) Mu_E(max=10.6) | Lam_O(max=32.01) Lam_E(max=64.03)
  [Outer 15/15] Loss (KL=21.9263, Const=375528.8750) | Viol_Order(max=2.00, mean=0.0384) | Viol_Exist(max=2.00, mean=1.0069) | Mu_O(max=39.4) Mu_E(max=39.4) | Lam_O(max=127.91) Lam_E(max=255.82)

[Projection Start] Batch: 512, Constraints: 33
  [Outer 01/15] Loss (KL=0.0011, Const=2705.9360) | Viol_Order(max=2.00, mean=0.0392) | Viol_Exist(max=2.00, mean=1.0059) | Mu_O(max=1.0) Mu_E(max=1.0) | Lam_O(max=0.00) Lam_E(max=0.00)
  [Outer 10/15] Loss (KL=12.8696, Const=124575.6094) | Viol_Order(max=2.00, mean=0.0353) | Viol_Exist(max=2.00, mean=1.0120) | Mu_O(max=10.6) Mu_E(max=10.6) | Lam_O(max=32.01) Lam_E(max=64.03)
  [Outer 15/15] Loss (KL=22.4464, Const=377580.3438) | Viol_Order(max=2.00, mean=0.0410) | Viol_Exist(max=2.00, mean=1.0031) | Mu_O(max=39.4) Mu_E(max=39.4) | Lam_O(max=127.91) Lam_E(max=255.82)

[Projection Start] Batch: 512, Constraints: 33
  [Outer 01/15] Loss (KL=0.0009, Const=2702.4153) | Viol_Order(max=3.00, mean=0.0419) | Viol_Exist(max=2.00, mean=1.0033) | Mu_O(max=1.0) Mu_E(max=1.0) | Lam_O(max=0.00) Lam_E(max=0.00)
  [Outer 10/15] Loss (KL=12.7261, Const=124540.8125) | Viol_Order(max=2.00, mean=0.0359) | Viol_Exist(max=2.00, mean=1.0152) | Mu_O(max=10.6) Mu_E(max=10.6) | Lam_O(max=32.01) Lam_E(max=64.03)
  [Outer 15/15] Loss (KL=22.1885, Const=375977.0938) | Viol_Order(max=1.00, mean=0.0390) | Viol_Exist(max=2.00, mean=1.0025) | Mu_O(max=39.4) Mu_E(max=39.4) | Lam_O(max=127.91) Lam_E(max=255.82)

[Projection Start] Batch: 512, Constraints: 33
  [Outer 01/15] Loss (KL=0.0009, Const=2669.1084) | Viol_Order(max=2.00, mean=0.0394) | Viol_Exist(max=2.00, mean=1.0022) | Mu_O(max=1.0) Mu_E(max=1.0) | Lam_O(max=0.00) Lam_E(max=0.00)
  [Outer 10/15] Loss (KL=13.2179, Const=121509.5000) | Viol_Order(max=2.00, mean=0.0373) | Viol_Exist(max=2.00, mean=1.0136) | Mu_O(max=10.6) Mu_E(max=10.6) | Lam_O(max=32.01) Lam_E(max=64.03)
  [Outer 15/15] Loss (KL=22.5088, Const=370448.6562) | Viol_Order(max=2.00, mean=0.0402) | Viol_Exist(max=2.00, mean=1.0016) | Mu_O(max=39.4) Mu_E(max=39.4) | Lam_O(max=127.91) Lam_E(max=255.82)

[Projection Start] Batch: 512, Constraints: 33
  [Outer 01/15] Loss (KL=0.0004, Const=2688.0762) | Viol_Order(max=2.00, mean=0.0405) | Viol_Exist(max=2.00, mean=1.0040) | Mu_O(max=1.0) Mu_E(max=1.0) | Lam_O(max=0.00) Lam_E(max=0.00)
  [Outer 10/15] Loss (KL=12.8686, Const=122298.9688) | Viol_Order(max=2.00, mean=0.0312) | Viol_Exist(max=2.00, mean=1.0143) | Mu_O(max=10.6) Mu_E(max=10.6) | Lam_O(max=32.01) Lam_E(max=64.03)
  [Outer 15/15] Loss (KL=22.2829, Const=372437.0000) | Viol_Order(max=2.00, mean=0.0394) | Viol_Exist(max=2.00, mean=1.0037) | Mu_O(max=39.4) Mu_E(max=39.4) | Lam_O(max=127.91) Lam_E(max=255.82)

[Projection Start] Batch: 512, Constraints: 33
  [Outer 01/15] Loss (KL=0.0007, Const=2718.9326) | Viol_Order(max=2.00, mean=0.0413) | Viol_Exist(max=2.00, mean=1.0063) | Mu_O(max=1.0) Mu_E(max=1.0) | Lam_O(max=0.00) Lam_E(max=0.00)
  [Outer 10/15] Loss (KL=12.8454, Const=122365.4531) | Viol_Order(max=2.00, mean=0.0346) | Viol_Exist(max=2.00, mean=1.0134) | Mu_O(max=10.6) Mu_E(max=10.6) | Lam_O(max=32.01) Lam_E(max=64.03)
  [Outer 15/15] Loss (KL=22.9338, Const=368397.3125) | Viol_Order(max=2.00, mean=0.0407) | Viol_Exist(max=2.00, mean=1.0017) | Mu_O(max=39.4) Mu_E(max=39.4) | Lam_O(max=127.91) Lam_E(max=255.82)

[Projection Start] Batch: 512, Constraints: 33
  [Outer 01/15] Loss (KL=0.0013, Const=2693.9207) | Viol_Order(max=2.00, mean=0.0419) | Viol_Exist(max=2.00, mean=1.0027) | Mu_O(max=1.0) Mu_E(max=1.0) | Lam_O(max=0.00) Lam_E(max=0.00)
  [Outer 10/15] Loss (KL=13.5851, Const=122405.9688) | Viol_Order(max=2.00, mean=0.0353) | Viol_Exist(max=2.00, mean=1.0124) | Mu_O(max=10.6) Mu_E(max=10.6) | Lam_O(max=32.01) Lam_E(max=64.03)
  [Outer 15/15] Loss (KL=22.7789, Const=369032.8438) | Viol_Order(max=1.00, mean=0.0417) | Viol_Exist(max=2.00, mean=1.0019) | Mu_O(max=39.4) Mu_E(max=39.4) | Lam_O(max=127.91) Lam_E(max=255.82)

[Projection Start] Batch: 512, Constraints: 33
  [Outer 01/15] Loss (KL=0.0007, Const=2688.8650) | Viol_Order(max=3.00, mean=0.0430) | Viol_Exist(max=2.00, mean=1.0020) | Mu_O(max=1.0) Mu_E(max=1.0) | Lam_O(max=0.00) Lam_E(max=0.00)
  [Outer 10/15] Loss (KL=12.9547, Const=122595.9062) | Viol_Order(max=2.00, mean=0.0369) | Viol_Exist(max=2.00, mean=1.0136) | Mu_O(max=10.6) Mu_E(max=10.6) | Lam_O(max=32.01) Lam_E(max=64.03)
  [Outer 15/15] Loss (KL=23.3738, Const=369330.0938) | Viol_Order(max=1.00, mean=0.0412) | Viol_Exist(max=2.00, mean=1.0007) | Mu_O(max=39.4) Mu_E(max=39.4) | Lam_O(max=127.91) Lam_E(max=255.82)

[Projection Start] Batch: 512, Constraints: 33
  [Outer 01/15] Loss (KL=0.0002, Const=2676.2053) | Viol_Order(max=2.00, mean=0.0424) | Viol_Exist(max=2.00, mean=1.0014) | Mu_O(max=1.0) Mu_E(max=1.0) | Lam_O(max=0.00) Lam_E(max=0.00)
  [Outer 10/15] Loss (KL=13.2366, Const=121434.8828) | Viol_Order(max=2.00, mean=0.0371) | Viol_Exist(max=2.00, mean=1.0134) | Mu_O(max=10.6) Mu_E(max=10.6) | Lam_O(max=32.01) Lam_E(max=64.03)
  [Outer 15/15] Loss (KL=22.4205, Const=363984.8750) | Viol_Order(max=2.00, mean=0.0392) | Viol_Exist(max=2.00, mean=1.0037) | Mu_O(max=39.4) Mu_E(max=39.4) | Lam_O(max=127.91) Lam_E(max=255.82)

[Projection Start] Batch: 512, Constraints: 33
  [Outer 01/15] Loss (KL=0.0006, Const=2695.8286) | Viol_Order(max=2.00, mean=0.0401) | Viol_Exist(max=2.00, mean=1.0044) | Mu_O(max=1.0) Mu_E(max=1.0) | Lam_O(max=0.00) Lam_E(max=0.00)
  [Outer 10/15] Loss (KL=13.7082, Const=119832.4531) | Viol_Order(max=2.00, mean=0.0331) | Viol_Exist(max=2.00, mean=1.0148) | Mu_O(max=10.6) Mu_E(max=10.6) | Lam_O(max=32.01) Lam_E(max=64.03)
  [Outer 15/15] Loss (KL=22.9728, Const=365630.6250) | Viol_Order(max=2.00, mean=0.0405) | Viol_Exist(max=2.00, mean=1.0022) | Mu_O(max=39.4) Mu_E(max=39.4) | Lam_O(max=127.91) Lam_E(max=255.82)

[Projection Start] Batch: 512, Constraints: 33
  [Outer 01/15] Loss (KL=0.0004, Const=2691.7937) | Viol_Order(max=2.00, mean=0.0418) | Viol_Exist(max=2.00, mean=1.0022) | Mu_O(max=1.0) Mu_E(max=1.0) | Lam_O(max=0.00) Lam_E(max=0.00)
  [Outer 10/15] Loss (KL=13.1607, Const=122156.9453) | Viol_Order(max=2.00, mean=0.0373) | Viol_Exist(max=2.00, mean=1.0165) | Mu_O(max=10.6) Mu_E(max=10.6) | Lam_O(max=32.01) Lam_E(max=64.03)
  [Outer 15/15] Loss (KL=22.5744, Const=367996.8438) | Viol_Order(max=2.00, mean=0.0417) | Viol_Exist(max=2.00, mean=1.0027) | Mu_O(max=39.4) Mu_E(max=39.4) | Lam_O(max=127.91) Lam_E(max=255.82)

[Projection Start] Batch: 512, Constraints: 33
  [Outer 01/15] Loss (KL=0.0012, Const=2701.6084) | Viol_Order(max=2.00, mean=0.0426) | Viol_Exist(max=2.00, mean=1.0021) | Mu_O(max=1.0) Mu_E(max=1.0) | Lam_O(max=0.00) Lam_E(max=0.00)
  [Outer 10/15] Loss (KL=13.8267, Const=118620.0781) | Viol_Order(max=1.00, mean=0.0342) | Viol_Exist(max=2.00, mean=1.0148) | Mu_O(max=10.6) Mu_E(max=10.6) | Lam_O(max=32.01) Lam_E(max=64.03)
  [Outer 15/15] Loss (KL=22.4877, Const=365438.5000) | Viol_Order(max=2.00, mean=0.0424) | Viol_Exist(max=2.00, mean=1.0049) | Mu_O(max=39.4) Mu_E(max=39.4) | Lam_O(max=127.91) Lam_E(max=255.82)

[Projection Start] Batch: 512, Constraints: 33
  [Outer 01/15] Loss (KL=0.0009, Const=2751.0786) | Viol_Order(max=2.00, mean=0.0434) | Viol_Exist(max=2.00, mean=1.0073) | Mu_O(max=1.0) Mu_E(max=1.0) | Lam_O(max=0.00) Lam_E(max=0.00)
  [Outer 10/15] Loss (KL=13.5439, Const=123148.2031) | Viol_Order(max=2.00, mean=0.0340) | Viol_Exist(max=2.00, mean=1.0150) | Mu_O(max=10.6) Mu_E(max=10.6) | Lam_O(max=36.61) Lam_E(max=64.03)
  [Outer 15/15] Loss (KL=23.1910, Const=368126.2500) | Viol_Order(max=1.00, mean=0.0398) | Viol_Exist(max=2.00, mean=1.0051) | Mu_O(max=39.4) Mu_E(max=39.4) | Lam_O(max=127.91) Lam_E(max=255.82)

[Projection Start] Batch: 512, Constraints: 33
  [Outer 01/15] Loss (KL=0.0005, Const=2689.5188) | Viol_Order(max=2.00, mean=0.0411) | Viol_Exist(max=2.00, mean=1.0042) | Mu_O(max=1.0) Mu_E(max=1.0) | Lam_O(max=0.00) Lam_E(max=0.00)
  [Outer 10/15] Loss (KL=13.2408, Const=120851.1719) | Viol_Order(max=2.00, mean=0.0354) | Viol_Exist(max=2.00, mean=1.0123) | Mu_O(max=10.6) Mu_E(max=10.6) | Lam_O(max=32.01) Lam_E(max=64.03)
  [Outer 15/15] Loss (KL=23.3102, Const=362907.4062) | Viol_Order(max=1.00, mean=0.0402) | Viol_Exist(max=2.00, mean=1.0029) | Mu_O(max=39.4) Mu_E(max=39.4) | Lam_O(max=127.91) Lam_E(max=255.82)

[Projection Start] Batch: 512, Constraints: 33
  [Outer 01/15] Loss (KL=0.0013, Const=2687.6472) | Viol_Order(max=2.00, mean=0.0413) | Viol_Exist(max=2.00, mean=1.0041) | Mu_O(max=1.0) Mu_E(max=1.0) | Lam_O(max=0.00) Lam_E(max=0.00)
  [Outer 10/15] Loss (KL=13.2100, Const=121225.3516) | Viol_Order(max=2.00, mean=0.0359) | Viol_Exist(max=2.00, mean=1.0120) | Mu_O(max=10.6) Mu_E(max=10.6) | Lam_O(max=35.17) Lam_E(max=64.03)
  [Outer 15/15] Loss (KL=23.3990, Const=364464.3750) | Viol_Order(max=2.00, mean=0.0400) | Viol_Exist(max=2.00, mean=1.0022) | Mu_O(max=39.4) Mu_E(max=39.4) | Lam_O(max=127.91) Lam_E(max=255.82)

[Projection Start] Batch: 512, Constraints: 33
  [Outer 01/15] Loss (KL=0.0003, Const=2668.1560) | Viol_Order(max=2.00, mean=0.0408) | Viol_Exist(max=2.00, mean=1.0027) | Mu_O(max=1.0) Mu_E(max=1.0) | Lam_O(max=0.00) Lam_E(max=0.00)
  [Outer 10/15] Loss (KL=13.0679, Const=119839.2812) | Viol_Order(max=2.00, mean=0.0338) | Viol_Exist(max=2.00, mean=1.0141) | Mu_O(max=10.6) Mu_E(max=10.6) | Lam_O(max=32.01) Lam_E(max=64.03)
  [Outer 15/15] Loss (KL=21.9590, Const=365563.4375) | Viol_Order(max=1.00, mean=0.0398) | Viol_Exist(max=2.00, mean=1.0074) | Mu_O(max=39.4) Mu_E(max=39.4) | Lam_O(max=127.91) Lam_E(max=255.82)

[Projection Start] Batch: 512, Constraints: 33
  [Outer 01/15] Loss (KL=0.0005, Const=2703.8538) | Viol_Order(max=2.00, mean=0.0404) | Viol_Exist(max=2.00, mean=1.0066) | Mu_O(max=1.0) Mu_E(max=1.0) | Lam_O(max=0.00) Lam_E(max=0.00)
  [Outer 10/15] Loss (KL=13.5993, Const=121581.1172) | Viol_Order(max=2.00, mean=0.0360) | Viol_Exist(max=2.00, mean=1.0149) | Mu_O(max=10.6) Mu_E(max=10.6) | Lam_O(max=32.01) Lam_E(max=64.03)
  [Outer 15/15] Loss (KL=23.2001, Const=365791.8125) | Viol_Order(max=2.00, mean=0.0411) | Viol_Exist(max=2.00, mean=1.0027) | Mu_O(max=39.4) Mu_E(max=39.4) | Lam_O(max=127.91) Lam_E(max=255.82)

[Projection Start] Batch: 512, Constraints: 33
  [Outer 01/15] Loss (KL=0.0005, Const=2685.6711) | Viol_Order(max=2.00, mean=0.0410) | Viol_Exist(max=2.00, mean=1.0044) | Mu_O(max=1.0) Mu_E(max=1.0) | Lam_O(max=0.00) Lam_E(max=0.00)
  [Outer 10/15] Loss (KL=14.0660, Const=117780.2891) | Viol_Order(max=2.00, mean=0.0346) | Viol_Exist(max=2.00, mean=1.0126) | Mu_O(max=10.6) Mu_E(max=10.6) | Lam_O(max=32.01) Lam_E(max=64.03)
  [Outer 15/15] Loss (KL=22.3811, Const=361487.1250) | Viol_Order(max=4.00, mean=0.0398) | Viol_Exist(max=2.00, mean=1.0040) | Mu_O(max=39.4) Mu_E(max=39.4) | Lam_O(max=127.91) Lam_E(max=255.82)

[Projection Start] Batch: 512, Constraints: 33
  [Outer 01/15] Loss (KL=0.0011, Const=2684.4829) | Viol_Order(max=4.00, mean=0.0401) | Viol_Exist(max=2.00, mean=1.0043) | Mu_O(max=1.0) Mu_E(max=1.0) | Lam_O(max=0.00) Lam_E(max=0.00)
  [Outer 10/15] Loss (KL=13.1846, Const=121478.7891) | Viol_Order(max=2.00, mean=0.0342) | Viol_Exist(max=2.00, mean=1.0169) | Mu_O(max=10.6) Mu_E(max=10.6) | Lam_O(max=32.01) Lam_E(max=64.03)
  [Outer 15/15] Loss (KL=22.0628, Const=365915.0000) | Viol_Order(max=1.00, mean=0.0409) | Viol_Exist(max=2.00, mean=1.0024) | Mu_O(max=39.4) Mu_E(max=39.4) | Lam_O(max=127.91) Lam_E(max=255.82)

[Projection Start] Batch: 512, Constraints: 33
  [Outer 01/15] Loss (KL=0.0015, Const=2688.3394) | Viol_Order(max=2.00, mean=0.0421) | Viol_Exist(max=2.00, mean=1.0033) | Mu_O(max=1.0) Mu_E(max=1.0) | Lam_O(max=0.00) Lam_E(max=0.00)
  [Outer 10/15] Loss (KL=13.6465, Const=120120.7031) | Viol_Order(max=2.00, mean=0.0342) | Viol_Exist(max=2.00, mean=1.0156) | Mu_O(max=10.6) Mu_E(max=10.6) | Lam_O(max=32.01) Lam_E(max=64.03)
  [Outer 15/15] Loss (KL=23.4988, Const=366990.8438) | Viol_Order(max=2.00, mean=0.0377) | Viol_Exist(max=2.00, mean=1.0049) | Mu_O(max=39.4) Mu_E(max=39.4) | Lam_O(max=127.91) Lam_E(max=255.82)

[Projection Start] Batch: 512, Constraints: 33
  [Outer 01/15] Loss (KL=0.0003, Const=2675.9946) | Viol_Order(max=3.00, mean=0.0394) | Viol_Exist(max=2.00, mean=1.0049) | Mu_O(max=1.0) Mu_E(max=1.0) | Lam_O(max=0.00) Lam_E(max=0.00)
  [Outer 10/15] Loss (KL=13.4202, Const=120847.8594) | Viol_Order(max=2.00, mean=0.0357) | Viol_Exist(max=2.00, mean=1.0150) | Mu_O(max=10.6) Mu_E(max=10.6) | Lam_O(max=32.01) Lam_E(max=64.03)
  [Outer 15/15] Loss (KL=22.6936, Const=367742.2812) | Viol_Order(max=4.00, mean=0.0386) | Viol_Exist(max=2.00, mean=1.0076) | Mu_O(max=39.4) Mu_E(max=39.4) | Lam_O(max=127.91) Lam_E(max=255.82)

[Projection Start] Batch: 512, Constraints: 33
  [Outer 01/15] Loss (KL=0.0008, Const=2703.5283) | Viol_Order(max=4.00, mean=0.0401) | Viol_Exist(max=2.00, mean=1.0069) | Mu_O(max=1.0) Mu_E(max=1.0) | Lam_O(max=0.00) Lam_E(max=0.00)
  [Outer 10/15] Loss (KL=13.5440, Const=121002.0469) | Viol_Order(max=2.00, mean=0.0336) | Viol_Exist(max=2.00, mean=1.0156) | Mu_O(max=10.6) Mu_E(max=10.6) | Lam_O(max=32.01) Lam_E(max=64.03)
  [Outer 15/15] Loss (KL=22.9070, Const=368815.6875) | Viol_Order(max=1.00, mean=0.0374) | Viol_Exist(max=2.00, mean=1.0038) | Mu_O(max=39.4) Mu_E(max=39.4) | Lam_O(max=127.91) Lam_E(max=255.82)

[Projection Start] Batch: 512, Constraints: 33
  [Outer 01/15] Loss (KL=0.0009, Const=2670.0464) | Viol_Order(max=2.00, mean=0.0389) | Viol_Exist(max=2.00, mean=1.0049) | Mu_O(max=1.0) Mu_E(max=1.0) | Lam_O(max=0.00) Lam_E(max=0.00)
  [Outer 10/15] Loss (KL=13.5266, Const=119111.4531) | Viol_Order(max=2.00, mean=0.0346) | Viol_Exist(max=2.00, mean=1.0155) | Mu_O(max=10.6) Mu_E(max=10.6) | Lam_O(max=36.00) Lam_E(max=64.03)
  [Outer 15/15] Loss (KL=23.0216, Const=359396.4062) | Viol_Order(max=2.00, mean=0.0404) | Viol_Exist(max=2.00, mean=1.0044) | Mu_O(max=39.4) Mu_E(max=39.4) | Lam_O(max=127.91) Lam_E(max=255.82)

[Projection Start] Batch: 512, Constraints: 33
  [Outer 01/15] Loss (KL=0.0007, Const=2706.3975) | Viol_Order(max=2.00, mean=0.0407) | Viol_Exist(max=2.00, mean=1.0056) | Mu_O(max=1.0) Mu_E(max=1.0) | Lam_O(max=0.00) Lam_E(max=0.00)
  [Outer 10/15] Loss (KL=13.2553, Const=121253.5156) | Viol_Order(max=1.00, mean=0.0340) | Viol_Exist(max=2.00, mean=1.0169) | Mu_O(max=10.6) Mu_E(max=10.6) | Lam_O(max=32.01) Lam_E(max=64.03)
  [Outer 15/15] Loss (KL=22.9691, Const=367685.1250) | Viol_Order(max=2.00, mean=0.0384) | Viol_Exist(max=2.00, mean=1.0043) | Mu_O(max=39.4) Mu_E(max=39.4) | Lam_O(max=127.91) Lam_E(max=255.82)

[Projection Start] Batch: 512, Constraints: 33
  [Outer 01/15] Loss (KL=0.0005, Const=2683.1343) | Viol_Order(max=2.00, mean=0.0398) | Viol_Exist(max=2.00, mean=1.0037) | Mu_O(max=1.0) Mu_E(max=1.0) | Lam_O(max=0.00) Lam_E(max=0.00)
  [Outer 10/15] Loss (KL=13.5725, Const=119680.3594) | Viol_Order(max=2.00, mean=0.0369) | Viol_Exist(max=2.00, mean=1.0170) | Mu_O(max=10.6) Mu_E(max=10.6) | Lam_O(max=32.01) Lam_E(max=64.03)
  [Outer 15/15] Loss (KL=23.2000, Const=362231.5625) | Viol_Order(max=4.00, mean=0.0405) | Viol_Exist(max=2.00, mean=1.0044) | Mu_O(max=39.4) Mu_E(max=39.4) | Lam_O(max=127.91) Lam_E(max=255.82)

[Projection Start] Batch: 512, Constraints: 33
  [Outer 01/15] Loss (KL=0.0021, Const=2699.7866) | Viol_Order(max=4.00, mean=0.0426) | Viol_Exist(max=2.00, mean=1.0049) | Mu_O(max=1.0) Mu_E(max=1.0) | Lam_O(max=0.00) Lam_E(max=0.00)
  [Outer 10/15] Loss (KL=14.2686, Const=118065.6250) | Viol_Order(max=2.00, mean=0.0343) | Viol_Exist(max=2.00, mean=1.0176) | Mu_O(max=10.6) Mu_E(max=10.6) | Lam_O(max=32.01) Lam_E(max=64.03)
  [Outer 15/15] Loss (KL=23.5183, Const=358619.8125) | Viol_Order(max=2.00, mean=0.0391) | Viol_Exist(max=2.00, mean=1.0050) | Mu_O(max=39.4) Mu_E(max=39.4) | Lam_O(max=127.91) Lam_E(max=255.82)

[Projection Start] Batch: 512, Constraints: 33
  [Outer 01/15] Loss (KL=0.0007, Const=2690.9927) | Viol_Order(max=2.00, mean=0.0395) | Viol_Exist(max=2.00, mean=1.0064) | Mu_O(max=1.0) Mu_E(max=1.0) | Lam_O(max=0.00) Lam_E(max=0.00)
  [Outer 10/15] Loss (KL=13.8947, Const=118510.7031) | Viol_Order(max=2.00, mean=0.0342) | Viol_Exist(max=2.00, mean=1.0171) | Mu_O(max=10.6) Mu_E(max=10.6) | Lam_O(max=32.01) Lam_E(max=64.03)
  [Outer 15/15] Loss (KL=22.5343, Const=361167.1875) | Viol_Order(max=2.00, mean=0.0404) | Viol_Exist(max=2.00, mean=1.0037) | Mu_O(max=39.4) Mu_E(max=39.4) | Lam_O(max=127.91) Lam_E(max=255.82)

[Projection Start] Batch: 512, Constraints: 33
  [Outer 01/15] Loss (KL=0.0006, Const=2676.2620) | Viol_Order(max=2.00, mean=0.0410) | Viol_Exist(max=2.00, mean=1.0032) | Mu_O(max=1.0) Mu_E(max=1.0) | Lam_O(max=0.00) Lam_E(max=0.00)
  [Outer 10/15] Loss (KL=13.4714, Const=119311.7266) | Viol_Order(max=2.00, mean=0.0341) | Viol_Exist(max=2.00, mean=1.0137) | Mu_O(max=10.6) Mu_E(max=10.6) | Lam_O(max=32.01) Lam_E(max=64.03)
  [Outer 15/15] Loss (KL=23.2649, Const=363814.0312) | Viol_Order(max=2.00, mean=0.0381) | Viol_Exist(max=2.00, mean=1.0031) | Mu_O(max=39.4) Mu_E(max=39.4) | Lam_O(max=127.91) Lam_E(max=255.82)

[Projection Start] Batch: 512, Constraints: 33
  [Outer 01/15] Loss (KL=0.0008, Const=2681.0862) | Viol_Order(max=4.00, mean=0.0399) | Viol_Exist(max=2.00, mean=1.0044) | Mu_O(max=1.0) Mu_E(max=1.0) | Lam_O(max=0.00) Lam_E(max=0.00)
  [Outer 10/15] Loss (KL=13.6349, Const=118799.4219) | Viol_Order(max=2.00, mean=0.0360) | Viol_Exist(max=2.00, mean=1.0105) | Mu_O(max=10.6) Mu_E(max=10.6) | Lam_O(max=32.01) Lam_E(max=64.03)
  [Outer 15/15] Loss (KL=23.3522, Const=360708.1875) | Viol_Order(max=2.00, mean=0.0397) | Viol_Exist(max=2.00, mean=1.0058) | Mu_O(max=39.4) Mu_E(max=39.4) | Lam_O(max=127.91) Lam_E(max=255.82)

[Projection Start] Batch: 512, Constraints: 33
  [Outer 01/15] Loss (KL=0.0004, Const=2689.6899) | Viol_Order(max=2.00, mean=0.0415) | Viol_Exist(max=2.00, mean=1.0052) | Mu_O(max=1.0) Mu_E(max=1.0) | Lam_O(max=0.00) Lam_E(max=0.00)
  [Outer 10/15] Loss (KL=14.1133, Const=120997.1875) | Viol_Order(max=2.00, mean=0.0302) | Viol_Exist(max=2.00, mean=1.0153) | Mu_O(max=10.6) Mu_E(max=10.6) | Lam_O(max=32.01) Lam_E(max=64.03)
  [Outer 15/15] Loss (KL=23.0172, Const=364170.4375) | Viol_Order(max=3.00, mean=0.0383) | Viol_Exist(max=2.00, mean=1.0053) | Mu_O(max=39.4) Mu_E(max=39.4) | Lam_O(max=127.91) Lam_E(max=255.82)

[Projection Start] Batch: 512, Constraints: 33
  [Outer 01/15] Loss (KL=0.0012, Const=2666.1313) | Viol_Order(max=3.00, mean=0.0379) | Viol_Exist(max=2.00, mean=1.0037) | Mu_O(max=1.0) Mu_E(max=1.0) | Lam_O(max=0.00) Lam_E(max=0.00)
  [Outer 10/15] Loss (KL=13.3056, Const=120351.8125) | Viol_Order(max=2.00, mean=0.0350) | Viol_Exist(max=2.00, mean=1.0141) | Mu_O(max=10.6) Mu_E(max=10.6) | Lam_O(max=38.20) Lam_E(max=64.03)
  [Outer 15/15] Loss (KL=23.2237, Const=364719.0000) | Viol_Order(max=2.00, mean=0.0407) | Viol_Exist(max=2.00, mean=1.0051) | Mu_O(max=39.4) Mu_E(max=39.4) | Lam_O(max=134.10) Lam_E(max=255.82)

[Projection Start] Batch: 512, Constraints: 33
  [Outer 01/15] Loss (KL=0.0006, Const=2680.5029) | Viol_Order(max=2.00, mean=0.0423) | Viol_Exist(max=2.00, mean=1.0042) | Mu_O(max=1.0) Mu_E(max=1.0) | Lam_O(max=0.00) Lam_E(max=0.00)
  [Outer 10/15] Loss (KL=14.1158, Const=118502.6562) | Viol_Order(max=2.00, mean=0.0352) | Viol_Exist(max=2.00, mean=1.0146) | Mu_O(max=10.6) Mu_E(max=10.6) | Lam_O(max=32.01) Lam_E(max=64.03)
  [Outer 15/15] Loss (KL=23.4407, Const=359129.1875) | Viol_Order(max=3.00, mean=0.0376) | Viol_Exist(max=2.00, mean=1.0038) | Mu_O(max=39.4) Mu_E(max=39.4) | Lam_O(max=127.91) Lam_E(max=255.82)

[Projection Start] Batch: 512, Constraints: 33
  [Outer 01/15] Loss (KL=0.0010, Const=2679.4277) | Viol_Order(max=4.00, mean=0.0385) | Viol_Exist(max=2.00, mean=1.0046) | Mu_O(max=1.0) Mu_E(max=1.0) | Lam_O(max=0.00) Lam_E(max=0.00)
  [Outer 10/15] Loss (KL=13.6751, Const=118624.6641) | Viol_Order(max=2.00, mean=0.0340) | Viol_Exist(max=2.00, mean=1.0121) | Mu_O(max=10.6) Mu_E(max=10.6) | Lam_O(max=34.31) Lam_E(max=64.03)
  [Outer 15/15] Loss (KL=22.9569, Const=360139.8125) | Viol_Order(max=2.00, mean=0.0397) | Viol_Exist(max=2.00, mean=1.0057) | Mu_O(max=39.4) Mu_E(max=39.4) | Lam_O(max=127.91) Lam_E(max=255.82)

[Projection Start] Batch: 512, Constraints: 33
  [Outer 01/15] Loss (KL=0.0008, Const=2687.1033) | Viol_Order(max=2.00, mean=0.0404) | Viol_Exist(max=2.00, mean=1.0046) | Mu_O(max=1.0) Mu_E(max=1.0) | Lam_O(max=0.00) Lam_E(max=0.00)
  [Outer 10/15] Loss (KL=13.7784, Const=119107.1953) | Viol_Order(max=1.00, mean=0.0325) | Viol_Exist(max=2.00, mean=1.0110) | Mu_O(max=10.6) Mu_E(max=10.6) | Lam_O(max=32.01) Lam_E(max=64.03)
  [Outer 15/15] Loss (KL=23.4400, Const=360850.4688) | Viol_Order(max=3.00, mean=0.0391) | Viol_Exist(max=2.00, mean=1.0028) | Mu_O(max=39.4) Mu_E(max=39.4) | Lam_O(max=127.91) Lam_E(max=255.82)

[Projection Start] Batch: 512, Constraints: 33
  [Outer 01/15] Loss (KL=0.0007, Const=2686.5571) | Viol_Order(max=3.00, mean=0.0395) | Viol_Exist(max=2.00, mean=1.0053) | Mu_O(max=1.0) Mu_E(max=1.0) | Lam_O(max=0.00) Lam_E(max=0.00)
  [Outer 10/15] Loss (KL=14.5373, Const=116471.1562) | Viol_Order(max=2.00, mean=0.0345) | Viol_Exist(max=2.00, mean=1.0114) | Mu_O(max=10.6) Mu_E(max=10.6) | Lam_O(max=32.01) Lam_E(max=64.03)
  [Outer 15/15] Loss (KL=23.1236, Const=354927.5625) | Viol_Order(max=1.00, mean=0.0365) | Viol_Exist(max=2.00, mean=1.0041) | Mu_O(max=39.4) Mu_E(max=39.4) | Lam_O(max=127.91) Lam_E(max=255.82)

[Projection Start] Batch: 512, Constraints: 33
  [Outer 01/15] Loss (KL=0.0007, Const=2648.0479) | Viol_Order(max=2.00, mean=0.0371) | Viol_Exist(max=2.00, mean=1.0034) | Mu_O(max=1.0) Mu_E(max=1.0) | Lam_O(max=0.00) Lam_E(max=0.00)
  [Outer 10/15] Loss (KL=13.5400, Const=118591.4453) | Viol_Order(max=2.00, mean=0.0310) | Viol_Exist(max=2.00, mean=1.0153) | Mu_O(max=10.6) Mu_E(max=10.6) | Lam_O(max=32.01) Lam_E(max=64.03)
  [Outer 15/15] Loss (KL=23.2720, Const=362978.4688) | Viol_Order(max=2.00, mean=0.0392) | Viol_Exist(max=2.00, mean=1.0028) | Mu_O(max=39.4) Mu_E(max=39.4) | Lam_O(max=127.91) Lam_E(max=255.82)

[Projection Start] Batch: 512, Constraints: 33
  [Outer 01/15] Loss (KL=0.0007, Const=2663.1304) | Viol_Order(max=2.00, mean=0.0403) | Viol_Exist(max=2.00, mean=1.0040) | Mu_O(max=1.0) Mu_E(max=1.0) | Lam_O(max=0.00) Lam_E(max=0.00)
  [Outer 10/15] Loss (KL=13.7303, Const=118269.2344) | Viol_Order(max=3.00, mean=0.0332) | Viol_Exist(max=2.00, mean=1.0146) | Mu_O(max=10.6) Mu_E(max=10.6) | Lam_O(max=32.01) Lam_E(max=64.03)
  [Outer 15/15] Loss (KL=22.9647, Const=359462.0625) | Viol_Order(max=2.00, mean=0.0379) | Viol_Exist(max=2.00, mean=1.0010) | Mu_O(max=39.4) Mu_E(max=39.4) | Lam_O(max=127.91) Lam_E(max=255.82)

[Projection Start] Batch: 512, Constraints: 33
  [Outer 01/15] Loss (KL=0.0006, Const=2659.2817) | Viol_Order(max=3.00, mean=0.0384) | Viol_Exist(max=2.00, mean=1.0050) | Mu_O(max=1.0) Mu_E(max=1.0) | Lam_O(max=0.00) Lam_E(max=0.00)
  [Outer 10/15] Loss (KL=14.0469, Const=115851.5547) | Viol_Order(max=2.00, mean=0.0327) | Viol_Exist(max=2.00, mean=1.0100) | Mu_O(max=10.6) Mu_E(max=10.6) | Lam_O(max=32.01) Lam_E(max=64.03)
  [Outer 15/15] Loss (KL=23.6716, Const=351158.1875) | Viol_Order(max=2.00, mean=0.0381) | Viol_Exist(max=2.00, mean=1.0007) | Mu_O(max=39.4) Mu_E(max=39.4) | Lam_O(max=127.91) Lam_E(max=255.82)

[Projection Start] Batch: 512, Constraints: 33
  [Outer 01/15] Loss (KL=0.0005, Const=2630.1514) | Viol_Order(max=2.00, mean=0.0382) | Viol_Exist(max=2.00, mean=1.0028) | Mu_O(max=1.0) Mu_E(max=1.0) | Lam_O(max=0.00) Lam_E(max=0.00)
  [Outer 10/15] Loss (KL=14.1194, Const=116508.1875) | Viol_Order(max=2.00, mean=0.0315) | Viol_Exist(max=2.00, mean=1.0151) | Mu_O(max=10.6) Mu_E(max=10.6) | Lam_O(max=36.00) Lam_E(max=64.03)
  [Outer 15/15] Loss (KL=23.4513, Const=355750.1875) | Viol_Order(max=2.00, mean=0.0379) | Viol_Exist(max=2.00, mean=1.0027) | Mu_O(max=39.4) Mu_E(max=39.4) | Lam_O(max=131.90) Lam_E(max=255.82)

[Projection Start] Batch: 512, Constraints: 33
  [Outer 01/15] Loss (KL=0.0007, Const=2650.4314) | Viol_Order(max=2.00, mean=0.0382) | Viol_Exist(max=2.00, mean=1.0035) | Mu_O(max=1.0) Mu_E(max=1.0) | Lam_O(max=0.00) Lam_E(max=0.00)
  [Outer 10/15] Loss (KL=14.0026, Const=116778.2812) | Viol_Order(max=2.00, mean=0.0314) | Viol_Exist(max=2.00, mean=1.0137) | Mu_O(max=10.6) Mu_E(max=10.6) | Lam_O(max=32.01) Lam_E(max=64.03)
  [Outer 15/15] Loss (KL=23.1717, Const=356260.9375) | Viol_Order(max=2.00, mean=0.0352) | Viol_Exist(max=2.00, mean=1.0066) | Mu_O(max=39.4) Mu_E(max=39.4) | Lam_O(max=127.91) Lam_E(max=255.82)

[Projection Start] Batch: 512, Constraints: 33
  [Outer 01/15] Loss (KL=0.0006, Const=2645.6912) | Viol_Order(max=2.00, mean=0.0358) | Viol_Exist(max=2.00, mean=1.0059) | Mu_O(max=1.0) Mu_E(max=1.0) | Lam_O(max=0.00) Lam_E(max=0.00)
  [Outer 10/15] Loss (KL=13.6945, Const=119214.6875) | Viol_Order(max=2.00, mean=0.0323) | Viol_Exist(max=2.00, mean=1.0110) | Mu_O(max=10.6) Mu_E(max=10.6) | Lam_O(max=34.87) Lam_E(max=64.03)
  [Outer 15/15] Loss (KL=23.7468, Const=355957.4375) | Viol_Order(max=1.00, mean=0.0379) | Viol_Exist(max=2.00, mean=1.0046) | Mu_O(max=39.4) Mu_E(max=39.4) | Lam_O(max=127.91) Lam_E(max=255.82)

[Projection Start] Batch: 512, Constraints: 33
  [Outer 01/15] Loss (KL=0.0011, Const=2666.5615) | Viol_Order(max=2.00, mean=0.0388) | Viol_Exist(max=2.00, mean=1.0049) | Mu_O(max=1.0) Mu_E(max=1.0) | Lam_O(max=0.00) Lam_E(max=0.00)
  [Outer 10/15] Loss (KL=14.5210, Const=114989.8203) | Viol_Order(max=2.00, mean=0.0338) | Viol_Exist(max=2.00, mean=1.0112) | Mu_O(max=10.6) Mu_E(max=10.6) | Lam_O(max=32.01) Lam_E(max=64.03)
  [Outer 15/15] Loss (KL=23.4008, Const=352648.7500) | Viol_Order(max=3.00, mean=0.0356) | Viol_Exist(max=2.00, mean=1.0053) | Mu_O(max=39.4) Mu_E(max=39.4) | Lam_O(max=127.91) Lam_E(max=255.82)

[Projection Start] Batch: 512, Constraints: 33
  [Outer 01/15] Loss (KL=0.0010, Const=2674.6230) | Viol_Order(max=3.00, mean=0.0357) | Viol_Exist(max=2.00, mean=1.0063) | Mu_O(max=1.0) Mu_E(max=1.0) | Lam_O(max=0.00) Lam_E(max=0.00)
  [Outer 10/15] Loss (KL=13.8067, Const=119316.0391) | Viol_Order(max=2.00, mean=0.0319) | Viol_Exist(max=2.00, mean=1.0131) | Mu_O(max=10.6) Mu_E(max=10.6) | Lam_O(max=32.01) Lam_E(max=64.03)
  [Outer 15/15] Loss (KL=24.0686, Const=359498.0000) | Viol_Order(max=2.00, mean=0.0382) | Viol_Exist(max=2.00, mean=1.0015) | Mu_O(max=39.4) Mu_E(max=39.4) | Lam_O(max=127.91) Lam_E(max=255.82)

[Projection Start] Batch: 512, Constraints: 33
  [Outer 01/15] Loss (KL=0.0004, Const=2654.3896) | Viol_Order(max=2.00, mean=0.0385) | Viol_Exist(max=2.00, mean=1.0046) | Mu_O(max=1.0) Mu_E(max=1.0) | Lam_O(max=0.00) Lam_E(max=0.00)
  [Outer 10/15] Loss (KL=13.6330, Const=119252.9297) | Viol_Order(max=2.00, mean=0.0321) | Viol_Exist(max=2.00, mean=1.0114) | Mu_O(max=10.6) Mu_E(max=10.6) | Lam_O(max=38.20) Lam_E(max=64.03)
  [Outer 15/15] Loss (KL=23.5873, Const=356788.5625) | Viol_Order(max=2.00, mean=0.0358) | Viol_Exist(max=2.00, mean=1.0030) | Mu_O(max=39.4) Mu_E(max=39.4) | Lam_O(max=127.91) Lam_E(max=255.82)

[Projection Start] Batch: 512, Constraints: 33
  [Outer 01/15] Loss (KL=0.0009, Const=2638.5762) | Viol_Order(max=2.00, mean=0.0368) | Viol_Exist(max=2.00, mean=1.0042) | Mu_O(max=1.0) Mu_E(max=1.0) | Lam_O(max=0.00) Lam_E(max=0.00)
  [Outer 10/15] Loss (KL=14.0922, Const=116631.3906) | Viol_Order(max=2.00, mean=0.0333) | Viol_Exist(max=2.00, mean=1.0131) | Mu_O(max=10.6) Mu_E(max=10.6) | Lam_O(max=32.01) Lam_E(max=64.03)
  [Outer 15/15] Loss (KL=23.2332, Const=354218.7500) | Viol_Order(max=2.00, mean=0.0364) | Viol_Exist(max=2.00, mean=1.0053) | Mu_O(max=39.4) Mu_E(max=39.4) | Lam_O(max=127.91) Lam_E(max=255.82)

[Projection Start] Batch: 512, Constraints: 33
  [Outer 01/15] Loss (KL=0.0006, Const=2665.5637) | Viol_Order(max=2.00, mean=0.0372) | Viol_Exist(max=2.00, mean=1.0060) | Mu_O(max=1.0) Mu_E(max=1.0) | Lam_O(max=0.00) Lam_E(max=0.00)
  [Outer 10/15] Loss (KL=14.7168, Const=115451.2500) | Viol_Order(max=2.00, mean=0.0324) | Viol_Exist(max=2.00, mean=1.0111) | Mu_O(max=10.6) Mu_E(max=10.6) | Lam_O(max=34.31) Lam_E(max=64.03)
  [Outer 15/15] Loss (KL=23.5884, Const=353870.4375) | Viol_Order(max=2.00, mean=0.0368) | Viol_Exist(max=2.00, mean=1.0002) | Mu_O(max=39.4) Mu_E(max=39.4) | Lam_O(max=130.21) Lam_E(max=255.82)

[Projection Start] Batch: 512, Constraints: 33
  [Outer 01/15] Loss (KL=0.0010, Const=2618.9941) | Viol_Order(max=2.00, mean=0.0376) | Viol_Exist(max=2.00, mean=1.0023) | Mu_O(max=1.0) Mu_E(max=1.0) | Lam_O(max=0.00) Lam_E(max=0.00)
  [Outer 10/15] Loss (KL=14.1943, Const=116429.4453) | Viol_Order(max=2.00, mean=0.0315) | Viol_Exist(max=2.00, mean=1.0125) | Mu_O(max=10.6) Mu_E(max=10.6) | Lam_O(max=32.01) Lam_E(max=64.03)
  [Outer 15/15] Loss (KL=23.5524, Const=353879.7188) | Viol_Order(max=2.00, mean=0.0384) | Viol_Exist(max=2.00, mean=1.0014) | Mu_O(max=39.4) Mu_E(max=39.4) | Lam_O(max=127.91) Lam_E(max=255.82)

[Projection Start] Batch: 512, Constraints: 33
  [Outer 01/15] Loss (KL=0.0006, Const=2637.4976) | Viol_Order(max=2.00, mean=0.0383) | Viol_Exist(max=2.00, mean=1.0032) | Mu_O(max=1.0) Mu_E(max=1.0) | Lam_O(max=0.00) Lam_E(max=0.00)
  [Outer 10/15] Loss (KL=14.0985, Const=115724.1016) | Viol_Order(max=2.00, mean=0.0333) | Viol_Exist(max=2.00, mean=1.0101) | Mu_O(max=10.6) Mu_E(max=10.6) | Lam_O(max=32.01) Lam_E(max=64.03)
  [Outer 15/15] Loss (KL=23.5643, Const=353786.3750) | Viol_Order(max=2.00, mean=0.0378) | Viol_Exist(max=2.00, mean=1.0050) | Mu_O(max=39.4) Mu_E(max=39.4) | Lam_O(max=127.91) Lam_E(max=255.82)

[Projection Start] Batch: 512, Constraints: 33
  [Outer 01/15] Loss (KL=0.0005, Const=2597.1982) | Viol_Order(max=2.00, mean=0.0376) | Viol_Exist(max=2.00, mean=1.0049) | Mu_O(max=1.0) Mu_E(max=1.0) | Lam_O(max=0.00) Lam_E(max=0.00)
  [Outer 10/15] Loss (KL=14.8577, Const=109415.7969) | Viol_Order(max=2.00, mean=0.0356) | Viol_Exist(max=2.00, mean=1.0063) | Mu_O(max=10.6) Mu_E(max=10.6) | Lam_O(max=32.01) Lam_E(max=64.03)
  [Outer 15/15] Loss (KL=25.2888, Const=329663.1875) | Viol_Order(max=3.00, mean=0.0377) | Viol_Exist(max=2.00, mean=1.0109) | Mu_O(max=39.4) Mu_E(max=39.4) | Lam_O(max=127.91) Lam_E(max=255.82)
[DEBUG][shape] time torch.Size([512, 14])
[DEBUG][shape] mask torch.Size([512, 14])
[DEBUG][shape] tau  torch.Size([512, 14])
[DEBUG][shape] cond1 torch.Size([512, 14])
[DEBUG][shape] unpadded_length torch.Size([512]) 13
[DEBUG][shape] content_token torch.Size([512, 29])
po_matrix shape: torch.Size([512, 9, 9]) sum0: 25.0
tau before cond_encoder: torch.Size([512, 13]) time: torch.Size([512, 13])
tau after  cond_encoder: torch.Size([512, 13]) time: torch.Size([512, 13])

[Projection Start] Batch: 512, Constraints: 35
  [Outer 01/15] Loss (KL=0.2269, Const=5548.3848) | Viol_Order(max=0.00, mean=0.0000) | Viol_Exist(max=2.00, mean=2.0000) | Mu_O(max=1.0) Mu_E(max=1.0) | Lam_O(max=0.00) Lam_E(max=0.00)
  [Outer 10/15] Loss (KL=73.2636, Const=168491.9688) | Viol_Order(max=6.00, mean=0.0627) | Viol_Exist(max=2.00, mean=1.2223) | Mu_O(max=8.2) Mu_E(max=10.6) | Lam_O(max=46.96) Lam_E(max=64.03)
  [Outer 15/15] Loss (KL=113.0108, Const=472614.0312) | Viol_Order(max=4.00, mean=0.0705) | Viol_Exist(max=2.00, mean=1.1172) | Mu_O(max=23.3) Mu_E(max=39.4) | Lam_O(max=88.35) Lam_E(max=255.82)

[Projection Start] Batch: 512, Constraints: 35
  [Outer 01/15] Loss (KL=0.3592, Const=5214.2549) | Viol_Order(max=1.00, mean=0.0001) | Viol_Exist(max=2.00, mean=1.9877) | Mu_O(max=1.0) Mu_E(max=1.0) | Lam_O(max=0.00) Lam_E(max=0.00)
  [Outer 10/15] Loss (KL=70.2376, Const=164049.5156) | Viol_Order(max=6.00, mean=0.0584) | Viol_Exist(max=2.00, mean=1.2094) | Mu_O(max=10.6) Mu_E(max=10.6) | Lam_O(max=40.82) Lam_E(max=64.03)
  [Outer 15/15] Loss (KL=108.6893, Const=462865.8750) | Viol_Order(max=4.00, mean=0.0645) | Viol_Exist(max=2.00, mean=1.1094) | Mu_O(max=30.3) Mu_E(max=39.4) | Lam_O(max=98.62) Lam_E(max=255.82)

[Projection Start] Batch: 512, Constraints: 35
  [Outer 01/15] Loss (KL=0.4789, Const=5101.2705) | Viol_Order(max=1.00, mean=0.0002) | Viol_Exist(max=2.00, mean=1.9646) | Mu_O(max=1.0) Mu_E(max=1.0) | Lam_O(max=0.00) Lam_E(max=0.00)
  [Outer 10/15] Loss (KL=67.9483, Const=159012.4688) | Viol_Order(max=4.00, mean=0.0517) | Viol_Exist(max=2.00, mean=1.1970) | Mu_O(max=10.6) Mu_E(max=10.6) | Lam_O(max=35.17) Lam_E(max=64.03)
  [Outer 15/15] Loss (KL=104.6123, Const=446545.7188) | Viol_Order(max=5.00, mean=0.0660) | Viol_Exist(max=2.00, mean=1.0992) | Mu_O(max=39.4) Mu_E(max=39.4) | Lam_O(max=129.21) Lam_E(max=255.82)

[Projection Start] Batch: 512, Constraints: 35
  [Outer 01/15] Loss (KL=0.5207, Const=5015.6299) | Viol_Order(max=1.00, mean=0.0002) | Viol_Exist(max=2.00, mean=1.9475) | Mu_O(max=1.0) Mu_E(max=1.0) | Lam_O(max=0.00) Lam_E(max=0.00)
  [Outer 10/15] Loss (KL=65.6305, Const=157545.9219) | Viol_Order(max=4.00, mean=0.0549) | Viol_Exist(max=2.00, mean=1.1771) | Mu_O(max=8.2) Mu_E(max=10.6) | Lam_O(max=47.72) Lam_E(max=64.03)
  [Outer 15/15] Loss (KL=100.7157, Const=442724.8125) | Viol_Order(max=3.00, mean=0.0666) | Viol_Exist(max=2.00, mean=1.0951) | Mu_O(max=30.3) Mu_E(max=39.4) | Lam_O(max=99.92) Lam_E(max=255.82)

[Projection Start] Batch: 512, Constraints: 35
  [Outer 01/15] Loss (KL=0.6425, Const=5028.8066) | Viol_Order(max=1.00, mean=0.0008) | Viol_Exist(max=2.00, mean=1.9103) | Mu_O(max=1.0) Mu_E(max=1.0) | Lam_O(max=0.00) Lam_E(max=0.00)
  [Outer 10/15] Loss (KL=63.2369, Const=152523.6562) | Viol_Order(max=4.00, mean=0.0585) | Viol_Exist(max=2.00, mean=1.1688) | Mu_O(max=10.6) Mu_E(max=10.6) | Lam_O(max=34.30) Lam_E(max=64.03)
  [Outer 15/15] Loss (KL=96.7499, Const=430818.3750) | Viol_Order(max=4.00, mean=0.0622) | Viol_Exist(max=2.00, mean=1.0934) | Mu_O(max=39.4) Mu_E(max=39.4) | Lam_O(max=129.21) Lam_E(max=255.82)

[Projection Start] Batch: 512, Constraints: 35
  [Outer 01/15] Loss (KL=0.6768, Const=4933.2700) | Viol_Order(max=1.00, mean=0.0016) | Viol_Exist(max=2.00, mean=1.8859) | Mu_O(max=1.0) Mu_E(max=1.0) | Lam_O(max=0.00) Lam_E(max=0.00)
  [Outer 10/15] Loss (KL=61.3606, Const=151894.2344) | Viol_Order(max=6.00, mean=0.0579) | Viol_Exist(max=2.00, mean=1.1575) | Mu_O(max=10.6) Mu_E(max=10.6) | Lam_O(max=38.90) Lam_E(max=64.03)
  [Outer 15/15] Loss (KL=93.8252, Const=428403.1562) | Viol_Order(max=3.00, mean=0.0654) | Viol_Exist(max=2.00, mean=1.0920) | Mu_O(max=39.4) Mu_E(max=39.4) | Lam_O(max=127.91) Lam_E(max=255.82)

[Projection Start] Batch: 512, Constraints: 35
  [Outer 01/15] Loss (KL=0.6886, Const=4926.3848) | Viol_Order(max=2.00, mean=0.0037) | Viol_Exist(max=2.00, mean=1.8497) | Mu_O(max=1.0) Mu_E(max=1.0) | Lam_O(max=0.00) Lam_E(max=0.00)
  [Outer 10/15] Loss (KL=59.3386, Const=148058.0625) | Viol_Order(max=4.00, mean=0.0567) | Viol_Exist(max=2.00, mean=1.1546) | Mu_O(max=10.6) Mu_E(max=10.6) | Lam_O(max=41.44) Lam_E(max=64.03)
  [Outer 15/15] Loss (KL=89.7406, Const=420949.2500) | Viol_Order(max=3.00, mean=0.0624) | Viol_Exist(max=2.00, mean=1.0896) | Mu_O(max=39.4) Mu_E(max=39.4) | Lam_O(max=127.91) Lam_E(max=255.82)

[Projection Start] Batch: 512, Constraints: 35
  [Outer 01/15] Loss (KL=0.8404, Const=4877.2197) | Viol_Order(max=2.00, mean=0.0055) | Viol_Exist(max=2.00, mean=1.7840) | Mu_O(max=1.0) Mu_E(max=1.0) | Lam_O(max=0.00) Lam_E(max=0.00)
  [Outer 10/15] Loss (KL=57.0914, Const=145476.3750) | Viol_Order(max=5.00, mean=0.0580) | Viol_Exist(max=2.00, mean=1.1360) | Mu_O(max=10.6) Mu_E(max=10.6) | Lam_O(max=57.29) Lam_E(max=64.03)
  [Outer 15/15] Loss (KL=85.9802, Const=414539.1875) | Viol_Order(max=3.00, mean=0.0623) | Viol_Exist(max=2.00, mean=1.0812) | Mu_O(max=39.4) Mu_E(max=39.4) | Lam_O(max=127.91) Lam_E(max=255.82)

[Projection Start] Batch: 512, Constraints: 35
  [Outer 01/15] Loss (KL=0.8758, Const=4878.3027) | Viol_Order(max=3.00, mean=0.0088) | Viol_Exist(max=2.00, mean=1.7191) | Mu_O(max=1.0) Mu_E(max=1.0) | Lam_O(max=0.00) Lam_E(max=0.00)
  [Outer 10/15] Loss (KL=54.8932, Const=144248.6562) | Viol_Order(max=4.00, mean=0.0576) | Viol_Exist(max=2.00, mean=1.1321) | Mu_O(max=10.6) Mu_E(max=10.6) | Lam_O(max=47.72) Lam_E(max=64.03)
  [Outer 15/15] Loss (KL=83.0497, Const=409122.6250) | Viol_Order(max=2.00, mean=0.0597) | Viol_Exist(max=2.00, mean=1.0772) | Mu_O(max=39.4) Mu_E(max=39.4) | Lam_O(max=127.91) Lam_E(max=255.82)

[Projection Start] Batch: 512, Constraints: 35
  [Outer 01/15] Loss (KL=0.9182, Const=4896.2188) | Viol_Order(max=3.00, mean=0.0127) | Viol_Exist(max=2.00, mean=1.6568) | Mu_O(max=1.0) Mu_E(max=1.0) | Lam_O(max=0.00) Lam_E(max=0.00)
  [Outer 10/15] Loss (KL=52.6424, Const=139731.3281) | Viol_Order(max=3.00, mean=0.0574) | Viol_Exist(max=2.00, mean=1.1258) | Mu_O(max=10.6) Mu_E(max=10.6) | Lam_O(max=34.00) Lam_E(max=64.03)
  [Outer 15/15] Loss (KL=79.7129, Const=397631.6875) | Viol_Order(max=3.00, mean=0.0597) | Viol_Exist(max=2.00, mean=1.0786) | Mu_O(max=39.4) Mu_E(max=39.4) | Lam_O(max=128.91) Lam_E(max=255.82)

[Projection Start] Batch: 512, Constraints: 35
  [Outer 01/15] Loss (KL=0.9408, Const=4916.7222) | Viol_Order(max=4.00, mean=0.0167) | Viol_Exist(max=2.00, mean=1.6061) | Mu_O(max=1.0) Mu_E(max=1.0) | Lam_O(max=0.00) Lam_E(max=0.00)
  [Outer 10/15] Loss (KL=50.4985, Const=139172.6250) | Viol_Order(max=3.00, mean=0.0599) | Viol_Exist(max=2.00, mean=1.1186) | Mu_O(max=10.6) Mu_E(max=10.6) | Lam_O(max=37.41) Lam_E(max=64.03)
  [Outer 15/15] Loss (KL=76.5597, Const=391534.8750) | Viol_Order(max=2.00, mean=0.0641) | Viol_Exist(max=2.00, mean=1.0786) | Mu_O(max=39.4) Mu_E(max=39.4) | Lam_O(max=128.91) Lam_E(max=255.82)

[Projection Start] Batch: 512, Constraints: 35
  [Outer 01/15] Loss (KL=1.0466, Const=4877.7544) | Viol_Order(max=3.00, mean=0.0246) | Viol_Exist(max=2.00, mean=1.5522) | Mu_O(max=1.0) Mu_E(max=1.0) | Lam_O(max=0.00) Lam_E(max=0.00)
  [Outer 10/15] Loss (KL=47.9677, Const=138149.4688) | Viol_Order(max=6.00, mean=0.0595) | Viol_Exist(max=2.00, mean=1.1134) | Mu_O(max=10.6) Mu_E(max=10.6) | Lam_O(max=36.00) Lam_E(max=64.03)
  [Outer 15/15] Loss (KL=72.0719, Const=393517.6875) | Viol_Order(max=2.00, mean=0.0618) | Viol_Exist(max=2.00, mean=1.0810) | Mu_O(max=39.4) Mu_E(max=39.4) | Lam_O(max=131.90) Lam_E(max=255.82)

[Projection Start] Batch: 512, Constraints: 35
  [Outer 01/15] Loss (KL=1.0500, Const=4778.8491) | Viol_Order(max=3.00, mean=0.0277) | Viol_Exist(max=2.00, mean=1.4836) | Mu_O(max=1.0) Mu_E(max=1.0) | Lam_O(max=0.00) Lam_E(max=0.00)
  [Outer 10/15] Loss (KL=45.2609, Const=137366.3750) | Viol_Order(max=2.00, mean=0.0563) | Viol_Exist(max=2.00, mean=1.1143) | Mu_O(max=10.6) Mu_E(max=10.6) | Lam_O(max=36.47) Lam_E(max=64.03)
  [Outer 15/15] Loss (KL=68.9484, Const=392340.9688) | Viol_Order(max=2.00, mean=0.0580) | Viol_Exist(max=2.00, mean=1.0771) | Mu_O(max=39.4) Mu_E(max=39.4) | Lam_O(max=128.91) Lam_E(max=255.82)

[Projection Start] Batch: 512, Constraints: 35
  [Outer 01/15] Loss (KL=0.9522, Const=4746.9126) | Viol_Order(max=4.00, mean=0.0342) | Viol_Exist(max=2.00, mean=1.4334) | Mu_O(max=1.0) Mu_E(max=1.0) | Lam_O(max=0.00) Lam_E(max=0.00)
  [Outer 10/15] Loss (KL=43.0457, Const=138021.2031) | Viol_Order(max=4.00, mean=0.0521) | Viol_Exist(max=2.00, mean=1.1057) | Mu_O(max=10.6) Mu_E(max=10.6) | Lam_O(max=64.03) Lam_E(max=64.03)
  [Outer 15/15] Loss (KL=65.8173, Const=395563.9062) | Viol_Order(max=2.00, mean=0.0567) | Viol_Exist(max=2.00, mean=1.0752) | Mu_O(max=39.4) Mu_E(max=39.4) | Lam_O(max=131.90) Lam_E(max=255.82)

[Projection Start] Batch: 512, Constraints: 35
  [Outer 01/15] Loss (KL=0.9597, Const=4730.6880) | Viol_Order(max=4.00, mean=0.0450) | Viol_Exist(max=2.00, mean=1.3772) | Mu_O(max=1.0) Mu_E(max=1.0) | Lam_O(max=0.00) Lam_E(max=0.00)
  [Outer 10/15] Loss (KL=41.0761, Const=135471.7188) | Viol_Order(max=2.00, mean=0.0516) | Viol_Exist(max=2.00, mean=1.1032) | Mu_O(max=10.6) Mu_E(max=10.6) | Lam_O(max=47.72) Lam_E(max=64.03)
  [Outer 15/15] Loss (KL=62.7399, Const=387693.2500) | Viol_Order(max=3.00, mean=0.0585) | Viol_Exist(max=2.00, mean=1.0761) | Mu_O(max=39.4) Mu_E(max=39.4) | Lam_O(max=138.98) Lam_E(max=255.82)

[Projection Start] Batch: 512, Constraints: 35
  [Outer 01/15] Loss (KL=0.9361, Const=4665.1499) | Viol_Order(max=4.00, mean=0.0502) | Viol_Exist(max=2.00, mean=1.3379) | Mu_O(max=1.0) Mu_E(max=1.0) | Lam_O(max=0.00) Lam_E(max=0.00)
  [Outer 10/15] Loss (KL=38.3845, Const=136102.2188) | Viol_Order(max=4.00, mean=0.0497) | Viol_Exist(max=2.00, mean=1.1044) | Mu_O(max=10.6) Mu_E(max=10.6) | Lam_O(max=46.18) Lam_E(max=64.03)
  [Outer 15/15] Loss (KL=59.3442, Const=388645.3125) | Viol_Order(max=2.00, mean=0.0557) | Viol_Exist(max=2.00, mean=1.0732) | Mu_O(max=39.4) Mu_E(max=39.4) | Lam_O(max=131.90) Lam_E(max=255.82)

[Projection Start] Batch: 512, Constraints: 35
  [Outer 01/15] Loss (KL=0.9128, Const=4593.3945) | Viol_Order(max=5.00, mean=0.0571) | Viol_Exist(max=2.00, mean=1.3040) | Mu_O(max=1.0) Mu_E(max=1.0) | Lam_O(max=0.00) Lam_E(max=0.00)
  [Outer 10/15] Loss (KL=36.0075, Const=135835.5000) | Viol_Order(max=2.00, mean=0.0492) | Viol_Exist(max=2.00, mean=1.0982) | Mu_O(max=10.6) Mu_E(max=10.6) | Lam_O(max=37.13) Lam_E(max=64.03)
  [Outer 15/15] Loss (KL=55.2460, Const=393331.4688) | Viol_Order(max=2.00, mean=0.0575) | Viol_Exist(max=2.00, mean=1.0771) | Mu_O(max=39.4) Mu_E(max=39.4) | Lam_O(max=132.41) Lam_E(max=255.82)

[Projection Start] Batch: 512, Constraints: 35
  [Outer 01/15] Loss (KL=0.8594, Const=4612.2456) | Viol_Order(max=6.00, mean=0.0688) | Viol_Exist(max=2.00, mean=1.2738) | Mu_O(max=1.0) Mu_E(max=1.0) | Lam_O(max=0.00) Lam_E(max=0.00)
  [Outer 10/15] Loss (KL=32.8679, Const=140696.2500) | Viol_Order(max=4.00, mean=0.0535) | Viol_Exist(max=2.00, mean=1.0940) | Mu_O(max=10.6) Mu_E(max=10.6) | Lam_O(max=38.20) Lam_E(max=64.03)
  [Outer 15/15] Loss (KL=52.1675, Const=399722.7812) | Viol_Order(max=3.00, mean=0.0601) | Viol_Exist(max=2.00, mean=1.0730) | Mu_O(max=39.4) Mu_E(max=39.4) | Lam_O(max=134.10) Lam_E(max=255.82)

[Projection Start] Batch: 512, Constraints: 35
  [Outer 01/15] Loss (KL=0.7739, Const=4471.7090) | Viol_Order(max=5.00, mean=0.0772) | Viol_Exist(max=2.00, mean=1.2367) | Mu_O(max=1.0) Mu_E(max=1.0) | Lam_O(max=0.00) Lam_E(max=0.00)
  [Outer 10/15] Loss (KL=30.2421, Const=139532.7031) | Viol_Order(max=2.00, mean=0.0487) | Viol_Exist(max=2.00, mean=1.0996) | Mu_O(max=10.6) Mu_E(max=10.6) | Lam_O(max=47.02) Lam_E(max=64.03)
  [Outer 15/15] Loss (KL=47.5382, Const=404737.5000) | Viol_Order(max=2.00, mean=0.0565) | Viol_Exist(max=2.00, mean=1.0782) | Mu_O(max=39.4) Mu_E(max=39.4) | Lam_O(max=130.91) Lam_E(max=255.82)

[Projection Start] Batch: 512, Constraints: 35
  [Outer 01/15] Loss (KL=0.6744, Const=4370.5078) | Viol_Order(max=6.00, mean=0.0752) | Viol_Exist(max=2.00, mean=1.2186) | Mu_O(max=1.0) Mu_E(max=1.0) | Lam_O(max=0.00) Lam_E(max=0.00)
  [Outer 10/15] Loss (KL=27.3499, Const=140900.8594) | Viol_Order(max=2.00, mean=0.0502) | Viol_Exist(max=2.00, mean=1.0902) | Mu_O(max=10.6) Mu_E(max=10.6) | Lam_O(max=40.14) Lam_E(max=64.03)
  [Outer 15/15] Loss (KL=44.6941, Const=404902.1875) | Viol_Order(max=2.00, mean=0.0582) | Viol_Exist(max=2.00, mean=1.0728) | Mu_O(max=39.4) Mu_E(max=39.4) | Lam_O(max=131.90) Lam_E(max=255.82)

[Projection Start] Batch: 512, Constraints: 35
  [Outer 01/15] Loss (KL=0.5700, Const=4250.9727) | Viol_Order(max=6.00, mean=0.0763) | Viol_Exist(max=2.00, mean=1.1892) | Mu_O(max=1.0) Mu_E(max=1.0) | Lam_O(max=0.00) Lam_E(max=0.00)
  [Outer 10/15] Loss (KL=23.6724, Const=140760.8438) | Viol_Order(max=3.00, mean=0.0518) | Viol_Exist(max=2.00, mean=1.0935) | Mu_O(max=10.6) Mu_E(max=10.6) | Lam_O(max=55.87) Lam_E(max=64.03)
  [Outer 15/15] Loss (KL=40.5593, Const=408880.0625) | Viol_Order(max=2.00, mean=0.0544) | Viol_Exist(max=2.00, mean=1.0797) | Mu_O(max=39.4) Mu_E(max=39.4) | Lam_O(max=151.77) Lam_E(max=255.82)

[Projection Start] Batch: 512, Constraints: 35
  [Outer 01/15] Loss (KL=0.4388, Const=4174.0972) | Viol_Order(max=5.00, mean=0.0732) | Viol_Exist(max=2.00, mean=1.1692) | Mu_O(max=1.0) Mu_E(max=1.0) | Lam_O(max=0.00) Lam_E(max=0.00)
  [Outer 10/15] Loss (KL=20.6016, Const=147912.0625) | Viol_Order(max=4.00, mean=0.0487) | Viol_Exist(max=2.00, mean=1.0910) | Mu_O(max=10.6) Mu_E(max=10.6) | Lam_O(max=38.20) Lam_E(max=64.03)
  [Outer 15/15] Loss (KL=37.2354, Const=422266.6562) | Viol_Order(max=2.00, mean=0.0587) | Viol_Exist(max=2.00, mean=1.0762) | Mu_O(max=39.4) Mu_E(max=39.4) | Lam_O(max=134.10) Lam_E(max=255.82)

[Projection Start] Batch: 512, Constraints: 35
  [Outer 01/15] Loss (KL=0.3195, Const=4053.6306) | Viol_Order(max=6.00, mean=0.0748) | Viol_Exist(max=2.00, mean=1.1415) | Mu_O(max=1.0) Mu_E(max=1.0) | Lam_O(max=0.00) Lam_E(max=0.00)
  [Outer 10/15] Loss (KL=17.7827, Const=145345.9531) | Viol_Order(max=2.00, mean=0.0498) | Viol_Exist(max=2.00, mean=1.0887) | Mu_O(max=10.6) Mu_E(max=10.6) | Lam_O(max=39.99) Lam_E(max=64.03)
  [Outer 15/15] Loss (KL=33.3003, Const=418039.8438) | Viol_Order(max=2.00, mean=0.0561) | Viol_Exist(max=2.00, mean=1.0778) | Mu_O(max=39.4) Mu_E(max=39.4) | Lam_O(max=135.89) Lam_E(max=255.82)

[Projection Start] Batch: 512, Constraints: 35
  [Outer 01/15] Loss (KL=0.1795, Const=3854.9963) | Viol_Order(max=4.00, mean=0.0672) | Viol_Exist(max=2.00, mean=1.1151) | Mu_O(max=1.0) Mu_E(max=1.0) | Lam_O(max=0.00) Lam_E(max=0.00)
  [Outer 10/15] Loss (KL=13.7476, Const=148382.7188) | Viol_Order(max=2.00, mean=0.0502) | Viol_Exist(max=2.00, mean=1.0858) | Mu_O(max=10.6) Mu_E(max=10.6) | Lam_O(max=33.70) Lam_E(max=64.03)
  [Outer 15/15] Loss (KL=28.6352, Const=425958.4375) | Viol_Order(max=2.00, mean=0.0579) | Viol_Exist(max=2.00, mean=1.0750) | Mu_O(max=39.4) Mu_E(max=39.4) | Lam_O(max=127.91) Lam_E(max=255.82)

[Projection Start] Batch: 512, Constraints: 35
  [Outer 01/15] Loss (KL=0.0470, Const=3504.8303) | Viol_Order(max=4.00, mean=0.0674) | Viol_Exist(max=2.00, mean=1.0936) | Mu_O(max=1.0) Mu_E(max=1.0) | Lam_O(max=0.00) Lam_E(max=0.00)
  [Outer 10/15] Loss (KL=11.7014, Const=146066.8906) | Viol_Order(max=2.00, mean=0.0487) | Viol_Exist(max=2.00, mean=1.0849) | Mu_O(max=10.6) Mu_E(max=10.6) | Lam_O(max=36.00) Lam_E(max=64.03)
  [Outer 15/15] Loss (KL=25.9066, Const=422144.5625) | Viol_Order(max=2.00, mean=0.0557) | Viol_Exist(max=2.00, mean=1.0758) | Mu_O(max=39.4) Mu_E(max=39.4) | Lam_O(max=131.90) Lam_E(max=255.82)

[Projection Start] Batch: 512, Constraints: 35
  [Outer 01/15] Loss (KL=0.0009, Const=2967.5908) | Viol_Order(max=3.00, mean=0.0620) | Viol_Exist(max=2.00, mean=1.0738) | Mu_O(max=1.0) Mu_E(max=1.0) | Lam_O(max=0.00) Lam_E(max=0.00)
  [Outer 10/15] Loss (KL=13.1741, Const=135301.0625) | Viol_Order(max=2.00, mean=0.0479) | Viol_Exist(max=2.00, mean=1.0883) | Mu_O(max=10.6) Mu_E(max=10.6) | Lam_O(max=32.01) Lam_E(max=64.03)
  [Outer 15/15] Loss (KL=25.3935, Const=380927.1250) | Viol_Order(max=2.00, mean=0.0564) | Viol_Exist(max=2.00, mean=1.0711) | Mu_O(max=39.4) Mu_E(max=39.4) | Lam_O(max=127.91) Lam_E(max=255.82)

[Projection Start] Batch: 512, Constraints: 35
  [Outer 01/15] Loss (KL=0.0004, Const=2919.1238) | Viol_Order(max=3.00, mean=0.0616) | Viol_Exist(max=2.00, mean=1.0697) | Mu_O(max=1.0) Mu_E(max=1.0) | Lam_O(max=0.00) Lam_E(max=0.00)
  [Outer 10/15] Loss (KL=13.8867, Const=128082.3438) | Viol_Order(max=2.00, mean=0.0469) | Viol_Exist(max=2.00, mean=1.0838) | Mu_O(max=10.6) Mu_E(max=10.6) | Lam_O(max=39.72) Lam_E(max=64.03)
  [Outer 15/15] Loss (KL=25.8704, Const=365811.1875) | Viol_Order(max=2.00, mean=0.0536) | Viol_Exist(max=2.00, mean=1.0662) | Mu_O(max=39.4) Mu_E(max=39.4) | Lam_O(max=127.91) Lam_E(max=255.82)

[Projection Start] Batch: 512, Constraints: 35
  [Outer 01/15] Loss (KL=0.0005, Const=2899.3962) | Viol_Order(max=3.00, mean=0.0577) | Viol_Exist(max=2.00, mean=1.0677) | Mu_O(max=1.0) Mu_E(max=1.0) | Lam_O(max=0.00) Lam_E(max=0.00)
  [Outer 10/15] Loss (KL=13.4322, Const=130075.3438) | Viol_Order(max=2.00, mean=0.0427) | Viol_Exist(max=2.00, mean=1.0842) | Mu_O(max=10.6) Mu_E(max=10.6) | Lam_O(max=32.01) Lam_E(max=64.03)
  [Outer 15/15] Loss (KL=25.6876, Const=365999.4375) | Viol_Order(max=2.00, mean=0.0546) | Viol_Exist(max=2.00, mean=1.0677) | Mu_O(max=39.4) Mu_E(max=39.4) | Lam_O(max=127.91) Lam_E(max=255.82)

[Projection Start] Batch: 512, Constraints: 35
  [Outer 01/15] Loss (KL=0.0003, Const=2877.7703) | Viol_Order(max=2.00, mean=0.0583) | Viol_Exist(max=2.00, mean=1.0666) | Mu_O(max=1.0) Mu_E(max=1.0) | Lam_O(max=0.00) Lam_E(max=0.00)
  [Outer 10/15] Loss (KL=13.7548, Const=127759.2031) | Viol_Order(max=2.00, mean=0.0422) | Viol_Exist(max=2.00, mean=1.0843) | Mu_O(max=10.6) Mu_E(max=10.6) | Lam_O(max=32.01) Lam_E(max=64.03)
  [Outer 15/15] Loss (KL=25.6569, Const=362908.4375) | Viol_Order(max=2.00, mean=0.0522) | Viol_Exist(max=2.00, mean=1.0690) | Mu_O(max=39.4) Mu_E(max=39.4) | Lam_O(max=127.91) Lam_E(max=255.82)

[Projection Start] Batch: 512, Constraints: 35
  [Outer 01/15] Loss (KL=0.0002, Const=2879.8726) | Viol_Order(max=3.00, mean=0.0568) | Viol_Exist(max=2.00, mean=1.0668) | Mu_O(max=1.0) Mu_E(max=1.0) | Lam_O(max=0.00) Lam_E(max=0.00)
  [Outer 10/15] Loss (KL=13.2984, Const=127801.6875) | Viol_Order(max=2.00, mean=0.0449) | Viol_Exist(max=2.00, mean=1.0821) | Mu_O(max=10.6) Mu_E(max=10.6) | Lam_O(max=36.00) Lam_E(max=64.03)
  [Outer 15/15] Loss (KL=26.0291, Const=357791.6250) | Viol_Order(max=2.00, mean=0.0550) | Viol_Exist(max=2.00, mean=1.0700) | Mu_O(max=39.4) Mu_E(max=39.4) | Lam_O(max=127.91) Lam_E(max=255.82)

[Projection Start] Batch: 512, Constraints: 35
  [Outer 01/15] Loss (KL=0.0013, Const=2905.1008) | Viol_Order(max=2.00, mean=0.0589) | Viol_Exist(max=2.00, mean=1.0688) | Mu_O(max=1.0) Mu_E(max=1.0) | Lam_O(max=0.00) Lam_E(max=0.00)
  [Outer 10/15] Loss (KL=14.3252, Const=127323.6719) | Viol_Order(max=4.00, mean=0.0434) | Viol_Exist(max=2.00, mean=1.0876) | Mu_O(max=10.6) Mu_E(max=10.6) | Lam_O(max=32.01) Lam_E(max=64.03)
  [Outer 15/15] Loss (KL=25.3757, Const=362859.4688) | Viol_Order(max=2.00, mean=0.0497) | Viol_Exist(max=2.00, mean=1.0690) | Mu_O(max=39.4) Mu_E(max=39.4) | Lam_O(max=127.91) Lam_E(max=255.82)

[Projection Start] Batch: 512, Constraints: 35
  [Outer 01/15] Loss (KL=0.0004, Const=2864.5776) | Viol_Order(max=2.00, mean=0.0539) | Viol_Exist(max=2.00, mean=1.0691) | Mu_O(max=1.0) Mu_E(max=1.0) | Lam_O(max=0.00) Lam_E(max=0.00)
  [Outer 10/15] Loss (KL=13.8816, Const=125300.3203) | Viol_Order(max=2.00, mean=0.0443) | Viol_Exist(max=2.00, mean=1.0806) | Mu_O(max=10.6) Mu_E(max=10.6) | Lam_O(max=44.48) Lam_E(max=64.03)
  [Outer 15/15] Loss (KL=24.2376, Const=367392.5000) | Viol_Order(max=2.00, mean=0.0525) | Viol_Exist(max=2.00, mean=1.0663) | Mu_O(max=39.4) Mu_E(max=39.4) | Lam_O(max=127.91) Lam_E(max=255.82)

[Projection Start] Batch: 512, Constraints: 35
  [Outer 01/15] Loss (KL=0.0003, Const=2855.3330) | Viol_Order(max=3.00, mean=0.0556) | Viol_Exist(max=2.00, mean=1.0641) | Mu_O(max=1.0) Mu_E(max=1.0) | Lam_O(max=0.00) Lam_E(max=0.00)
  [Outer 10/15] Loss (KL=13.1439, Const=127984.2812) | Viol_Order(max=2.00, mean=0.0445) | Viol_Exist(max=2.00, mean=1.0785) | Mu_O(max=10.6) Mu_E(max=10.6) | Lam_O(max=38.29) Lam_E(max=64.03)
  [Outer 15/15] Loss (KL=24.8408, Const=369270.0000) | Viol_Order(max=2.00, mean=0.0532) | Viol_Exist(max=2.00, mean=1.0656) | Mu_O(max=39.4) Mu_E(max=39.4) | Lam_O(max=127.91) Lam_E(max=255.82)

[Projection Start] Batch: 512, Constraints: 35
  [Outer 01/15] Loss (KL=0.0004, Const=2871.9219) | Viol_Order(max=2.00, mean=0.0555) | Viol_Exist(max=2.00, mean=1.0686) | Mu_O(max=1.0) Mu_E(max=1.0) | Lam_O(max=0.00) Lam_E(max=0.00)
  [Outer 10/15] Loss (KL=13.5486, Const=126776.4531) | Viol_Order(max=2.00, mean=0.0431) | Viol_Exist(max=2.00, mean=1.0807) | Mu_O(max=10.6) Mu_E(max=10.6) | Lam_O(max=32.01) Lam_E(max=64.03)
  [Outer 15/15] Loss (KL=25.4749, Const=361346.8125) | Viol_Order(max=2.00, mean=0.0511) | Viol_Exist(max=2.00, mean=1.0659) | Mu_O(max=39.4) Mu_E(max=39.4) | Lam_O(max=127.91) Lam_E(max=255.82)

[Projection Start] Batch: 512, Constraints: 35
  [Outer 01/15] Loss (KL=0.0011, Const=2838.4348) | Viol_Order(max=2.00, mean=0.0539) | Viol_Exist(max=2.00, mean=1.0652) | Mu_O(max=1.0) Mu_E(max=1.0) | Lam_O(max=0.00) Lam_E(max=0.00)
  [Outer 10/15] Loss (KL=13.9550, Const=124596.6406) | Viol_Order(max=2.00, mean=0.0440) | Viol_Exist(max=2.00, mean=1.0777) | Mu_O(max=10.6) Mu_E(max=10.6) | Lam_O(max=32.01) Lam_E(max=64.03)
  [Outer 15/15] Loss (KL=25.0542, Const=362552.0000) | Viol_Order(max=1.00, mean=0.0501) | Viol_Exist(max=2.00, mean=1.0671) | Mu_O(max=39.4) Mu_E(max=39.4) | Lam_O(max=127.91) Lam_E(max=255.82)

[Projection Start] Batch: 512, Constraints: 35
  [Outer 01/15] Loss (KL=0.0005, Const=2817.4321) | Viol_Order(max=2.00, mean=0.0535) | Viol_Exist(max=2.00, mean=1.0649) | Mu_O(max=1.0) Mu_E(max=1.0) | Lam_O(max=0.00) Lam_E(max=0.00)
  [Outer 10/15] Loss (KL=13.3377, Const=124746.3125) | Viol_Order(max=2.00, mean=0.0412) | Viol_Exist(max=2.00, mean=1.0799) | Mu_O(max=10.6) Mu_E(max=10.6) | Lam_O(max=32.01) Lam_E(max=64.03)
  [Outer 15/15] Loss (KL=24.5857, Const=361416.8125) | Viol_Order(max=2.00, mean=0.0525) | Viol_Exist(max=2.00, mean=1.0621) | Mu_O(max=39.4) Mu_E(max=39.4) | Lam_O(max=127.91) Lam_E(max=255.82)

[Projection Start] Batch: 512, Constraints: 35
  [Outer 01/15] Loss (KL=0.0009, Const=2816.9609) | Viol_Order(max=2.00, mean=0.0548) | Viol_Exist(max=2.00, mean=1.0643) | Mu_O(max=1.0) Mu_E(max=1.0) | Lam_O(max=0.00) Lam_E(max=0.00)
  [Outer 10/15] Loss (KL=13.7873, Const=124411.2344) | Viol_Order(max=2.00, mean=0.0424) | Viol_Exist(max=2.00, mean=1.0787) | Mu_O(max=10.6) Mu_E(max=10.6) | Lam_O(max=32.90) Lam_E(max=64.03)
  [Outer 15/15] Loss (KL=24.3312, Const=364839.6250) | Viol_Order(max=2.00, mean=0.0498) | Viol_Exist(max=2.00, mean=1.0642) | Mu_O(max=39.4) Mu_E(max=39.4) | Lam_O(max=127.91) Lam_E(max=255.82)

[Projection Start] Batch: 512, Constraints: 35
  [Outer 01/15] Loss (KL=0.0003, Const=2814.3887) | Viol_Order(max=2.00, mean=0.0521) | Viol_Exist(max=2.00, mean=1.0646) | Mu_O(max=1.0) Mu_E(max=1.0) | Lam_O(max=0.00) Lam_E(max=0.00)
  [Outer 10/15] Loss (KL=13.2676, Const=125949.3906) | Viol_Order(max=2.00, mean=0.0422) | Viol_Exist(max=2.00, mean=1.0778) | Mu_O(max=10.6) Mu_E(max=10.6) | Lam_O(max=36.00) Lam_E(max=64.03)
  [Outer 15/15] Loss (KL=24.5308, Const=362553.0312) | Viol_Order(max=2.00, mean=0.0483) | Viol_Exist(max=2.00, mean=1.0647) | Mu_O(max=39.4) Mu_E(max=39.4) | Lam_O(max=127.91) Lam_E(max=255.82)

[Projection Start] Batch: 512, Constraints: 35
  [Outer 01/15] Loss (KL=0.0001, Const=2806.1582) | Viol_Order(max=3.00, mean=0.0504) | Viol_Exist(max=2.00, mean=1.0646) | Mu_O(max=1.0) Mu_E(max=1.0) | Lam_O(max=0.00) Lam_E(max=0.00)
  [Outer 10/15] Loss (KL=13.6871, Const=124074.6250) | Viol_Order(max=2.00, mean=0.0417) | Viol_Exist(max=2.00, mean=1.0760) | Mu_O(max=10.6) Mu_E(max=10.6) | Lam_O(max=34.31) Lam_E(max=64.03)
  [Outer 15/15] Loss (KL=23.8662, Const=368302.7500) | Viol_Order(max=1.00, mean=0.0472) | Viol_Exist(max=2.00, mean=1.0641) | Mu_O(max=39.4) Mu_E(max=39.4) | Lam_O(max=127.91) Lam_E(max=255.82)

[Projection Start] Batch: 512, Constraints: 35
  [Outer 01/15] Loss (KL=0.0005, Const=2784.4214) | Viol_Order(max=2.00, mean=0.0503) | Viol_Exist(max=2.00, mean=1.0632) | Mu_O(max=1.0) Mu_E(max=1.0) | Lam_O(max=0.00) Lam_E(max=0.00)
  [Outer 10/15] Loss (KL=12.7576, Const=127532.6250) | Viol_Order(max=2.00, mean=0.0408) | Viol_Exist(max=2.00, mean=1.0754) | Mu_O(max=10.6) Mu_E(max=10.6) | Lam_O(max=32.67) Lam_E(max=64.03)
  [Outer 15/15] Loss (KL=24.5069, Const=364891.8750) | Viol_Order(max=2.00, mean=0.0450) | Viol_Exist(max=2.00, mean=1.0669) | Mu_O(max=39.4) Mu_E(max=39.4) | Lam_O(max=141.70) Lam_E(max=255.82)

[Projection Start] Batch: 512, Constraints: 35
  [Outer 01/15] Loss (KL=0.0013, Const=2787.8208) | Viol_Order(max=2.00, mean=0.0470) | Viol_Exist(max=2.00, mean=1.0646) | Mu_O(max=1.0) Mu_E(max=1.0) | Lam_O(max=0.00) Lam_E(max=0.00)
  [Outer 10/15] Loss (KL=13.3749, Const=124084.2656) | Viol_Order(max=2.00, mean=0.0389) | Viol_Exist(max=2.00, mean=1.0777) | Mu_O(max=10.6) Mu_E(max=10.6) | Lam_O(max=32.01) Lam_E(max=64.03)
  [Outer 15/15] Loss (KL=24.5621, Const=361865.0625) | Viol_Order(max=2.00, mean=0.0486) | Viol_Exist(max=2.00, mean=1.0643) | Mu_O(max=39.4) Mu_E(max=39.4) | Lam_O(max=127.91) Lam_E(max=255.82)

[Projection Start] Batch: 512, Constraints: 35
  [Outer 01/15] Loss (KL=0.0006, Const=2794.2983) | Viol_Order(max=2.00, mean=0.0507) | Viol_Exist(max=2.00, mean=1.0637) | Mu_O(max=1.0) Mu_E(max=1.0) | Lam_O(max=0.00) Lam_E(max=0.00)
  [Outer 10/15] Loss (KL=13.3982, Const=124502.6328) | Viol_Order(max=2.00, mean=0.0390) | Viol_Exist(max=2.00, mean=1.0776) | Mu_O(max=10.6) Mu_E(max=10.6) | Lam_O(max=32.01) Lam_E(max=64.03)
  [Outer 15/15] Loss (KL=24.3636, Const=363539.3438) | Viol_Order(max=1.00, mean=0.0487) | Viol_Exist(max=2.00, mean=1.0651) | Mu_O(max=39.4) Mu_E(max=39.4) | Lam_O(max=127.91) Lam_E(max=255.82)

[Projection Start] Batch: 512, Constraints: 35
  [Outer 01/15] Loss (KL=0.0011, Const=2794.2812) | Viol_Order(max=2.00, mean=0.0504) | Viol_Exist(max=2.00, mean=1.0645) | Mu_O(max=1.0) Mu_E(max=1.0) | Lam_O(max=0.00) Lam_E(max=0.00)
  [Outer 10/15] Loss (KL=13.4442, Const=123769.2109) | Viol_Order(max=2.00, mean=0.0390) | Viol_Exist(max=2.00, mean=1.0788) | Mu_O(max=10.6) Mu_E(max=10.6) | Lam_O(max=36.84) Lam_E(max=64.03)
  [Outer 15/15] Loss (KL=24.7800, Const=360762.0000) | Viol_Order(max=2.00, mean=0.0477) | Viol_Exist(max=2.00, mean=1.0641) | Mu_O(max=39.4) Mu_E(max=39.4) | Lam_O(max=127.91) Lam_E(max=255.82)

[Projection Start] Batch: 512, Constraints: 35
  [Outer 01/15] Loss (KL=0.0004, Const=2786.3281) | Viol_Order(max=2.00, mean=0.0493) | Viol_Exist(max=2.00, mean=1.0641) | Mu_O(max=1.0) Mu_E(max=1.0) | Lam_O(max=0.00) Lam_E(max=0.00)
  [Outer 10/15] Loss (KL=13.4346, Const=125282.1172) | Viol_Order(max=2.00, mean=0.0384) | Viol_Exist(max=2.00, mean=1.0757) | Mu_O(max=10.6) Mu_E(max=10.6) | Lam_O(max=32.01) Lam_E(max=64.03)
  [Outer 15/15] Loss (KL=24.2659, Const=367634.0000) | Viol_Order(max=2.00, mean=0.0463) | Viol_Exist(max=2.00, mean=1.0681) | Mu_O(max=39.4) Mu_E(max=39.4) | Lam_O(max=127.91) Lam_E(max=255.82)

[Projection Start] Batch: 512, Constraints: 35
  [Outer 01/15] Loss (KL=0.0004, Const=2830.6230) | Viol_Order(max=4.00, mean=0.0496) | Viol_Exist(max=2.00, mean=1.0680) | Mu_O(max=1.0) Mu_E(max=1.0) | Lam_O(max=0.00) Lam_E(max=0.00)
  [Outer 10/15] Loss (KL=13.8389, Const=125207.1875) | Viol_Order(max=2.00, mean=0.0416) | Viol_Exist(max=2.00, mean=1.0780) | Mu_O(max=10.6) Mu_E(max=10.6) | Lam_O(max=38.20) Lam_E(max=64.03)
  [Outer 15/15] Loss (KL=24.9069, Const=364014.6250) | Viol_Order(max=2.00, mean=0.0465) | Viol_Exist(max=2.00, mean=1.0664) | Mu_O(max=39.4) Mu_E(max=39.4) | Lam_O(max=127.91) Lam_E(max=255.82)

[Projection Start] Batch: 512, Constraints: 35
  [Outer 01/15] Loss (KL=0.0003, Const=2804.3049) | Viol_Order(max=2.00, mean=0.0484) | Viol_Exist(max=2.00, mean=1.0656) | Mu_O(max=1.0) Mu_E(max=1.0) | Lam_O(max=0.00) Lam_E(max=0.00)
  [Outer 10/15] Loss (KL=13.7435, Const=123862.4922) | Viol_Order(max=2.00, mean=0.0379) | Viol_Exist(max=2.00, mean=1.0786) | Mu_O(max=10.6) Mu_E(max=10.6) | Lam_O(max=32.01) Lam_E(max=64.03)
  [Outer 15/15] Loss (KL=24.2971, Const=359701.1250) | Viol_Order(max=1.00, mean=0.0451) | Viol_Exist(max=2.00, mean=1.0652) | Mu_O(max=39.4) Mu_E(max=39.4) | Lam_O(max=127.91) Lam_E(max=255.82)

[Projection Start] Batch: 512, Constraints: 35
  [Outer 01/15] Loss (KL=0.0002, Const=2781.9587) | Viol_Order(max=2.00, mean=0.0467) | Viol_Exist(max=2.00, mean=1.0650) | Mu_O(max=1.0) Mu_E(max=1.0) | Lam_O(max=0.00) Lam_E(max=0.00)
  [Outer 10/15] Loss (KL=13.5284, Const=124142.2734) | Viol_Order(max=2.00, mean=0.0376) | Viol_Exist(max=2.00, mean=1.0761) | Mu_O(max=10.6) Mu_E(max=10.6) | Lam_O(max=32.01) Lam_E(max=64.03)
  [Outer 15/15] Loss (KL=24.1266, Const=364460.7188) | Viol_Order(max=2.00, mean=0.0453) | Viol_Exist(max=2.00, mean=1.0604) | Mu_O(max=39.4) Mu_E(max=39.4) | Lam_O(max=138.52) Lam_E(max=255.82)

[Projection Start] Batch: 512, Constraints: 35
  [Outer 01/15] Loss (KL=0.0005, Const=2731.0098) | Viol_Order(max=2.00, mean=0.0472) | Viol_Exist(max=2.00, mean=1.0607) | Mu_O(max=1.0) Mu_E(max=1.0) | Lam_O(max=0.00) Lam_E(max=0.00)
  [Outer 10/15] Loss (KL=12.9493, Const=124314.8125) | Viol_Order(max=2.00, mean=0.0393) | Viol_Exist(max=2.00, mean=1.0756) | Mu_O(max=10.6) Mu_E(max=10.6) | Lam_O(max=32.01) Lam_E(max=64.03)
  [Outer 15/15] Loss (KL=23.2487, Const=366215.5625) | Viol_Order(max=2.00, mean=0.0452) | Viol_Exist(max=2.00, mean=1.0629) | Mu_O(max=39.4) Mu_E(max=39.4) | Lam_O(max=127.91) Lam_E(max=255.82)

[Projection Start] Batch: 512, Constraints: 35
  [Outer 01/15] Loss (KL=0.0002, Const=2764.9927) | Viol_Order(max=3.00, mean=0.0475) | Viol_Exist(max=2.00, mean=1.0636) | Mu_O(max=1.0) Mu_E(max=1.0) | Lam_O(max=0.00) Lam_E(max=0.00)
  [Outer 10/15] Loss (KL=12.7842, Const=124675.4375) | Viol_Order(max=2.00, mean=0.0395) | Viol_Exist(max=2.00, mean=1.0775) | Mu_O(max=10.6) Mu_E(max=10.6) | Lam_O(max=32.01) Lam_E(max=64.03)
  [Outer 15/15] Loss (KL=23.7744, Const=364025.2812) | Viol_Order(max=2.00, mean=0.0454) | Viol_Exist(max=2.00, mean=1.0632) | Mu_O(max=39.4) Mu_E(max=39.4) | Lam_O(max=127.91) Lam_E(max=255.82)

[Projection Start] Batch: 512, Constraints: 35
  [Outer 01/15] Loss (KL=0.0012, Const=2752.2786) | Viol_Order(max=2.00, mean=0.0461) | Viol_Exist(max=2.00, mean=1.0630) | Mu_O(max=1.0) Mu_E(max=1.0) | Lam_O(max=0.00) Lam_E(max=0.00)
  [Outer 10/15] Loss (KL=13.2421, Const=123933.0938) | Viol_Order(max=2.00, mean=0.0380) | Viol_Exist(max=2.00, mean=1.0729) | Mu_O(max=10.6) Mu_E(max=10.6) | Lam_O(max=38.20) Lam_E(max=64.03)
  [Outer 15/15] Loss (KL=23.3090, Const=368612.4062) | Viol_Order(max=2.00, mean=0.0431) | Viol_Exist(max=2.00, mean=1.0632) | Mu_O(max=39.4) Mu_E(max=39.4) | Lam_O(max=127.91) Lam_E(max=255.82)

[Projection Start] Batch: 512, Constraints: 35
  [Outer 01/15] Loss (KL=0.0007, Const=2738.6655) | Viol_Order(max=2.00, mean=0.0448) | Viol_Exist(max=2.00, mean=1.0632) | Mu_O(max=1.0) Mu_E(max=1.0) | Lam_O(max=0.00) Lam_E(max=0.00)
  [Outer 10/15] Loss (KL=13.2291, Const=123041.2188) | Viol_Order(max=2.00, mean=0.0378) | Viol_Exist(max=2.00, mean=1.0749) | Mu_O(max=10.6) Mu_E(max=10.6) | Lam_O(max=32.01) Lam_E(max=64.03)
  [Outer 15/15] Loss (KL=23.8160, Const=364457.0625) | Viol_Order(max=2.00, mean=0.0446) | Viol_Exist(max=2.00, mean=1.0646) | Mu_O(max=39.4) Mu_E(max=39.4) | Lam_O(max=127.91) Lam_E(max=255.82)

[Projection Start] Batch: 512, Constraints: 35
  [Outer 01/15] Loss (KL=0.0004, Const=2772.2344) | Viol_Order(max=2.00, mean=0.0467) | Viol_Exist(max=2.00, mean=1.0636) | Mu_O(max=1.0) Mu_E(max=1.0) | Lam_O(max=0.00) Lam_E(max=0.00)
  [Outer 10/15] Loss (KL=12.9032, Const=126049.1875) | Viol_Order(max=2.00, mean=0.0393) | Viol_Exist(max=2.00, mean=1.0745) | Mu_O(max=10.6) Mu_E(max=10.6) | Lam_O(max=40.03) Lam_E(max=64.03)
  [Outer 15/15] Loss (KL=23.4525, Const=366550.8125) | Viol_Order(max=2.00, mean=0.0432) | Viol_Exist(max=2.00, mean=1.0642) | Mu_O(max=39.4) Mu_E(max=39.4) | Lam_O(max=127.91) Lam_E(max=255.82)

[Projection Start] Batch: 512, Constraints: 35
  [Outer 01/15] Loss (KL=0.0005, Const=2750.4143) | Viol_Order(max=2.00, mean=0.0446) | Viol_Exist(max=2.00, mean=1.0645) | Mu_O(max=1.0) Mu_E(max=1.0) | Lam_O(max=0.00) Lam_E(max=0.00)
  [Outer 10/15] Loss (KL=13.2064, Const=124854.0703) | Viol_Order(max=2.00, mean=0.0377) | Viol_Exist(max=2.00, mean=1.0741) | Mu_O(max=10.6) Mu_E(max=10.6) | Lam_O(max=32.01) Lam_E(max=64.03)
  [Outer 15/15] Loss (KL=23.3237, Const=368161.6875) | Viol_Order(max=2.00, mean=0.0455) | Viol_Exist(max=2.00, mean=1.0635) | Mu_O(max=39.4) Mu_E(max=39.4) | Lam_O(max=127.91) Lam_E(max=255.82)

[Projection Start] Batch: 512, Constraints: 35
  [Outer 01/15] Loss (KL=0.0003, Const=2749.1372) | Viol_Order(max=3.00, mean=0.0472) | Viol_Exist(max=2.00, mean=1.0635) | Mu_O(max=1.0) Mu_E(max=1.0) | Lam_O(max=0.00) Lam_E(max=0.00)
  [Outer 10/15] Loss (KL=12.7151, Const=124560.6172) | Viol_Order(max=2.00, mean=0.0388) | Viol_Exist(max=2.00, mean=1.0730) | Mu_O(max=10.6) Mu_E(max=10.6) | Lam_O(max=32.01) Lam_E(max=64.03)
  [Outer 15/15] Loss (KL=23.4013, Const=370057.4375) | Viol_Order(max=2.00, mean=0.0452) | Viol_Exist(max=2.00, mean=1.0631) | Mu_O(max=39.4) Mu_E(max=39.4) | Lam_O(max=127.91) Lam_E(max=255.82)

[Projection Start] Batch: 512, Constraints: 35
  [Outer 01/15] Loss (KL=0.0003, Const=2741.6853) | Viol_Order(max=2.00, mean=0.0468) | Viol_Exist(max=2.00, mean=1.0623) | Mu_O(max=1.0) Mu_E(max=1.0) | Lam_O(max=0.00) Lam_E(max=0.00)
  [Outer 10/15] Loss (KL=12.9081, Const=126710.0156) | Viol_Order(max=2.00, mean=0.0373) | Viol_Exist(max=2.00, mean=1.0768) | Mu_O(max=10.6) Mu_E(max=10.6) | Lam_O(max=35.73) Lam_E(max=64.03)
  [Outer 15/15] Loss (KL=23.7078, Const=372709.5000) | Viol_Order(max=2.00, mean=0.0465) | Viol_Exist(max=2.00, mean=1.0632) | Mu_O(max=39.4) Mu_E(max=39.4) | Lam_O(max=127.91) Lam_E(max=255.82)

[Projection Start] Batch: 512, Constraints: 35
  [Outer 01/15] Loss (KL=0.0003, Const=2760.3184) | Viol_Order(max=2.00, mean=0.0482) | Viol_Exist(max=2.00, mean=1.0630) | Mu_O(max=1.0) Mu_E(max=1.0) | Lam_O(max=0.00) Lam_E(max=0.00)
  [Outer 10/15] Loss (KL=12.7481, Const=124481.5938) | Viol_Order(max=2.00, mean=0.0394) | Viol_Exist(max=2.00, mean=1.0769) | Mu_O(max=10.6) Mu_E(max=10.6) | Lam_O(max=32.01) Lam_E(max=64.03)
  [Outer 15/15] Loss (KL=23.5501, Const=366657.7500) | Viol_Order(max=2.00, mean=0.0460) | Viol_Exist(max=2.00, mean=1.0614) | Mu_O(max=39.4) Mu_E(max=39.4) | Lam_O(max=127.91) Lam_E(max=255.82)

[Projection Start] Batch: 512, Constraints: 35
  [Outer 01/15] Loss (KL=0.0006, Const=2732.1304) | Viol_Order(max=2.00, mean=0.0480) | Viol_Exist(max=2.00, mean=1.0624) | Mu_O(max=1.0) Mu_E(max=1.0) | Lam_O(max=0.00) Lam_E(max=0.00)
  [Outer 10/15] Loss (KL=13.2548, Const=123234.3672) | Viol_Order(max=2.00, mean=0.0392) | Viol_Exist(max=2.00, mean=1.0725) | Mu_O(max=10.6) Mu_E(max=10.6) | Lam_O(max=32.01) Lam_E(max=64.03)
  [Outer 15/15] Loss (KL=23.3143, Const=366719.6250) | Viol_Order(max=2.00, mean=0.0475) | Viol_Exist(max=2.00, mean=1.0595) | Mu_O(max=39.4) Mu_E(max=39.4) | Lam_O(max=127.91) Lam_E(max=255.82)

[Projection Start] Batch: 512, Constraints: 35
  [Outer 01/15] Loss (KL=0.0007, Const=2746.9368) | Viol_Order(max=2.00, mean=0.0491) | Viol_Exist(max=2.00, mean=1.0613) | Mu_O(max=1.0) Mu_E(max=1.0) | Lam_O(max=0.00) Lam_E(max=0.00)
  [Outer 10/15] Loss (KL=12.4243, Const=126087.7812) | Viol_Order(max=2.00, mean=0.0369) | Viol_Exist(max=2.00, mean=1.0780) | Mu_O(max=10.6) Mu_E(max=10.6) | Lam_O(max=32.01) Lam_E(max=64.03)
  [Outer 15/15] Loss (KL=23.4696, Const=367180.4062) | Viol_Order(max=2.00, mean=0.0446) | Viol_Exist(max=2.00, mean=1.0626) | Mu_O(max=39.4) Mu_E(max=39.4) | Lam_O(max=127.91) Lam_E(max=255.82)

[Projection Start] Batch: 512, Constraints: 35
  [Outer 01/15] Loss (KL=0.0003, Const=2734.9795) | Viol_Order(max=2.00, mean=0.0461) | Viol_Exist(max=2.00, mean=1.0638) | Mu_O(max=1.0) Mu_E(max=1.0) | Lam_O(max=0.00) Lam_E(max=0.00)
  [Outer 10/15] Loss (KL=13.1001, Const=123231.6719) | Viol_Order(max=3.00, mean=0.0373) | Viol_Exist(max=2.00, mean=1.0763) | Mu_O(max=10.6) Mu_E(max=10.6) | Lam_O(max=34.31) Lam_E(max=64.03)
  [Outer 15/15] Loss (KL=23.5253, Const=367746.5000) | Viol_Order(max=2.00, mean=0.0456) | Viol_Exist(max=2.00, mean=1.0590) | Mu_O(max=39.4) Mu_E(max=39.4) | Lam_O(max=127.91) Lam_E(max=255.82)

[Projection Start] Batch: 512, Constraints: 35
  [Outer 01/15] Loss (KL=0.0004, Const=2716.6912) | Viol_Order(max=2.00, mean=0.0474) | Viol_Exist(max=2.00, mean=1.0599) | Mu_O(max=1.0) Mu_E(max=1.0) | Lam_O(max=0.00) Lam_E(max=0.00)
  [Outer 10/15] Loss (KL=12.5868, Const=125613.8906) | Viol_Order(max=2.00, mean=0.0397) | Viol_Exist(max=2.00, mean=1.0732) | Mu_O(max=10.6) Mu_E(max=10.6) | Lam_O(max=32.01) Lam_E(max=64.03)
  [Outer 15/15] Loss (KL=22.7485, Const=375258.3125) | Viol_Order(max=2.00, mean=0.0432) | Viol_Exist(max=2.00, mean=1.0627) | Mu_O(max=39.4) Mu_E(max=39.4) | Lam_O(max=127.91) Lam_E(max=255.82)

[Projection Start] Batch: 512, Constraints: 35
  [Outer 01/15] Loss (KL=0.0005, Const=2731.3259) | Viol_Order(max=2.00, mean=0.0447) | Viol_Exist(max=2.00, mean=1.0632) | Mu_O(max=1.0) Mu_E(max=1.0) | Lam_O(max=0.00) Lam_E(max=0.00)
  [Outer 10/15] Loss (KL=13.5052, Const=122709.0781) | Viol_Order(max=2.00, mean=0.0358) | Viol_Exist(max=2.00, mean=1.0737) | Mu_O(max=10.6) Mu_E(max=10.6) | Lam_O(max=32.01) Lam_E(max=64.03)
  [Outer 15/15] Loss (KL=23.0785, Const=366709.0000) | Viol_Order(max=2.00, mean=0.0422) | Viol_Exist(max=2.00, mean=1.0598) | Mu_O(max=39.4) Mu_E(max=39.4) | Lam_O(max=127.91) Lam_E(max=255.82)

[Projection Start] Batch: 512, Constraints: 35
  [Outer 01/15] Loss (KL=0.0005, Const=2693.3757) | Viol_Order(max=2.00, mean=0.0427) | Viol_Exist(max=2.00, mean=1.0604) | Mu_O(max=1.0) Mu_E(max=1.0) | Lam_O(max=0.00) Lam_E(max=0.00)
  [Outer 10/15] Loss (KL=12.8251, Const=123104.9219) | Viol_Order(max=2.00, mean=0.0359) | Viol_Exist(max=2.00, mean=1.0742) | Mu_O(max=10.6) Mu_E(max=10.6) | Lam_O(max=32.01) Lam_E(max=64.03)
  [Outer 15/15] Loss (KL=22.9962, Const=365732.5625) | Viol_Order(max=2.00, mean=0.0449) | Viol_Exist(max=2.00, mean=1.0598) | Mu_O(max=39.4) Mu_E(max=39.4) | Lam_O(max=127.91) Lam_E(max=255.82)

[Projection Start] Batch: 512, Constraints: 35
  [Outer 01/15] Loss (KL=0.0003, Const=2713.0896) | Viol_Order(max=2.00, mean=0.0455) | Viol_Exist(max=2.00, mean=1.0609) | Mu_O(max=1.0) Mu_E(max=1.0) | Lam_O(max=0.00) Lam_E(max=0.00)
  [Outer 10/15] Loss (KL=13.2699, Const=122525.4688) | Viol_Order(max=2.00, mean=0.0374) | Viol_Exist(max=2.00, mean=1.0740) | Mu_O(max=10.6) Mu_E(max=10.6) | Lam_O(max=32.01) Lam_E(max=64.03)
  [Outer 15/15] Loss (KL=23.7067, Const=363005.1562) | Viol_Order(max=1.00, mean=0.0436) | Viol_Exist(max=2.00, mean=1.0617) | Mu_O(max=39.4) Mu_E(max=39.4) | Lam_O(max=127.91) Lam_E(max=255.82)

[Projection Start] Batch: 512, Constraints: 35
  [Outer 01/15] Loss (KL=0.0013, Const=2745.9399) | Viol_Order(max=2.00, mean=0.0451) | Viol_Exist(max=2.00, mean=1.0644) | Mu_O(max=1.0) Mu_E(max=1.0) | Lam_O(max=0.00) Lam_E(max=0.00)
  [Outer 10/15] Loss (KL=13.5293, Const=121500.2578) | Viol_Order(max=2.00, mean=0.0372) | Viol_Exist(max=2.00, mean=1.0757) | Mu_O(max=10.6) Mu_E(max=10.6) | Lam_O(max=32.01) Lam_E(max=64.03)
  [Outer 15/15] Loss (KL=23.4727, Const=361291.2188) | Viol_Order(max=2.00, mean=0.0431) | Viol_Exist(max=2.00, mean=1.0588) | Mu_O(max=39.4) Mu_E(max=39.4) | Lam_O(max=127.91) Lam_E(max=255.82)

[Projection Start] Batch: 512, Constraints: 35
  [Outer 01/15] Loss (KL=0.0004, Const=2691.9399) | Viol_Order(max=2.00, mean=0.0449) | Viol_Exist(max=2.00, mean=1.0600) | Mu_O(max=1.0) Mu_E(max=1.0) | Lam_O(max=0.00) Lam_E(max=0.00)
  [Outer 10/15] Loss (KL=13.2912, Const=121150.9844) | Viol_Order(max=2.00, mean=0.0357) | Viol_Exist(max=2.00, mean=1.0758) | Mu_O(max=10.6) Mu_E(max=10.6) | Lam_O(max=32.01) Lam_E(max=64.03)
  [Outer 15/15] Loss (KL=23.5767, Const=360526.8750) | Viol_Order(max=1.00, mean=0.0430) | Viol_Exist(max=2.00, mean=1.0627) | Mu_O(max=39.4) Mu_E(max=39.4) | Lam_O(max=127.91) Lam_E(max=255.82)

[Projection Start] Batch: 512, Constraints: 35
  [Outer 01/15] Loss (KL=0.0003, Const=2718.3994) | Viol_Order(max=2.00, mean=0.0451) | Viol_Exist(max=2.00, mean=1.0629) | Mu_O(max=1.0) Mu_E(max=1.0) | Lam_O(max=0.00) Lam_E(max=0.00)
  [Outer 10/15] Loss (KL=13.4170, Const=123310.6406) | Viol_Order(max=2.00, mean=0.0380) | Viol_Exist(max=2.00, mean=1.0758) | Mu_O(max=10.6) Mu_E(max=10.6) | Lam_O(max=36.84) Lam_E(max=64.03)
  [Outer 15/15] Loss (KL=23.5343, Const=365195.0938) | Viol_Order(max=2.00, mean=0.0424) | Viol_Exist(max=2.00, mean=1.0624) | Mu_O(max=39.4) Mu_E(max=39.4) | Lam_O(max=127.91) Lam_E(max=255.82)

[Projection Start] Batch: 512, Constraints: 35
  [Outer 01/15] Loss (KL=0.0004, Const=2726.3965) | Viol_Order(max=2.00, mean=0.0446) | Viol_Exist(max=2.00, mean=1.0623) | Mu_O(max=1.0) Mu_E(max=1.0) | Lam_O(max=0.00) Lam_E(max=0.00)
  [Outer 10/15] Loss (KL=12.8643, Const=124343.7500) | Viol_Order(max=1.00, mean=0.0361) | Viol_Exist(max=2.00, mean=1.0753) | Mu_O(max=10.6) Mu_E(max=10.6) | Lam_O(max=32.01) Lam_E(max=64.03)
  [Outer 15/15] Loss (KL=23.5766, Const=367509.7500) | Viol_Order(max=2.00, mean=0.0430) | Viol_Exist(max=2.00, mean=1.0612) | Mu_O(max=39.4) Mu_E(max=39.4) | Lam_O(max=127.91) Lam_E(max=255.82)

[Projection Start] Batch: 512, Constraints: 35
  [Outer 01/15] Loss (KL=0.0007, Const=2683.4229) | Viol_Order(max=2.00, mean=0.0439) | Viol_Exist(max=2.00, mean=1.0603) | Mu_O(max=1.0) Mu_E(max=1.0) | Lam_O(max=0.00) Lam_E(max=0.00)
  [Outer 10/15] Loss (KL=13.1414, Const=121969.1719) | Viol_Order(max=2.00, mean=0.0352) | Viol_Exist(max=2.00, mean=1.0730) | Mu_O(max=10.6) Mu_E(max=10.6) | Lam_O(max=32.01) Lam_E(max=64.03)
  [Outer 15/15] Loss (KL=23.3295, Const=363740.3438) | Viol_Order(max=2.00, mean=0.0422) | Viol_Exist(max=2.00, mean=1.0612) | Mu_O(max=39.4) Mu_E(max=39.4) | Lam_O(max=127.91) Lam_E(max=255.82)

[Projection Start] Batch: 512, Constraints: 35
  [Outer 01/15] Loss (KL=0.0004, Const=2709.2471) | Viol_Order(max=3.00, mean=0.0435) | Viol_Exist(max=2.00, mean=1.0617) | Mu_O(max=1.0) Mu_E(max=1.0) | Lam_O(max=0.00) Lam_E(max=0.00)
  [Outer 10/15] Loss (KL=13.1974, Const=122530.9375) | Viol_Order(max=2.00, mean=0.0350) | Viol_Exist(max=2.00, mean=1.0734) | Mu_O(max=10.6) Mu_E(max=10.6) | Lam_O(max=38.20) Lam_E(max=64.03)
  [Outer 15/15] Loss (KL=23.2505, Const=365408.0625) | Viol_Order(max=2.00, mean=0.0429) | Viol_Exist(max=2.00, mean=1.0614) | Mu_O(max=39.4) Mu_E(max=39.4) | Lam_O(max=127.91) Lam_E(max=255.82)

[Projection Start] Batch: 512, Constraints: 35
  [Outer 01/15] Loss (KL=0.0003, Const=2697.7600) | Viol_Order(max=2.00, mean=0.0449) | Viol_Exist(max=2.00, mean=1.0600) | Mu_O(max=1.0) Mu_E(max=1.0) | Lam_O(max=0.00) Lam_E(max=0.00)
  [Outer 10/15] Loss (KL=13.0096, Const=122773.9375) | Viol_Order(max=2.00, mean=0.0342) | Viol_Exist(max=2.00, mean=1.0751) | Mu_O(max=10.6) Mu_E(max=10.6) | Lam_O(max=32.01) Lam_E(max=64.03)
  [Outer 15/15] Loss (KL=23.9963, Const=358101.2812) | Viol_Order(max=2.00, mean=0.0420) | Viol_Exist(max=2.00, mean=1.0629) | Mu_O(max=39.4) Mu_E(max=39.4) | Lam_O(max=127.91) Lam_E(max=255.82)

[Projection Start] Batch: 512, Constraints: 35
  [Outer 01/15] Loss (KL=0.0010, Const=2732.9155) | Viol_Order(max=4.00, mean=0.0440) | Viol_Exist(max=2.00, mean=1.0634) | Mu_O(max=1.0) Mu_E(max=1.0) | Lam_O(max=0.00) Lam_E(max=0.00)
  [Outer 10/15] Loss (KL=13.5555, Const=121398.9688) | Viol_Order(max=2.00, mean=0.0338) | Viol_Exist(max=2.00, mean=1.0715) | Mu_O(max=10.6) Mu_E(max=10.6) | Lam_O(max=39.30) Lam_E(max=64.03)
  [Outer 15/15] Loss (KL=24.3494, Const=361079.1875) | Viol_Order(max=2.00, mean=0.0395) | Viol_Exist(max=2.00, mean=1.0616) | Mu_O(max=39.4) Mu_E(max=39.4) | Lam_O(max=127.91) Lam_E(max=255.82)

[Projection Start] Batch: 512, Constraints: 35
  [Outer 01/15] Loss (KL=0.0001, Const=2683.5952) | Viol_Order(max=2.00, mean=0.0408) | Viol_Exist(max=2.00, mean=1.0609) | Mu_O(max=1.0) Mu_E(max=1.0) | Lam_O(max=0.00) Lam_E(max=0.00)
  [Outer 10/15] Loss (KL=13.1324, Const=121881.5469) | Viol_Order(max=3.00, mean=0.0356) | Viol_Exist(max=2.00, mean=1.0700) | Mu_O(max=10.6) Mu_E(max=10.6) | Lam_O(max=36.00) Lam_E(max=64.03)
  [Outer 15/15] Loss (KL=23.0058, Const=363230.3750) | Viol_Order(max=2.00, mean=0.0408) | Viol_Exist(max=2.00, mean=1.0603) | Mu_O(max=39.4) Mu_E(max=39.4) | Lam_O(max=131.90) Lam_E(max=255.82)

[Projection Start] Batch: 512, Constraints: 35
  [Outer 01/15] Loss (KL=0.0001, Const=2688.1292) | Viol_Order(max=3.00, mean=0.0428) | Viol_Exist(max=2.00, mean=1.0606) | Mu_O(max=1.0) Mu_E(max=1.0) | Lam_O(max=0.00) Lam_E(max=0.00)
  [Outer 10/15] Loss (KL=13.0220, Const=121427.3281) | Viol_Order(max=2.00, mean=0.0319) | Viol_Exist(max=2.00, mean=1.0710) | Mu_O(max=10.6) Mu_E(max=10.6) | Lam_O(max=44.77) Lam_E(max=64.03)
  [Outer 15/15] Loss (KL=22.7596, Const=367598.6562) | Viol_Order(max=1.00, mean=0.0395) | Viol_Exist(max=2.00, mean=1.0619) | Mu_O(max=39.4) Mu_E(max=39.4) | Lam_O(max=140.67) Lam_E(max=255.82)

[Projection Start] Batch: 512, Constraints: 35
  [Outer 01/15] Loss (KL=0.0003, Const=2663.9521) | Viol_Order(max=2.00, mean=0.0409) | Viol_Exist(max=2.00, mean=1.0608) | Mu_O(max=1.0) Mu_E(max=1.0) | Lam_O(max=0.00) Lam_E(max=0.00)
  [Outer 10/15] Loss (KL=13.1297, Const=119439.5156) | Viol_Order(max=1.00, mean=0.0327) | Viol_Exist(max=2.00, mean=1.0690) | Mu_O(max=10.6) Mu_E(max=10.6) | Lam_O(max=32.01) Lam_E(max=64.03)
  [Outer 15/15] Loss (KL=22.7763, Const=355721.3125) | Viol_Order(max=1.00, mean=0.0372) | Viol_Exist(max=2.00, mean=1.0600) | Mu_O(max=39.4) Mu_E(max=39.4) | Lam_O(max=127.91) Lam_E(max=255.82)

[Projection Start] Batch: 512, Constraints: 35
  [Outer 01/15] Loss (KL=0.0001, Const=2657.2898) | Viol_Order(max=3.00, mean=0.0392) | Viol_Exist(max=2.00, mean=1.0606) | Mu_O(max=1.0) Mu_E(max=1.0) | Lam_O(max=0.00) Lam_E(max=0.00)
  [Outer 10/15] Loss (KL=12.8271, Const=120277.4297) | Viol_Order(max=2.00, mean=0.0333) | Viol_Exist(max=2.00, mean=1.0715) | Mu_O(max=10.6) Mu_E(max=10.6) | Lam_O(max=32.01) Lam_E(max=64.03)
  [Outer 15/15] Loss (KL=23.2967, Const=359019.5625) | Viol_Order(max=2.00, mean=0.0376) | Viol_Exist(max=2.00, mean=1.0631) | Mu_O(max=39.4) Mu_E(max=39.4) | Lam_O(max=127.91) Lam_E(max=255.82)

[Projection Start] Batch: 512, Constraints: 35
  [Outer 01/15] Loss (KL=0.0003, Const=2708.9639) | Viol_Order(max=4.00, mean=0.0392) | Viol_Exist(max=2.00, mean=1.0632) | Mu_O(max=1.0) Mu_E(max=1.0) | Lam_O(max=0.00) Lam_E(max=0.00)
  [Outer 10/15] Loss (KL=13.4422, Const=120644.2344) | Viol_Order(max=2.00, mean=0.0336) | Viol_Exist(max=2.00, mean=1.0694) | Mu_O(max=10.6) Mu_E(max=10.6) | Lam_O(max=32.01) Lam_E(max=64.03)
  [Outer 15/15] Loss (KL=24.5072, Const=352061.7500) | Viol_Order(max=2.00, mean=0.0406) | Viol_Exist(max=2.00, mean=1.0584) | Mu_O(max=39.4) Mu_E(max=39.4) | Lam_O(max=127.91) Lam_E(max=255.82)

[Projection Start] Batch: 512, Constraints: 35
  [Outer 01/15] Loss (KL=0.0005, Const=2665.0366) | Viol_Order(max=2.00, mean=0.0421) | Viol_Exist(max=2.00, mean=1.0582) | Mu_O(max=1.0) Mu_E(max=1.0) | Lam_O(max=0.00) Lam_E(max=0.00)
  [Outer 10/15] Loss (KL=13.4926, Const=119158.8594) | Viol_Order(max=2.00, mean=0.0357) | Viol_Exist(max=2.00, mean=1.0680) | Mu_O(max=10.6) Mu_E(max=10.6) | Lam_O(max=32.01) Lam_E(max=64.03)
  [Outer 15/15] Loss (KL=24.1592, Const=349342.7500) | Viol_Order(max=2.00, mean=0.0420) | Viol_Exist(max=2.00, mean=1.0619) | Mu_O(max=39.4) Mu_E(max=39.4) | Lam_O(max=127.91) Lam_E(max=255.82)

[Projection Start] Batch: 512, Constraints: 35
  [Outer 01/15] Loss (KL=0.0028, Const=2728.4673) | Viol_Order(max=2.00, mean=0.0430) | Viol_Exist(max=2.00, mean=1.0636) | Mu_O(max=1.0) Mu_E(max=1.0) | Lam_O(max=0.00) Lam_E(max=0.00)
  [Outer 10/15] Loss (KL=13.3101, Const=119385.7344) | Viol_Order(max=2.00, mean=0.0379) | Viol_Exist(max=2.00, mean=1.0694) | Mu_O(max=10.6) Mu_E(max=10.6) | Lam_O(max=36.00) Lam_E(max=64.03)
  [Outer 15/15] Loss (KL=25.0267, Const=351693.6875) | Viol_Order(max=1.00, mean=0.0394) | Viol_Exist(max=2.00, mean=1.0584) | Mu_O(max=39.4) Mu_E(max=39.4) | Lam_O(max=127.91) Lam_E(max=255.82)

[Projection Start] Batch: 512, Constraints: 35
  [Outer 01/15] Loss (KL=0.0004, Const=2650.6819) | Viol_Order(max=2.00, mean=0.0409) | Viol_Exist(max=2.00, mean=1.0588) | Mu_O(max=1.0) Mu_E(max=1.0) | Lam_O(max=0.00) Lam_E(max=0.00)
  [Outer 10/15] Loss (KL=13.7694, Const=117805.2656) | Viol_Order(max=2.00, mean=0.0338) | Viol_Exist(max=2.00, mean=1.0722) | Mu_O(max=10.6) Mu_E(max=10.6) | Lam_O(max=32.01) Lam_E(max=64.03)
  [Outer 15/15] Loss (KL=23.5268, Const=352329.3125) | Viol_Order(max=2.00, mean=0.0415) | Viol_Exist(max=2.00, mean=1.0593) | Mu_O(max=39.4) Mu_E(max=39.4) | Lam_O(max=127.91) Lam_E(max=255.82)

[Projection Start] Batch: 512, Constraints: 35
  [Outer 01/15] Loss (KL=0.0004, Const=2695.0042) | Viol_Order(max=2.00, mean=0.0434) | Viol_Exist(max=2.00, mean=1.0603) | Mu_O(max=1.0) Mu_E(max=1.0) | Lam_O(max=0.00) Lam_E(max=0.00)
  [Outer 10/15] Loss (KL=13.2554, Const=120068.0078) | Viol_Order(max=2.00, mean=0.0329) | Viol_Exist(max=2.00, mean=1.0733) | Mu_O(max=10.6) Mu_E(max=10.6) | Lam_O(max=32.01) Lam_E(max=64.03)
  [Outer 15/15] Loss (KL=23.7044, Const=356879.0312) | Viol_Order(max=2.00, mean=0.0395) | Viol_Exist(max=2.00, mean=1.0610) | Mu_O(max=39.4) Mu_E(max=39.4) | Lam_O(max=127.91) Lam_E(max=255.82)

[Projection Start] Batch: 512, Constraints: 35
  [Outer 01/15] Loss (KL=0.0007, Const=2673.1719) | Viol_Order(max=2.00, mean=0.0408) | Viol_Exist(max=2.00, mean=1.0618) | Mu_O(max=1.0) Mu_E(max=1.0) | Lam_O(max=0.00) Lam_E(max=0.00)
  [Outer 10/15] Loss (KL=13.1268, Const=119934.5078) | Viol_Order(max=2.00, mean=0.0345) | Viol_Exist(max=2.00, mean=1.0701) | Mu_O(max=10.6) Mu_E(max=10.6) | Lam_O(max=34.87) Lam_E(max=64.03)
  [Outer 15/15] Loss (KL=23.9445, Const=352284.1875) | Viol_Order(max=2.00, mean=0.0400) | Viol_Exist(max=2.00, mean=1.0610) | Mu_O(max=39.4) Mu_E(max=39.4) | Lam_O(max=127.91) Lam_E(max=255.82)

[Projection Start] Batch: 512, Constraints: 35
  [Outer 01/15] Loss (KL=0.0005, Const=2658.0420) | Viol_Order(max=2.00, mean=0.0407) | Viol_Exist(max=2.00, mean=1.0609) | Mu_O(max=1.0) Mu_E(max=1.0) | Lam_O(max=0.00) Lam_E(max=0.00)
  [Outer 10/15] Loss (KL=13.1027, Const=119978.7344) | Viol_Order(max=2.00, mean=0.0328) | Viol_Exist(max=2.00, mean=1.0677) | Mu_O(max=10.6) Mu_E(max=10.6) | Lam_O(max=32.01) Lam_E(max=64.03)
  [Outer 15/15] Loss (KL=23.1679, Const=354275.5000) | Viol_Order(max=1.00, mean=0.0384) | Viol_Exist(max=2.00, mean=1.0594) | Mu_O(max=39.4) Mu_E(max=39.4) | Lam_O(max=127.91) Lam_E(max=255.82)

[Projection Start] Batch: 512, Constraints: 35
  [Outer 01/15] Loss (KL=0.0005, Const=2656.2271) | Viol_Order(max=3.00, mean=0.0398) | Viol_Exist(max=2.00, mean=1.0603) | Mu_O(max=1.0) Mu_E(max=1.0) | Lam_O(max=0.00) Lam_E(max=0.00)
  [Outer 10/15] Loss (KL=13.8100, Const=117569.0781) | Viol_Order(max=2.00, mean=0.0330) | Viol_Exist(max=2.00, mean=1.0687) | Mu_O(max=10.6) Mu_E(max=10.6) | Lam_O(max=36.00) Lam_E(max=64.03)
  [Outer 15/15] Loss (KL=23.9555, Const=352054.6250) | Viol_Order(max=2.00, mean=0.0382) | Viol_Exist(max=2.00, mean=1.0594) | Mu_O(max=39.4) Mu_E(max=39.4) | Lam_O(max=127.91) Lam_E(max=255.82)

[Projection Start] Batch: 512, Constraints: 35
  [Outer 01/15] Loss (KL=0.0003, Const=2662.7466) | Viol_Order(max=2.00, mean=0.0403) | Viol_Exist(max=2.00, mean=1.0600) | Mu_O(max=1.0) Mu_E(max=1.0) | Lam_O(max=0.00) Lam_E(max=0.00)
  [Outer 10/15] Loss (KL=13.1694, Const=119832.6562) | Viol_Order(max=2.00, mean=0.0343) | Viol_Exist(max=2.00, mean=1.0667) | Mu_O(max=10.6) Mu_E(max=10.6) | Lam_O(max=32.01) Lam_E(max=64.03)
  [Outer 15/15] Loss (KL=24.4568, Const=351060.1250) | Viol_Order(max=2.00, mean=0.0362) | Viol_Exist(max=2.00, mean=1.0607) | Mu_O(max=39.4) Mu_E(max=39.4) | Lam_O(max=138.52) Lam_E(max=255.82)

[Projection Start] Batch: 512, Constraints: 35
  [Outer 01/15] Loss (KL=0.0005, Const=2651.7021) | Viol_Order(max=3.00, mean=0.0381) | Viol_Exist(max=2.00, mean=1.0612) | Mu_O(max=1.0) Mu_E(max=1.0) | Lam_O(max=0.00) Lam_E(max=0.00)
  [Outer 10/15] Loss (KL=13.1342, Const=120797.1406) | Viol_Order(max=2.00, mean=0.0330) | Viol_Exist(max=2.00, mean=1.0684) | Mu_O(max=10.6) Mu_E(max=10.6) | Lam_O(max=36.00) Lam_E(max=64.03)
  [Outer 15/15] Loss (KL=23.4638, Const=355674.3125) | Viol_Order(max=1.00, mean=0.0376) | Viol_Exist(max=2.00, mean=1.0610) | Mu_O(max=39.4) Mu_E(max=39.4) | Lam_O(max=127.91) Lam_E(max=255.82)

[Projection Start] Batch: 512, Constraints: 35
  [Outer 01/15] Loss (KL=0.0006, Const=2670.0063) | Viol_Order(max=2.00, mean=0.0396) | Viol_Exist(max=2.00, mean=1.0617) | Mu_O(max=1.0) Mu_E(max=1.0) | Lam_O(max=0.00) Lam_E(max=0.00)
  [Outer 10/15] Loss (KL=13.4383, Const=119860.3516) | Viol_Order(max=2.00, mean=0.0317) | Viol_Exist(max=2.00, mean=1.0720) | Mu_O(max=10.6) Mu_E(max=10.6) | Lam_O(max=32.01) Lam_E(max=64.03)
  [Outer 15/15] Loss (KL=24.5350, Const=351934.8750) | Viol_Order(max=2.00, mean=0.0398) | Viol_Exist(max=2.00, mean=1.0586) | Mu_O(max=39.4) Mu_E(max=39.4) | Lam_O(max=127.91) Lam_E(max=255.82)

[Projection Start] Batch: 512, Constraints: 35
  [Outer 01/15] Loss (KL=0.0010, Const=2658.7349) | Viol_Order(max=2.00, mean=0.0408) | Viol_Exist(max=2.00, mean=1.0588) | Mu_O(max=1.0) Mu_E(max=1.0) | Lam_O(max=0.00) Lam_E(max=0.00)
  [Outer 10/15] Loss (KL=12.9873, Const=119057.0781) | Viol_Order(max=2.00, mean=0.0359) | Viol_Exist(max=2.00, mean=1.0658) | Mu_O(max=10.6) Mu_E(max=10.6) | Lam_O(max=32.01) Lam_E(max=64.03)
  [Outer 15/15] Loss (KL=22.6673, Const=355823.1875) | Viol_Order(max=2.00, mean=0.0383) | Viol_Exist(max=2.00, mean=1.0579) | Mu_O(max=39.4) Mu_E(max=39.4) | Lam_O(max=127.91) Lam_E(max=255.82)

[Projection Start] Batch: 512, Constraints: 35
  [Outer 01/15] Loss (KL=0.0005, Const=2652.1228) | Viol_Order(max=2.00, mean=0.0397) | Viol_Exist(max=2.00, mean=1.0589) | Mu_O(max=1.0) Mu_E(max=1.0) | Lam_O(max=0.00) Lam_E(max=0.00)
  [Outer 10/15] Loss (KL=13.2889, Const=118337.3984) | Viol_Order(max=2.00, mean=0.0325) | Viol_Exist(max=2.00, mean=1.0693) | Mu_O(max=10.6) Mu_E(max=10.6) | Lam_O(max=32.01) Lam_E(max=64.03)
  [Outer 15/15] Loss (KL=23.3905, Const=355461.1875) | Viol_Order(max=2.00, mean=0.0388) | Viol_Exist(max=2.00, mean=1.0583) | Mu_O(max=39.4) Mu_E(max=39.4) | Lam_O(max=127.91) Lam_E(max=255.82)

[Projection Start] Batch: 512, Constraints: 35
  [Outer 01/15] Loss (KL=0.0008, Const=2643.4485) | Viol_Order(max=2.00, mean=0.0406) | Viol_Exist(max=2.00, mean=1.0592) | Mu_O(max=1.0) Mu_E(max=1.0) | Lam_O(max=0.00) Lam_E(max=0.00)
  [Outer 10/15] Loss (KL=13.9616, Const=115792.5938) | Viol_Order(max=2.00, mean=0.0333) | Viol_Exist(max=2.00, mean=1.0676) | Mu_O(max=10.6) Mu_E(max=10.6) | Lam_O(max=32.01) Lam_E(max=64.03)
  [Outer 15/15] Loss (KL=23.7860, Const=347368.2812) | Viol_Order(max=2.00, mean=0.0392) | Viol_Exist(max=2.00, mean=1.0578) | Mu_O(max=39.4) Mu_E(max=39.4) | Lam_O(max=127.91) Lam_E(max=255.82)

[Projection Start] Batch: 512, Constraints: 35
  [Outer 01/15] Loss (KL=0.0009, Const=2631.9331) | Viol_Order(max=2.00, mean=0.0409) | Viol_Exist(max=2.00, mean=1.0575) | Mu_O(max=1.0) Mu_E(max=1.0) | Lam_O(max=0.00) Lam_E(max=0.00)
  [Outer 10/15] Loss (KL=13.6784, Const=115571.4844) | Viol_Order(max=2.00, mean=0.0336) | Viol_Exist(max=2.00, mean=1.0685) | Mu_O(max=10.6) Mu_E(max=10.6) | Lam_O(max=32.01) Lam_E(max=64.03)
  [Outer 15/15] Loss (KL=23.0027, Const=347924.6875) | Viol_Order(max=2.00, mean=0.0391) | Viol_Exist(max=2.00, mean=1.0619) | Mu_O(max=39.4) Mu_E(max=39.4) | Lam_O(max=127.91) Lam_E(max=255.82)

[Projection Start] Batch: 512, Constraints: 35
  [Outer 01/15] Loss (KL=0.0006, Const=2695.1147) | Viol_Order(max=2.00, mean=0.0408) | Viol_Exist(max=2.00, mean=1.0620) | Mu_O(max=1.0) Mu_E(max=1.0) | Lam_O(max=0.00) Lam_E(max=0.00)
  [Outer 10/15] Loss (KL=13.9022, Const=117382.4375) | Viol_Order(max=2.00, mean=0.0358) | Viol_Exist(max=2.00, mean=1.0699) | Mu_O(max=10.6) Mu_E(max=10.6) | Lam_O(max=32.01) Lam_E(max=64.03)
  [Outer 15/15] Loss (KL=23.7432, Const=350757.1875) | Viol_Order(max=2.00, mean=0.0391) | Viol_Exist(max=2.00, mean=1.0607) | Mu_O(max=39.4) Mu_E(max=39.4) | Lam_O(max=127.91) Lam_E(max=255.82)

[Projection Start] Batch: 512, Constraints: 35
  [Outer 01/15] Loss (KL=0.0003, Const=2662.4331) | Viol_Order(max=2.00, mean=0.0407) | Viol_Exist(max=2.00, mean=1.0604) | Mu_O(max=1.0) Mu_E(max=1.0) | Lam_O(max=0.00) Lam_E(max=0.00)
  [Outer 10/15] Loss (KL=12.9660, Const=121056.3438) | Viol_Order(max=2.00, mean=0.0333) | Viol_Exist(max=2.00, mean=1.0670) | Mu_O(max=10.6) Mu_E(max=10.6) | Lam_O(max=32.01) Lam_E(max=64.03)
  [Outer 15/15] Loss (KL=23.8351, Const=361332.6250) | Viol_Order(max=2.00, mean=0.0390) | Viol_Exist(max=2.00, mean=1.0614) | Mu_O(max=39.4) Mu_E(max=39.4) | Lam_O(max=127.91) Lam_E(max=255.82)

[Projection Start] Batch: 512, Constraints: 35
  [Outer 01/15] Loss (KL=0.0006, Const=2679.7524) | Viol_Order(max=3.00, mean=0.0397) | Viol_Exist(max=2.00, mean=1.0617) | Mu_O(max=1.0) Mu_E(max=1.0) | Lam_O(max=0.00) Lam_E(max=0.00)
  [Outer 10/15] Loss (KL=14.0438, Const=116504.5156) | Viol_Order(max=2.00, mean=0.0318) | Viol_Exist(max=2.00, mean=1.0703) | Mu_O(max=10.6) Mu_E(max=10.6) | Lam_O(max=32.01) Lam_E(max=64.03)
  [Outer 15/15] Loss (KL=24.1151, Const=353055.3125) | Viol_Order(max=2.00, mean=0.0370) | Viol_Exist(max=2.00, mean=1.0586) | Mu_O(max=39.4) Mu_E(max=39.4) | Lam_O(max=127.91) Lam_E(max=255.82)

[Projection Start] Batch: 512, Constraints: 35
  [Outer 01/15] Loss (KL=0.0010, Const=2625.9873) | Viol_Order(max=2.00, mean=0.0382) | Viol_Exist(max=2.00, mean=1.0591) | Mu_O(max=1.0) Mu_E(max=1.0) | Lam_O(max=0.00) Lam_E(max=0.00)
  [Outer 10/15] Loss (KL=14.0139, Const=116204.0938) | Viol_Order(max=2.00, mean=0.0329) | Viol_Exist(max=2.00, mean=1.0710) | Mu_O(max=10.6) Mu_E(max=10.6) | Lam_O(max=32.01) Lam_E(max=64.03)
  [Outer 15/15] Loss (KL=23.5855, Const=348861.3125) | Viol_Order(max=1.00, mean=0.0381) | Viol_Exist(max=2.00, mean=1.0603) | Mu_O(max=39.4) Mu_E(max=39.4) | Lam_O(max=127.91) Lam_E(max=255.82)

[Projection Start] Batch: 512, Constraints: 35
  [Outer 01/15] Loss (KL=0.0010, Const=2649.2563) | Viol_Order(max=2.00, mean=0.0388) | Viol_Exist(max=2.00, mean=1.0594) | Mu_O(max=1.0) Mu_E(max=1.0) | Lam_O(max=0.00) Lam_E(max=0.00)
  [Outer 10/15] Loss (KL=13.4252, Const=117419.8672) | Viol_Order(max=2.00, mean=0.0327) | Viol_Exist(max=2.00, mean=1.0706) | Mu_O(max=10.6) Mu_E(max=10.6) | Lam_O(max=32.01) Lam_E(max=64.03)
  [Outer 15/15] Loss (KL=23.4149, Const=350498.0938) | Viol_Order(max=2.00, mean=0.0386) | Viol_Exist(max=2.00, mean=1.0583) | Mu_O(max=39.4) Mu_E(max=39.4) | Lam_O(max=127.91) Lam_E(max=255.82)

[Projection Start] Batch: 512, Constraints: 35
  [Outer 01/15] Loss (KL=0.0014, Const=2654.7283) | Viol_Order(max=2.00, mean=0.0389) | Viol_Exist(max=2.00, mean=1.0612) | Mu_O(max=1.0) Mu_E(max=1.0) | Lam_O(max=0.00) Lam_E(max=0.00)
  [Outer 10/15] Loss (KL=13.7665, Const=116191.4688) | Viol_Order(max=2.00, mean=0.0331) | Viol_Exist(max=2.00, mean=1.0707) | Mu_O(max=10.6) Mu_E(max=10.6) | Lam_O(max=38.20) Lam_E(max=64.03)
  [Outer 15/15] Loss (KL=23.7471, Const=345282.5312) | Viol_Order(max=2.00, mean=0.0392) | Viol_Exist(max=2.00, mean=1.0584) | Mu_O(max=39.4) Mu_E(max=39.4) | Lam_O(max=127.91) Lam_E(max=255.82)

[Projection Start] Batch: 512, Constraints: 35
  [Outer 01/15] Loss (KL=0.0019, Const=2658.0457) | Viol_Order(max=2.00, mean=0.0396) | Viol_Exist(max=2.00, mean=1.0601) | Mu_O(max=1.0) Mu_E(max=1.0) | Lam_O(max=0.00) Lam_E(max=0.00)
  [Outer 10/15] Loss (KL=14.3381, Const=114471.3281) | Viol_Order(max=2.00, mean=0.0326) | Viol_Exist(max=2.00, mean=1.0688) | Mu_O(max=10.6) Mu_E(max=10.6) | Lam_O(max=32.01) Lam_E(max=64.03)
  [Outer 15/15] Loss (KL=23.4818, Const=349014.2500) | Viol_Order(max=2.00, mean=0.0360) | Viol_Exist(max=2.00, mean=1.0591) | Mu_O(max=39.4) Mu_E(max=39.4) | Lam_O(max=127.91) Lam_E(max=255.82)

[Projection Start] Batch: 512, Constraints: 35
  [Outer 01/15] Loss (KL=0.0007, Const=2623.8135) | Viol_Order(max=2.00, mean=0.0364) | Viol_Exist(max=2.00, mean=1.0593) | Mu_O(max=1.0) Mu_E(max=1.0) | Lam_O(max=0.00) Lam_E(max=0.00)
  [Outer 10/15] Loss (KL=13.7948, Const=116812.6406) | Viol_Order(max=2.00, mean=0.0305) | Viol_Exist(max=2.00, mean=1.0670) | Mu_O(max=10.6) Mu_E(max=10.6) | Lam_O(max=32.01) Lam_E(max=64.03)
  [Outer 15/15] Loss (KL=23.8370, Const=349744.0312) | Viol_Order(max=2.00, mean=0.0397) | Viol_Exist(max=2.00, mean=1.0580) | Mu_O(max=39.4) Mu_E(max=39.4) | Lam_O(max=127.91) Lam_E(max=255.82)

[Projection Start] Batch: 512, Constraints: 35
  [Outer 01/15] Loss (KL=0.0006, Const=2652.3430) | Viol_Order(max=2.00, mean=0.0404) | Viol_Exist(max=2.00, mean=1.0592) | Mu_O(max=1.0) Mu_E(max=1.0) | Lam_O(max=0.00) Lam_E(max=0.00)
  [Outer 10/15] Loss (KL=14.0249, Const=115223.3906) | Viol_Order(max=2.00, mean=0.0321) | Viol_Exist(max=2.00, mean=1.0670) | Mu_O(max=10.6) Mu_E(max=10.6) | Lam_O(max=32.01) Lam_E(max=64.03)
  [Outer 15/15] Loss (KL=23.3544, Const=354068.6875) | Viol_Order(max=2.00, mean=0.0362) | Viol_Exist(max=2.00, mean=1.0601) | Mu_O(max=39.4) Mu_E(max=39.4) | Lam_O(max=127.91) Lam_E(max=255.82)

[Projection Start] Batch: 512, Constraints: 35
  [Outer 01/15] Loss (KL=0.0006, Const=2646.7366) | Viol_Order(max=2.00, mean=0.0371) | Viol_Exist(max=2.00, mean=1.0614) | Mu_O(max=1.0) Mu_E(max=1.0) | Lam_O(max=0.00) Lam_E(max=0.00)
  [Outer 10/15] Loss (KL=13.4474, Const=117649.6875) | Viol_Order(max=2.00, mean=0.0312) | Viol_Exist(max=2.00, mean=1.0689) | Mu_O(max=10.6) Mu_E(max=10.6) | Lam_O(max=32.01) Lam_E(max=64.03)
  [Outer 15/15] Loss (KL=23.9392, Const=353449.9375) | Viol_Order(max=1.00, mean=0.0379) | Viol_Exist(max=2.00, mean=1.0555) | Mu_O(max=39.4) Mu_E(max=39.4) | Lam_O(max=127.91) Lam_E(max=255.82)

[Projection Start] Batch: 512, Constraints: 35
  [Outer 01/15] Loss (KL=0.0014, Const=2632.1226) | Viol_Order(max=2.00, mean=0.0384) | Viol_Exist(max=2.00, mean=1.0588) | Mu_O(max=1.0) Mu_E(max=1.0) | Lam_O(max=0.00) Lam_E(max=0.00)
  [Outer 10/15] Loss (KL=13.8910, Const=115250.4844) | Viol_Order(max=1.00, mean=0.0283) | Viol_Exist(max=2.00, mean=1.0677) | Mu_O(max=10.6) Mu_E(max=10.6) | Lam_O(max=32.01) Lam_E(max=64.03)
  [Outer 15/15] Loss (KL=23.8979, Const=347623.1875) | Viol_Order(max=1.00, mean=0.0350) | Viol_Exist(max=2.00, mean=1.0573) | Mu_O(max=39.4) Mu_E(max=39.4) | Lam_O(max=127.91) Lam_E(max=255.82)

[Projection Start] Batch: 512, Constraints: 35
  [Outer 01/15] Loss (KL=0.0006, Const=2602.9097) | Viol_Order(max=2.00, mean=0.0361) | Viol_Exist(max=2.00, mean=1.0578) | Mu_O(max=1.0) Mu_E(max=1.0) | Lam_O(max=0.00) Lam_E(max=0.00)
  [Outer 10/15] Loss (KL=13.4301, Const=115870.5547) | Viol_Order(max=2.00, mean=0.0336) | Viol_Exist(max=2.00, mean=1.0654) | Mu_O(max=10.6) Mu_E(max=10.6) | Lam_O(max=32.01) Lam_E(max=64.03)
  [Outer 15/15] Loss (KL=23.6198, Const=345269.2500) | Viol_Order(max=2.00, mean=0.0366) | Viol_Exist(max=2.00, mean=1.0561) | Mu_O(max=39.4) Mu_E(max=39.4) | Lam_O(max=127.91) Lam_E(max=255.82)

[Projection Start] Batch: 512, Constraints: 35
  [Outer 01/15] Loss (KL=0.0026, Const=2619.2449) | Viol_Order(max=2.00, mean=0.0376) | Viol_Exist(max=2.00, mean=1.0580) | Mu_O(max=1.0) Mu_E(max=1.0) | Lam_O(max=0.00) Lam_E(max=0.00)
  [Outer 10/15] Loss (KL=14.0719, Const=114824.8438) | Viol_Order(max=2.00, mean=0.0309) | Viol_Exist(max=2.00, mean=1.0666) | Mu_O(max=10.6) Mu_E(max=10.6) | Lam_O(max=38.29) Lam_E(max=64.03)
  [Outer 15/15] Loss (KL=23.2451, Const=349229.3750) | Viol_Order(max=2.00, mean=0.0374) | Viol_Exist(max=2.00, mean=1.0560) | Mu_O(max=39.4) Mu_E(max=39.4) | Lam_O(max=127.91) Lam_E(max=255.82)

[Projection Start] Batch: 512, Constraints: 35
  [Outer 01/15] Loss (KL=0.0013, Const=2623.4143) | Viol_Order(max=2.00, mean=0.0381) | Viol_Exist(max=2.00, mean=1.0576) | Mu_O(max=1.0) Mu_E(max=1.0) | Lam_O(max=0.00) Lam_E(max=0.00)
  [Outer 10/15] Loss (KL=13.6639, Const=116338.2656) | Viol_Order(max=2.00, mean=0.0310) | Viol_Exist(max=2.00, mean=1.0676) | Mu_O(max=10.6) Mu_E(max=10.6) | Lam_O(max=32.01) Lam_E(max=64.03)
  [Outer 15/15] Loss (KL=23.2282, Const=350740.2500) | Viol_Order(max=2.00, mean=0.0344) | Viol_Exist(max=2.00, mean=1.0572) | Mu_O(max=39.4) Mu_E(max=39.4) | Lam_O(max=127.91) Lam_E(max=255.82)

[Projection Start] Batch: 512, Constraints: 35
  [Outer 01/15] Loss (KL=0.0014, Const=2592.9409) | Viol_Order(max=2.00, mean=0.0351) | Viol_Exist(max=2.00, mean=1.0579) | Mu_O(max=1.0) Mu_E(max=1.0) | Lam_O(max=0.00) Lam_E(max=0.00)
  [Outer 10/15] Loss (KL=13.8017, Const=114900.6094) | Viol_Order(max=1.00, mean=0.0302) | Viol_Exist(max=2.00, mean=1.0642) | Mu_O(max=10.6) Mu_E(max=10.6) | Lam_O(max=32.01) Lam_E(max=64.03)
  [Outer 15/15] Loss (KL=23.9236, Const=343233.6875) | Viol_Order(max=2.00, mean=0.0367) | Viol_Exist(max=2.00, mean=1.0574) | Mu_O(max=39.4) Mu_E(max=39.4) | Lam_O(max=127.91) Lam_E(max=255.82)

[Projection Start] Batch: 512, Constraints: 35
  [Outer 01/15] Loss (KL=0.0014, Const=2620.8623) | Viol_Order(max=2.00, mean=0.0376) | Viol_Exist(max=2.00, mean=1.0576) | Mu_O(max=1.0) Mu_E(max=1.0) | Lam_O(max=0.00) Lam_E(max=0.00)
  [Outer 10/15] Loss (KL=13.7944, Const=114839.1875) | Viol_Order(max=1.00, mean=0.0325) | Viol_Exist(max=2.00, mean=1.0658) | Mu_O(max=10.6) Mu_E(max=10.6) | Lam_O(max=32.01) Lam_E(max=64.03)
  [Outer 15/15] Loss (KL=23.3636, Const=344898.6250) | Viol_Order(max=2.00, mean=0.0362) | Viol_Exist(max=2.00, mean=1.0591) | Mu_O(max=39.4) Mu_E(max=39.4) | Lam_O(max=127.91) Lam_E(max=255.82)

[Projection Start] Batch: 512, Constraints: 35
  [Outer 01/15] Loss (KL=0.0008, Const=2627.7300) | Viol_Order(max=2.00, mean=0.0376) | Viol_Exist(max=2.00, mean=1.0599) | Mu_O(max=1.0) Mu_E(max=1.0) | Lam_O(max=0.00) Lam_E(max=0.00)
  [Outer 10/15] Loss (KL=14.3828, Const=113745.2188) | Viol_Order(max=2.00, mean=0.0327) | Viol_Exist(max=2.00, mean=1.0650) | Mu_O(max=10.6) Mu_E(max=10.6) | Lam_O(max=32.01) Lam_E(max=64.03)
  [Outer 15/15] Loss (KL=24.0930, Const=343266.5938) | Viol_Order(max=2.00, mean=0.0371) | Viol_Exist(max=2.00, mean=1.0575) | Mu_O(max=39.4) Mu_E(max=39.4) | Lam_O(max=127.91) Lam_E(max=255.82)

[Projection Start] Batch: 512, Constraints: 35
  [Outer 01/15] Loss (KL=0.0008, Const=2618.2046) | Viol_Order(max=2.00, mean=0.0375) | Viol_Exist(max=2.00, mean=1.0589) | Mu_O(max=1.0) Mu_E(max=1.0) | Lam_O(max=0.00) Lam_E(max=0.00)
  [Outer 10/15] Loss (KL=14.6112, Const=112241.5234) | Viol_Order(max=2.00, mean=0.0333) | Viol_Exist(max=2.00, mean=1.0657) | Mu_O(max=10.6) Mu_E(max=10.6) | Lam_O(max=32.01) Lam_E(max=64.03)
  [Outer 15/15] Loss (KL=24.0778, Const=339301.9375) | Viol_Order(max=1.00, mean=0.0364) | Viol_Exist(max=2.00, mean=1.0579) | Mu_O(max=39.4) Mu_E(max=39.4) | Lam_O(max=127.91) Lam_E(max=255.82)

[Projection Start] Batch: 512, Constraints: 35
  [Outer 01/15] Loss (KL=0.0016, Const=2620.0862) | Viol_Order(max=2.00, mean=0.0373) | Viol_Exist(max=2.00, mean=1.0594) | Mu_O(max=1.0) Mu_E(max=1.0) | Lam_O(max=0.00) Lam_E(max=0.00)
  [Outer 10/15] Loss (KL=14.1064, Const=114475.5469) | Viol_Order(max=2.00, mean=0.0304) | Viol_Exist(max=2.00, mean=1.0660) | Mu_O(max=10.6) Mu_E(max=10.6) | Lam_O(max=32.01) Lam_E(max=64.03)
  [Outer 15/15] Loss (KL=24.0029, Const=341275.5000) | Viol_Order(max=2.00, mean=0.0379) | Viol_Exist(max=2.00, mean=1.0580) | Mu_O(max=39.4) Mu_E(max=39.4) | Lam_O(max=127.91) Lam_E(max=255.82)

[Projection Start] Batch: 512, Constraints: 35
  [Outer 01/15] Loss (KL=0.0007, Const=2632.2603) | Viol_Order(max=3.00, mean=0.0391) | Viol_Exist(max=2.00, mean=1.0589) | Mu_O(max=1.0) Mu_E(max=1.0) | Lam_O(max=0.00) Lam_E(max=0.00)
  [Outer 10/15] Loss (KL=14.0852, Const=113485.4219) | Viol_Order(max=3.00, mean=0.0313) | Viol_Exist(max=2.00, mean=1.0664) | Mu_O(max=10.6) Mu_E(max=10.6) | Lam_O(max=32.01) Lam_E(max=64.03)
  [Outer 15/15] Loss (KL=23.9500, Const=342083.8750) | Viol_Order(max=2.00, mean=0.0374) | Viol_Exist(max=2.00, mean=1.0593) | Mu_O(max=39.4) Mu_E(max=39.4) | Lam_O(max=127.91) Lam_E(max=255.82)

[Projection Start] Batch: 512, Constraints: 35
  [Outer 01/15] Loss (KL=0.0008, Const=2643.1753) | Viol_Order(max=2.00, mean=0.0392) | Viol_Exist(max=2.00, mean=1.0593) | Mu_O(max=1.0) Mu_E(max=1.0) | Lam_O(max=0.00) Lam_E(max=0.00)
  [Outer 10/15] Loss (KL=14.2514, Const=114795.9531) | Viol_Order(max=2.00, mean=0.0320) | Viol_Exist(max=2.00, mean=1.0672) | Mu_O(max=10.6) Mu_E(max=10.6) | Lam_O(max=38.29) Lam_E(max=64.03)
  [Outer 15/15] Loss (KL=23.7800, Const=343713.2188) | Viol_Order(max=2.00, mean=0.0372) | Viol_Exist(max=2.00, mean=1.0587) | Mu_O(max=39.4) Mu_E(max=39.4) | Lam_O(max=127.91) Lam_E(max=255.82)

[Projection Start] Batch: 512, Constraints: 35
  [Outer 01/15] Loss (KL=0.0006, Const=2625.0811) | Viol_Order(max=3.00, mean=0.0376) | Viol_Exist(max=2.00, mean=1.0599) | Mu_O(max=1.0) Mu_E(max=1.0) | Lam_O(max=0.00) Lam_E(max=0.00)
  [Outer 10/15] Loss (KL=14.4044, Const=111335.6719) | Viol_Order(max=2.00, mean=0.0320) | Viol_Exist(max=2.00, mean=1.0656) | Mu_O(max=10.6) Mu_E(max=10.6) | Lam_O(max=36.61) Lam_E(max=64.03)
  [Outer 15/15] Loss (KL=23.5550, Const=340883.6562) | Viol_Order(max=2.00, mean=0.0373) | Viol_Exist(max=2.00, mean=1.0565) | Mu_O(max=39.4) Mu_E(max=39.4) | Lam_O(max=127.91) Lam_E(max=255.82)

[Projection Start] Batch: 512, Constraints: 35
  [Outer 01/15] Loss (KL=0.0006, Const=2606.6228) | Viol_Order(max=2.00, mean=0.0375) | Viol_Exist(max=2.00, mean=1.0579) | Mu_O(max=1.0) Mu_E(max=1.0) | Lam_O(max=0.00) Lam_E(max=0.00)
  [Outer 10/15] Loss (KL=14.1555, Const=114262.6172) | Viol_Order(max=2.00, mean=0.0294) | Viol_Exist(max=2.00, mean=1.0651) | Mu_O(max=10.6) Mu_E(max=10.6) | Lam_O(max=32.01) Lam_E(max=64.03)
  [Outer 15/15] Loss (KL=23.8422, Const=341050.2812) | Viol_Order(max=1.00, mean=0.0355) | Viol_Exist(max=2.00, mean=1.0561) | Mu_O(max=39.4) Mu_E(max=39.4) | Lam_O(max=127.91) Lam_E(max=255.82)

[Projection Start] Batch: 512, Constraints: 35
  [Outer 01/15] Loss (KL=0.0006, Const=2577.2744) | Viol_Order(max=2.00, mean=0.0350) | Viol_Exist(max=2.00, mean=1.0557) | Mu_O(max=1.0) Mu_E(max=1.0) | Lam_O(max=0.00) Lam_E(max=0.00)
  [Outer 10/15] Loss (KL=13.8927, Const=113465.9219) | Viol_Order(max=2.00, mean=0.0306) | Viol_Exist(max=2.00, mean=1.0669) | Mu_O(max=10.6) Mu_E(max=10.6) | Lam_O(max=32.01) Lam_E(max=64.03)
  [Outer 15/15] Loss (KL=23.2636, Const=341018.8750) | Viol_Order(max=2.00, mean=0.0362) | Viol_Exist(max=2.00, mean=1.0605) | Mu_O(max=39.4) Mu_E(max=39.4) | Lam_O(max=127.91) Lam_E(max=255.82)

[Projection Start] Batch: 512, Constraints: 35
  [Outer 01/15] Loss (KL=0.0011, Const=2638.1750) | Viol_Order(max=3.00, mean=0.0377) | Viol_Exist(max=2.00, mean=1.0610) | Mu_O(max=1.0) Mu_E(max=1.0) | Lam_O(max=0.00) Lam_E(max=0.00)
  [Outer 10/15] Loss (KL=13.9777, Const=115722.9141) | Viol_Order(max=2.00, mean=0.0303) | Viol_Exist(max=2.00, mean=1.0660) | Mu_O(max=10.6) Mu_E(max=10.6) | Lam_O(max=38.29) Lam_E(max=64.03)
  [Outer 15/15] Loss (KL=23.7499, Const=343678.8750) | Viol_Order(max=2.00, mean=0.0380) | Viol_Exist(max=2.00, mean=1.0608) | Mu_O(max=39.4) Mu_E(max=39.4) | Lam_O(max=127.91) Lam_E(max=255.82)

[Projection Start] Batch: 512, Constraints: 35
  [Outer 01/15] Loss (KL=0.0005, Const=2641.3550) | Viol_Order(max=2.00, mean=0.0384) | Viol_Exist(max=2.00, mean=1.0595) | Mu_O(max=1.0) Mu_E(max=1.0) | Lam_O(max=0.00) Lam_E(max=0.00)
  [Outer 10/15] Loss (KL=14.3696, Const=113527.1719) | Viol_Order(max=2.00, mean=0.0330) | Viol_Exist(max=2.00, mean=1.0651) | Mu_O(max=10.6) Mu_E(max=10.6) | Lam_O(max=32.01) Lam_E(max=64.03)
  [Outer 15/15] Loss (KL=24.6442, Const=341236.0938) | Viol_Order(max=2.00, mean=0.0400) | Viol_Exist(max=2.00, mean=1.0566) | Mu_O(max=39.4) Mu_E(max=39.4) | Lam_O(max=127.91) Lam_E(max=255.82)

[Projection Start] Batch: 512, Constraints: 35
  [Outer 01/15] Loss (KL=0.0004, Const=2618.9175) | Viol_Order(max=2.00, mean=0.0406) | Viol_Exist(max=2.00, mean=1.0576) | Mu_O(max=1.0) Mu_E(max=1.0) | Lam_O(max=0.00) Lam_E(max=0.00)
  [Outer 10/15] Loss (KL=14.6897, Const=110966.4062) | Viol_Order(max=2.00, mean=0.0336) | Viol_Exist(max=2.00, mean=1.0667) | Mu_O(max=10.6) Mu_E(max=10.6) | Lam_O(max=32.01) Lam_E(max=64.03)
  [Outer 15/15] Loss (KL=23.4143, Const=337134.0625) | Viol_Order(max=2.00, mean=0.0368) | Viol_Exist(max=2.00, mean=1.0578) | Mu_O(max=39.4) Mu_E(max=39.4) | Lam_O(max=127.91) Lam_E(max=255.82)

[Projection Start] Batch: 512, Constraints: 35
  [Outer 01/15] Loss (KL=0.0011, Const=2599.7695) | Viol_Order(max=2.00, mean=0.0369) | Viol_Exist(max=2.00, mean=1.0593) | Mu_O(max=1.0) Mu_E(max=1.0) | Lam_O(max=0.00) Lam_E(max=0.00)
  [Outer 10/15] Loss (KL=14.6803, Const=109416.2109) | Viol_Order(max=2.00, mean=0.0316) | Viol_Exist(max=2.00, mean=1.0666) | Mu_O(max=10.6) Mu_E(max=10.6) | Lam_O(max=32.01) Lam_E(max=64.03)
  [Outer 15/15] Loss (KL=23.5289, Const=333715.2500) | Viol_Order(max=2.00, mean=0.0352) | Viol_Exist(max=2.00, mean=1.0583) | Mu_O(max=39.4) Mu_E(max=39.4) | Lam_O(max=127.91) Lam_E(max=255.82)

[Projection Start] Batch: 512, Constraints: 35
  [Outer 01/15] Loss (KL=0.0007, Const=2610.1548) | Viol_Order(max=2.00, mean=0.0354) | Viol_Exist(max=2.00, mean=1.0589) | Mu_O(max=1.0) Mu_E(max=1.0) | Lam_O(max=0.00) Lam_E(max=0.00)
  [Outer 10/15] Loss (KL=14.2836, Const=113945.1562) | Viol_Order(max=2.00, mean=0.0302) | Viol_Exist(max=2.00, mean=1.0659) | Mu_O(max=10.6) Mu_E(max=10.6) | Lam_O(max=32.40) Lam_E(max=64.03)
  [Outer 15/15] Loss (KL=24.4133, Const=338773.0000) | Viol_Order(max=2.00, mean=0.0363) | Viol_Exist(max=2.00, mean=1.0571) | Mu_O(max=39.4) Mu_E(max=39.4) | Lam_O(max=127.91) Lam_E(max=255.82)

[Projection Start] Batch: 512, Constraints: 35
  [Outer 01/15] Loss (KL=0.0005, Const=2593.3804) | Viol_Order(max=2.00, mean=0.0369) | Viol_Exist(max=2.00, mean=1.0586) | Mu_O(max=1.0) Mu_E(max=1.0) | Lam_O(max=0.00) Lam_E(max=0.00)
  [Outer 10/15] Loss (KL=14.1615, Const=112867.3906) | Viol_Order(max=2.00, mean=0.0327) | Viol_Exist(max=2.00, mean=1.0652) | Mu_O(max=10.6) Mu_E(max=10.6) | Lam_O(max=32.01) Lam_E(max=64.03)
  [Outer 15/15] Loss (KL=24.0652, Const=336517.3750) | Viol_Order(max=2.00, mean=0.0350) | Viol_Exist(max=2.00, mean=1.0590) | Mu_O(max=39.4) Mu_E(max=39.4) | Lam_O(max=127.91) Lam_E(max=255.82)

[Projection Start] Batch: 512, Constraints: 35
  [Outer 01/15] Loss (KL=0.0008, Const=2580.6787) | Viol_Order(max=2.00, mean=0.0354) | Viol_Exist(max=2.00, mean=1.0580) | Mu_O(max=1.0) Mu_E(max=1.0) | Lam_O(max=0.00) Lam_E(max=0.00)
  [Outer 10/15] Loss (KL=14.5189, Const=111238.0938) | Viol_Order(max=2.00, mean=0.0301) | Viol_Exist(max=2.00, mean=1.0686) | Mu_O(max=10.6) Mu_E(max=10.6) | Lam_O(max=32.01) Lam_E(max=64.03)
  [Outer 15/15] Loss (KL=23.1641, Const=339298.4375) | Viol_Order(max=2.00, mean=0.0372) | Viol_Exist(max=2.00, mean=1.0580) | Mu_O(max=39.4) Mu_E(max=39.4) | Lam_O(max=127.91) Lam_E(max=255.82)

[Projection Start] Batch: 512, Constraints: 35
  [Outer 01/15] Loss (KL=0.0008, Const=2627.6233) | Viol_Order(max=2.00, mean=0.0383) | Viol_Exist(max=2.00, mean=1.0594) | Mu_O(max=1.0) Mu_E(max=1.0) | Lam_O(max=0.00) Lam_E(max=0.00)
  [Outer 10/15] Loss (KL=14.2088, Const=113242.1719) | Viol_Order(max=2.00, mean=0.0326) | Viol_Exist(max=2.00, mean=1.0651) | Mu_O(max=10.6) Mu_E(max=10.6) | Lam_O(max=32.01) Lam_E(max=64.03)
  [Outer 15/15] Loss (KL=24.5343, Const=336688.9688) | Viol_Order(max=2.00, mean=0.0383) | Viol_Exist(max=2.00, mean=1.0580) | Mu_O(max=39.4) Mu_E(max=39.4) | Lam_O(max=127.91) Lam_E(max=255.82)

[Projection Start] Batch: 512, Constraints: 35
  [Outer 01/15] Loss (KL=0.0007, Const=2609.9180) | Viol_Order(max=2.00, mean=0.0382) | Viol_Exist(max=2.00, mean=1.0589) | Mu_O(max=1.0) Mu_E(max=1.0) | Lam_O(max=0.00) Lam_E(max=0.00)
  [Outer 10/15] Loss (KL=14.3410, Const=112190.0625) | Viol_Order(max=2.00, mean=0.0307) | Viol_Exist(max=2.00, mean=1.0662) | Mu_O(max=10.6) Mu_E(max=10.6) | Lam_O(max=38.29) Lam_E(max=64.03)
  [Outer 15/15] Loss (KL=23.8676, Const=337318.9375) | Viol_Order(max=2.00, mean=0.0336) | Viol_Exist(max=2.00, mean=1.0596) | Mu_O(max=39.4) Mu_E(max=39.4) | Lam_O(max=127.91) Lam_E(max=255.82)

[Projection Start] Batch: 512, Constraints: 35
  [Outer 01/15] Loss (KL=0.0009, Const=2613.3081) | Viol_Order(max=2.00, mean=0.0339) | Viol_Exist(max=2.00, mean=1.0618) | Mu_O(max=1.0) Mu_E(max=1.0) | Lam_O(max=0.00) Lam_E(max=0.00)
  [Outer 10/15] Loss (KL=14.4935, Const=112351.5625) | Viol_Order(max=2.00, mean=0.0307) | Viol_Exist(max=2.00, mean=1.0666) | Mu_O(max=10.6) Mu_E(max=10.6) | Lam_O(max=32.01) Lam_E(max=64.03)
  [Outer 15/15] Loss (KL=23.8844, Const=336020.4062) | Viol_Order(max=2.00, mean=0.0370) | Viol_Exist(max=2.00, mean=1.0601) | Mu_O(max=39.4) Mu_E(max=39.4) | Lam_O(max=127.91) Lam_E(max=255.82)

[Projection Start] Batch: 512, Constraints: 35
  [Outer 01/15] Loss (KL=0.0003, Const=2630.6201) | Viol_Order(max=2.00, mean=0.0377) | Viol_Exist(max=2.00, mean=1.0626) | Mu_O(max=1.0) Mu_E(max=1.0) | Lam_O(max=0.00) Lam_E(max=0.00)
  [Outer 10/15] Loss (KL=14.7962, Const=111428.9375) | Viol_Order(max=4.00, mean=0.0338) | Viol_Exist(max=2.00, mean=1.0696) | Mu_O(max=10.6) Mu_E(max=10.6) | Lam_O(max=32.01) Lam_E(max=64.03)
  [Outer 15/15] Loss (KL=24.1811, Const=333205.3750) | Viol_Order(max=2.00, mean=0.0359) | Viol_Exist(max=2.00, mean=1.0614) | Mu_O(max=39.4) Mu_E(max=39.4) | Lam_O(max=127.91) Lam_E(max=255.82)

[Projection Start] Batch: 512, Constraints: 35
  [Outer 01/15] Loss (KL=0.0008, Const=2637.2112) | Viol_Order(max=2.00, mean=0.0367) | Viol_Exist(max=2.00, mean=1.0627) | Mu_O(max=1.0) Mu_E(max=1.0) | Lam_O(max=0.00) Lam_E(max=0.00)
  [Outer 10/15] Loss (KL=14.7915, Const=109644.4844) | Viol_Order(max=2.00, mean=0.0326) | Viol_Exist(max=2.00, mean=1.0670) | Mu_O(max=10.6) Mu_E(max=10.6) | Lam_O(max=35.73) Lam_E(max=64.03)
  [Outer 15/15] Loss (KL=24.0664, Const=328514.2500) | Viol_Order(max=2.00, mean=0.0341) | Viol_Exist(max=2.00, mean=1.0573) | Mu_O(max=39.4) Mu_E(max=39.4) | Lam_O(max=127.91) Lam_E(max=255.82)

[Projection Start] Batch: 512, Constraints: 35
  [Outer 01/15] Loss (KL=0.0010, Const=2552.2295) | Viol_Order(max=2.00, mean=0.0344) | Viol_Exist(max=2.00, mean=1.0576) | Mu_O(max=1.0) Mu_E(max=1.0) | Lam_O(max=0.00) Lam_E(max=0.00)
  [Outer 10/15] Loss (KL=14.7139, Const=110229.6562) | Viol_Order(max=2.00, mean=0.0304) | Viol_Exist(max=2.00, mean=1.0679) | Mu_O(max=10.6) Mu_E(max=10.6) | Lam_O(max=36.84) Lam_E(max=64.03)
  [Outer 15/15] Loss (KL=23.7130, Const=331920.6562) | Viol_Order(max=2.00, mean=0.0356) | Viol_Exist(max=2.00, mean=1.0557) | Mu_O(max=39.4) Mu_E(max=39.4) | Lam_O(max=127.91) Lam_E(max=255.82)

[Projection Start] Batch: 512, Constraints: 35
  [Outer 01/15] Loss (KL=0.0004, Const=2537.0471) | Viol_Order(max=2.00, mean=0.0361) | Viol_Exist(max=2.00, mean=1.0578) | Mu_O(max=1.0) Mu_E(max=1.0) | Lam_O(max=0.00) Lam_E(max=0.00)
  [Outer 10/15] Loss (KL=14.5793, Const=104531.4297) | Viol_Order(max=2.00, mean=0.0336) | Viol_Exist(max=2.00, mean=1.0628) | Mu_O(max=10.6) Mu_E(max=10.6) | Lam_O(max=38.29) Lam_E(max=64.03)
  [Outer 15/15] Loss (KL=24.7597, Const=311685.6875) | Viol_Order(max=2.00, mean=0.0362) | Viol_Exist(max=2.00, mean=1.0637) | Mu_O(max=39.4) Mu_E(max=39.4) | Lam_O(max=127.91) Lam_E(max=255.82)
[DEBUG][shape] time torch.Size([512, 13])
[DEBUG][shape] mask torch.Size([512, 13])
[DEBUG][shape] tau  torch.Size([512, 13])
[DEBUG][shape] cond1 torch.Size([512, 13])
[DEBUG][shape] unpadded_length torch.Size([512]) 12
[DEBUG][shape] content_token torch.Size([512, 27])
po_matrix shape: torch.Size([205, 9, 9]) sum0: 24.0
tau before cond_encoder: torch.Size([205, 13]) time: torch.Size([205, 13])
tau after  cond_encoder: torch.Size([205, 13]) time: torch.Size([205, 13])

[Projection Start] Batch: 205, Constraints: 33
  [Outer 01/15] Loss (KL=0.2269, Const=2291.4482) | Viol_Order(max=0.00, mean=0.0000) | Viol_Exist(max=2.00, mean=1.9988) | Mu_O(max=1.0) Mu_E(max=1.0) | Lam_O(max=0.00) Lam_E(max=0.00)
  [Outer 10/15] Loss (KL=72.0262, Const=71705.0625) | Viol_Order(max=4.00, mean=0.0576) | Viol_Exist(max=2.00, mean=1.1800) | Mu_O(max=8.2) Mu_E(max=10.6) | Lam_O(max=45.55) Lam_E(max=64.03)
  [Outer 15/15] Loss (KL=111.0398, Const=207375.5312) | Viol_Order(max=3.00, mean=0.0754) | Viol_Exist(max=2.00, mean=1.0798) | Mu_O(max=30.3) Mu_E(max=39.4) | Lam_O(max=161.38) Lam_E(max=255.82)

[Projection Start] Batch: 205, Constraints: 33
  [Outer 01/15] Loss (KL=0.3731, Const=2177.4575) | Viol_Order(max=0.00, mean=0.0000) | Viol_Exist(max=2.00, mean=1.9836) | Mu_O(max=1.0) Mu_E(max=1.0) | Lam_O(max=0.00) Lam_E(max=0.00)
  [Outer 10/15] Loss (KL=69.1968, Const=70130.0938) | Viol_Order(max=5.00, mean=0.0640) | Viol_Exist(max=2.00, mean=1.1712) | Mu_O(max=6.3) Mu_E(max=10.6) | Lam_O(max=25.51) Lam_E(max=64.03)
  [Outer 15/15] Loss (KL=107.0833, Const=201637.8594) | Viol_Order(max=3.00, mean=0.0723) | Viol_Exist(max=2.00, mean=1.0656) | Mu_O(max=23.3) Mu_E(max=39.4) | Lam_O(max=86.20) Lam_E(max=255.82)

[Projection Start] Batch: 205, Constraints: 33
  [Outer 01/15] Loss (KL=0.4699, Const=2067.9255) | Viol_Order(max=0.00, mean=0.0000) | Viol_Exist(max=2.00, mean=1.9595) | Mu_O(max=1.0) Mu_E(max=1.0) | Lam_O(max=0.00) Lam_E(max=0.00)
  [Outer 10/15] Loss (KL=66.7858, Const=69343.4688) | Viol_Order(max=6.00, mean=0.0628) | Viol_Exist(max=2.00, mean=1.1549) | Mu_O(max=8.2) Mu_E(max=10.6) | Lam_O(max=24.41) Lam_E(max=64.03)
  [Outer 15/15] Loss (KL=102.6740, Const=200800.4844) | Viol_Order(max=3.00, mean=0.0671) | Viol_Exist(max=2.00, mean=1.0692) | Mu_O(max=30.3) Mu_E(max=39.4) | Lam_O(max=97.62) Lam_E(max=255.82)

[Projection Start] Batch: 205, Constraints: 33
  [Outer 01/15] Loss (KL=0.5305, Const=2084.2893) | Viol_Order(max=1.00, mean=0.0004) | Viol_Exist(max=2.00, mean=1.9429) | Mu_O(max=1.0) Mu_E(max=1.0) | Lam_O(max=0.00) Lam_E(max=0.00)
  [Outer 10/15] Loss (KL=64.2242, Const=68149.9609) | Viol_Order(max=5.00, mean=0.0590) | Viol_Exist(max=2.00, mean=1.1443) | Mu_O(max=8.2) Mu_E(max=10.6) | Lam_O(max=34.08) Lam_E(max=64.03)
  [Outer 15/15] Loss (KL=99.8437, Const=196156.2188) | Viol_Order(max=3.00, mean=0.0718) | Viol_Exist(max=2.00, mean=1.0532) | Mu_O(max=30.3) Mu_E(max=39.4) | Lam_O(max=99.92) Lam_E(max=255.82)

[Projection Start] Batch: 205, Constraints: 33
  [Outer 01/15] Loss (KL=0.6007, Const=2053.7212) | Viol_Order(max=1.00, mean=0.0004) | Viol_Exist(max=2.00, mean=1.9067) | Mu_O(max=1.0) Mu_E(max=1.0) | Lam_O(max=0.00) Lam_E(max=0.00)
  [Outer 10/15] Loss (KL=62.1069, Const=67292.0156) | Viol_Order(max=6.00, mean=0.0609) | Viol_Exist(max=2.00, mean=1.1357) | Mu_O(max=10.6) Mu_E(max=10.6) | Lam_O(max=32.01) Lam_E(max=64.03)
  [Outer 15/15] Loss (KL=95.3767, Const=194010.8750) | Viol_Order(max=3.00, mean=0.0671) | Viol_Exist(max=2.00, mean=1.0556) | Mu_O(max=39.4) Mu_E(max=39.4) | Lam_O(max=127.91) Lam_E(max=255.82)

[Projection Start] Batch: 205, Constraints: 33
  [Outer 01/15] Loss (KL=0.7232, Const=2060.2275) | Viol_Order(max=1.00, mean=0.0016) | Viol_Exist(max=2.00, mean=1.8534) | Mu_O(max=1.0) Mu_E(max=1.0) | Lam_O(max=0.00) Lam_E(max=0.00)
  [Outer 10/15] Loss (KL=60.0472, Const=65930.2031) | Viol_Order(max=4.00, mean=0.0664) | Viol_Exist(max=2.00, mean=1.1169) | Mu_O(max=10.6) Mu_E(max=10.6) | Lam_O(max=34.61) Lam_E(max=64.03)
  [Outer 15/15] Loss (KL=91.6417, Const=188088.2344) | Viol_Order(max=3.00, mean=0.0680) | Viol_Exist(max=2.00, mean=1.0547) | Mu_O(max=39.4) Mu_E(max=39.4) | Lam_O(max=127.91) Lam_E(max=255.82)

[Projection Start] Batch: 205, Constraints: 33
  [Outer 01/15] Loss (KL=0.8089, Const=2020.5261) | Viol_Order(max=1.00, mean=0.0038) | Viol_Exist(max=2.00, mean=1.8117) | Mu_O(max=1.0) Mu_E(max=1.0) | Lam_O(max=0.00) Lam_E(max=0.00)
  [Outer 10/15] Loss (KL=57.0390, Const=64025.7031) | Viol_Order(max=3.00, mean=0.0540) | Viol_Exist(max=2.00, mean=1.1188) | Mu_O(max=10.6) Mu_E(max=10.6) | Lam_O(max=43.12) Lam_E(max=64.03)
  [Outer 15/15] Loss (KL=87.4457, Const=187173.2969) | Viol_Order(max=2.00, mean=0.0640) | Viol_Exist(max=2.00, mean=1.0454) | Mu_O(max=30.3) Mu_E(max=39.4) | Lam_O(max=97.62) Lam_E(max=255.82)

[Projection Start] Batch: 205, Constraints: 33
  [Outer 01/15] Loss (KL=0.8058, Const=2053.9341) | Viol_Order(max=2.00, mean=0.0055) | Viol_Exist(max=2.00, mean=1.7596) | Mu_O(max=1.0) Mu_E(max=1.0) | Lam_O(max=0.00) Lam_E(max=0.00)
  [Outer 10/15] Loss (KL=57.1049, Const=62092.6289) | Viol_Order(max=3.00, mean=0.0585) | Viol_Exist(max=2.00, mean=1.0989) | Mu_O(max=10.6) Mu_E(max=10.6) | Lam_O(max=33.01) Lam_E(max=64.03)
  [Outer 15/15] Loss (KL=85.8637, Const=182007.9375) | Viol_Order(max=2.00, mean=0.0624) | Viol_Exist(max=2.00, mean=1.0401) | Mu_O(max=39.4) Mu_E(max=39.4) | Lam_O(max=127.91) Lam_E(max=255.82)

[Projection Start] Batch: 205, Constraints: 33
  [Outer 01/15] Loss (KL=0.8274, Const=2022.3347) | Viol_Order(max=2.00, mean=0.0071) | Viol_Exist(max=2.00, mean=1.7258) | Mu_O(max=1.0) Mu_E(max=1.0) | Lam_O(max=0.00) Lam_E(max=0.00)
  [Outer 10/15] Loss (KL=54.4803, Const=62406.3750) | Viol_Order(max=9.00, mean=0.0652) | Viol_Exist(max=2.00, mean=1.0958) | Mu_O(max=10.6) Mu_E(max=10.6) | Lam_O(max=37.50) Lam_E(max=64.03)
  [Outer 15/15] Loss (KL=82.4475, Const=180305.4219) | Viol_Order(max=3.00, mean=0.0689) | Viol_Exist(max=2.00, mean=1.0365) | Mu_O(max=39.4) Mu_E(max=39.4) | Lam_O(max=127.91) Lam_E(max=255.82)

[Projection Start] Batch: 205, Constraints: 33
  [Outer 01/15] Loss (KL=0.9790, Const=2039.8613) | Viol_Order(max=3.00, mean=0.0135) | Viol_Exist(max=2.00, mean=1.6534) | Mu_O(max=1.0) Mu_E(max=1.0) | Lam_O(max=0.00) Lam_E(max=0.00)
  [Outer 10/15] Loss (KL=51.7685, Const=61851.3008) | Viol_Order(max=2.00, mean=0.0622) | Viol_Exist(max=2.00, mean=1.0902) | Mu_O(max=10.6) Mu_E(max=10.6) | Lam_O(max=50.06) Lam_E(max=64.03)
  [Outer 15/15] Loss (KL=78.0008, Const=179960.4844) | Viol_Order(max=6.00, mean=0.0681) | Viol_Exist(max=2.00, mean=1.0457) | Mu_O(max=39.4) Mu_E(max=39.4) | Lam_O(max=138.51) Lam_E(max=255.82)

[Projection Start] Batch: 205, Constraints: 33
  [Outer 01/15] Loss (KL=0.9489, Const=2000.1443) | Viol_Order(max=3.00, mean=0.0198) | Viol_Exist(max=2.00, mean=1.5978) | Mu_O(max=1.0) Mu_E(max=1.0) | Lam_O(max=0.00) Lam_E(max=0.00)
  [Outer 10/15] Loss (KL=49.5135, Const=60799.3281) | Viol_Order(max=3.00, mean=0.0605) | Viol_Exist(max=2.00, mean=1.0814) | Mu_O(max=10.6) Mu_E(max=10.6) | Lam_O(max=46.03) Lam_E(max=64.03)
  [Outer 15/15] Loss (KL=75.6990, Const=174840.8438) | Viol_Order(max=2.00, mean=0.0686) | Viol_Exist(max=2.00, mean=1.0328) | Mu_O(max=39.4) Mu_E(max=39.4) | Lam_O(max=128.91) Lam_E(max=255.82)

[Projection Start] Batch: 205, Constraints: 33
  [Outer 01/15] Loss (KL=0.9588, Const=2005.9597) | Viol_Order(max=3.00, mean=0.0254) | Viol_Exist(max=2.00, mean=1.5425) | Mu_O(max=1.0) Mu_E(max=1.0) | Lam_O(max=0.00) Lam_E(max=0.00)
  [Outer 10/15] Loss (KL=47.5208, Const=61011.5430) | Viol_Order(max=4.00, mean=0.0671) | Viol_Exist(max=2.00, mean=1.0711) | Mu_O(max=10.6) Mu_E(max=10.6) | Lam_O(max=43.04) Lam_E(max=64.03)
  [Outer 15/15] Loss (KL=72.3278, Const=177299.6250) | Viol_Order(max=2.00, mean=0.0662) | Viol_Exist(max=2.00, mean=1.0396) | Mu_O(max=39.4) Mu_E(max=39.4) | Lam_O(max=127.91) Lam_E(max=255.82)

[Projection Start] Batch: 205, Constraints: 33
  [Outer 01/15] Loss (KL=0.9908, Const=1979.9288) | Viol_Order(max=3.00, mean=0.0322) | Viol_Exist(max=2.00, mean=1.4572) | Mu_O(max=1.0) Mu_E(max=1.0) | Lam_O(max=0.00) Lam_E(max=0.00)
  [Outer 10/15] Loss (KL=45.6158, Const=58885.3750) | Viol_Order(max=6.00, mean=0.0636) | Viol_Exist(max=2.00, mean=1.0624) | Mu_O(max=10.6) Mu_E(max=10.6) | Lam_O(max=52.29) Lam_E(max=64.03)
  [Outer 15/15] Loss (KL=68.0586, Const=173375.6562) | Viol_Order(max=2.00, mean=0.0637) | Viol_Exist(max=2.00, mean=1.0353) | Mu_O(max=39.4) Mu_E(max=39.4) | Lam_O(max=128.91) Lam_E(max=255.82)

[Projection Start] Batch: 205, Constraints: 33
  [Outer 01/15] Loss (KL=1.0531, Const=1973.9994) | Viol_Order(max=4.00, mean=0.0442) | Viol_Exist(max=2.00, mean=1.3630) | Mu_O(max=1.0) Mu_E(max=1.0) | Lam_O(max=0.00) Lam_E(max=0.00)
  [Outer 10/15] Loss (KL=41.7310, Const=61370.9922) | Viol_Order(max=2.00, mean=0.0537) | Viol_Exist(max=2.00, mean=1.0647) | Mu_O(max=10.6) Mu_E(max=10.6) | Lam_O(max=34.31) Lam_E(max=64.03)
  [Outer 15/15] Loss (KL=64.1618, Const=178540.1094) | Viol_Order(max=2.00, mean=0.0585) | Viol_Exist(max=2.00, mean=1.0386) | Mu_O(max=39.4) Mu_E(max=39.4) | Lam_O(max=130.21) Lam_E(max=255.82)

[Projection Start] Batch: 205, Constraints: 33
  [Outer 01/15] Loss (KL=1.0839, Const=2011.9985) | Viol_Order(max=3.00, mean=0.0477) | Viol_Exist(max=2.00, mean=1.3381) | Mu_O(max=1.0) Mu_E(max=1.0) | Lam_O(max=0.00) Lam_E(max=0.00)
  [Outer 10/15] Loss (KL=40.5820, Const=60536.6094) | Viol_Order(max=2.00, mean=0.0606) | Viol_Exist(max=2.00, mean=1.0565) | Mu_O(max=10.6) Mu_E(max=10.6) | Lam_O(max=36.00) Lam_E(max=64.03)
  [Outer 15/15] Loss (KL=62.5556, Const=180405.7500) | Viol_Order(max=2.00, mean=0.0642) | Viol_Exist(max=2.00, mean=1.0307) | Mu_O(max=39.4) Mu_E(max=39.4) | Lam_O(max=131.90) Lam_E(max=255.82)

[Projection Start] Batch: 205, Constraints: 33
  [Outer 01/15] Loss (KL=0.9570, Const=1955.4849) | Viol_Order(max=4.00, mean=0.0576) | Viol_Exist(max=2.00, mean=1.3100) | Mu_O(max=1.0) Mu_E(max=1.0) | Lam_O(max=0.00) Lam_E(max=0.00)
  [Outer 10/15] Loss (KL=39.1594, Const=58121.2539) | Viol_Order(max=2.00, mean=0.0557) | Viol_Exist(max=2.00, mean=1.0631) | Mu_O(max=10.6) Mu_E(max=10.6) | Lam_O(max=34.31) Lam_E(max=64.03)
  [Outer 15/15] Loss (KL=60.3363, Const=167271.7812) | Viol_Order(max=2.00, mean=0.0687) | Viol_Exist(max=2.00, mean=1.0328) | Mu_O(max=39.4) Mu_E(max=39.4) | Lam_O(max=128.91) Lam_E(max=255.82)

[Projection Start] Batch: 205, Constraints: 33
  [Outer 01/15] Loss (KL=0.9868, Const=1926.1848) | Viol_Order(max=3.00, mean=0.0717) | Viol_Exist(max=2.00, mean=1.2507) | Mu_O(max=1.0) Mu_E(max=1.0) | Lam_O(max=0.00) Lam_E(max=0.00)
  [Outer 10/15] Loss (KL=34.2120, Const=61589.3008) | Viol_Order(max=3.00, mean=0.0590) | Viol_Exist(max=2.00, mean=1.0639) | Mu_O(max=10.6) Mu_E(max=10.6) | Lam_O(max=49.60) Lam_E(max=64.03)
  [Outer 15/15] Loss (KL=54.2129, Const=179223.6250) | Viol_Order(max=2.00, mean=0.0670) | Viol_Exist(max=2.00, mean=1.0322) | Mu_O(max=39.4) Mu_E(max=39.4) | Lam_O(max=131.80) Lam_E(max=255.82)

[Projection Start] Batch: 205, Constraints: 33
  [Outer 01/15] Loss (KL=0.8096, Const=1899.9561) | Viol_Order(max=4.00, mean=0.0863) | Viol_Exist(max=2.00, mean=1.2516) | Mu_O(max=1.0) Mu_E(max=1.0) | Lam_O(max=0.00) Lam_E(max=0.00)
  [Outer 10/15] Loss (KL=33.7539, Const=60672.1992) | Viol_Order(max=2.00, mean=0.0616) | Viol_Exist(max=2.00, mean=1.0495) | Mu_O(max=10.6) Mu_E(max=10.6) | Lam_O(max=42.89) Lam_E(max=64.03)
  [Outer 15/15] Loss (KL=52.5531, Const=176699.4375) | Viol_Order(max=2.00, mean=0.0649) | Viol_Exist(max=2.00, mean=1.0300) | Mu_O(max=39.4) Mu_E(max=39.4) | Lam_O(max=130.21) Lam_E(max=255.82)

[Projection Start] Batch: 205, Constraints: 33
  [Outer 01/15] Loss (KL=0.7683, Const=1861.1777) | Viol_Order(max=6.00, mean=0.0810) | Viol_Exist(max=2.00, mean=1.2009) | Mu_O(max=1.0) Mu_E(max=1.0) | Lam_O(max=0.00) Lam_E(max=0.00)
  [Outer 10/15] Loss (KL=29.4725, Const=62339.8594) | Viol_Order(max=2.00, mean=0.0540) | Viol_Exist(max=2.00, mean=1.0516) | Mu_O(max=10.6) Mu_E(max=10.6) | Lam_O(max=38.03) Lam_E(max=64.03)
  [Outer 15/15] Loss (KL=49.2528, Const=178139.6875) | Viol_Order(max=2.00, mean=0.0653) | Viol_Exist(max=2.00, mean=1.0315) | Mu_O(max=39.4) Mu_E(max=39.4) | Lam_O(max=130.21) Lam_E(max=255.82)

[Projection Start] Batch: 205, Constraints: 33
  [Outer 01/15] Loss (KL=0.6940, Const=1811.7294) | Viol_Order(max=3.00, mean=0.0840) | Viol_Exist(max=2.00, mean=1.1638) | Mu_O(max=1.0) Mu_E(max=1.0) | Lam_O(max=0.00) Lam_E(max=0.00)
  [Outer 10/15] Loss (KL=27.1059, Const=60578.1094) | Viol_Order(max=2.00, mean=0.0551) | Viol_Exist(max=2.00, mean=1.0534) | Mu_O(max=10.6) Mu_E(max=10.6) | Lam_O(max=35.89) Lam_E(max=64.03)
  [Outer 15/15] Loss (KL=43.4189, Const=180460.8438) | Viol_Order(max=1.00, mean=0.0587) | Viol_Exist(max=2.00, mean=1.0356) | Mu_O(max=39.4) Mu_E(max=39.4) | Lam_O(max=130.90) Lam_E(max=255.82)

[Projection Start] Batch: 205, Constraints: 33
  [Outer 01/15] Loss (KL=0.5612, Const=1771.7312) | Viol_Order(max=4.00, mean=0.0766) | Viol_Exist(max=2.00, mean=1.1549) | Mu_O(max=1.0) Mu_E(max=1.0) | Lam_O(max=0.00) Lam_E(max=0.00)
  [Outer 10/15] Loss (KL=24.2401, Const=61271.3633) | Viol_Order(max=2.00, mean=0.0538) | Viol_Exist(max=2.00, mean=1.0470) | Mu_O(max=10.6) Mu_E(max=10.6) | Lam_O(max=33.31) Lam_E(max=64.03)
  [Outer 15/15] Loss (KL=39.5659, Const=178192.7812) | Viol_Order(max=1.00, mean=0.0545) | Viol_Exist(max=2.00, mean=1.0380) | Mu_O(max=39.4) Mu_E(max=39.4) | Lam_O(max=129.21) Lam_E(max=255.82)

[Projection Start] Batch: 205, Constraints: 33
  [Outer 01/15] Loss (KL=0.4349, Const=1719.6162) | Viol_Order(max=4.00, mean=0.0752) | Viol_Exist(max=2.00, mean=1.1274) | Mu_O(max=1.0) Mu_E(max=1.0) | Lam_O(max=0.00) Lam_E(max=0.00)
  [Outer 10/15] Loss (KL=20.2215, Const=62226.2578) | Viol_Order(max=2.00, mean=0.0531) | Viol_Exist(max=2.00, mean=1.0476) | Mu_O(max=10.6) Mu_E(max=10.6) | Lam_O(max=34.31) Lam_E(max=64.03)
  [Outer 15/15] Loss (KL=37.1066, Const=182215.1562) | Viol_Order(max=1.00, mean=0.0637) | Viol_Exist(max=2.00, mean=1.0268) | Mu_O(max=39.4) Mu_E(max=39.4) | Lam_O(max=130.21) Lam_E(max=255.82)

[Projection Start] Batch: 205, Constraints: 33
  [Outer 01/15] Loss (KL=0.3032, Const=1686.9889) | Viol_Order(max=6.00, mean=0.0831) | Viol_Exist(max=2.00, mean=1.1051) | Mu_O(max=1.0) Mu_E(max=1.0) | Lam_O(max=0.00) Lam_E(max=0.00)
  [Outer 10/15] Loss (KL=17.6497, Const=64339.4961) | Viol_Order(max=2.00, mean=0.0534) | Viol_Exist(max=2.00, mean=1.0475) | Mu_O(max=10.6) Mu_E(max=10.6) | Lam_O(max=34.31) Lam_E(max=64.03)
  [Outer 15/15] Loss (KL=33.7078, Const=186268.3281) | Viol_Order(max=1.00, mean=0.0612) | Viol_Exist(max=2.00, mean=1.0321) | Mu_O(max=39.4) Mu_E(max=39.4) | Lam_O(max=129.21) Lam_E(max=255.82)

[Projection Start] Batch: 205, Constraints: 33
  [Outer 01/15] Loss (KL=0.1759, Const=1632.1155) | Viol_Order(max=3.00, mean=0.0757) | Viol_Exist(max=2.00, mean=1.0823) | Mu_O(max=1.0) Mu_E(max=1.0) | Lam_O(max=0.00) Lam_E(max=0.00)
  [Outer 10/15] Loss (KL=14.4028, Const=64400.6250) | Viol_Order(max=2.00, mean=0.0497) | Viol_Exist(max=2.00, mean=1.0479) | Mu_O(max=10.6) Mu_E(max=10.6) | Lam_O(max=33.01) Lam_E(max=64.03)
  [Outer 15/15] Loss (KL=28.7964, Const=192348.4219) | Viol_Order(max=2.00, mean=0.0596) | Viol_Exist(max=2.00, mean=1.0299) | Mu_O(max=39.4) Mu_E(max=39.4) | Lam_O(max=128.91) Lam_E(max=255.82)

[Projection Start] Batch: 205, Constraints: 33
  [Outer 01/15] Loss (KL=0.0459, Const=1480.3990) | Viol_Order(max=2.00, mean=0.0712) | Viol_Exist(max=2.00, mean=1.0548) | Mu_O(max=1.0) Mu_E(max=1.0) | Lam_O(max=0.00) Lam_E(max=0.00)
  [Outer 10/15] Loss (KL=11.0913, Const=64455.7578) | Viol_Order(max=2.00, mean=0.0506) | Viol_Exist(max=2.00, mean=1.0445) | Mu_O(max=10.6) Mu_E(max=10.6) | Lam_O(max=33.01) Lam_E(max=64.03)
  [Outer 15/15] Loss (KL=24.7603, Const=190245.4688) | Viol_Order(max=2.00, mean=0.0616) | Viol_Exist(max=2.00, mean=1.0343) | Mu_O(max=39.4) Mu_E(max=39.4) | Lam_O(max=128.91) Lam_E(max=255.82)

[Projection Start] Batch: 205, Constraints: 33
  [Outer 01/15] Loss (KL=0.0002, Const=1301.3702) | Viol_Order(max=3.00, mean=0.0676) | Viol_Exist(max=2.00, mean=1.0375) | Mu_O(max=1.0) Mu_E(max=1.0) | Lam_O(max=0.00) Lam_E(max=0.00)
  [Outer 10/15] Loss (KL=13.2154, Const=59918.7031) | Viol_Order(max=2.00, mean=0.0538) | Viol_Exist(max=2.00, mean=1.0429) | Mu_O(max=10.6) Mu_E(max=10.6) | Lam_O(max=32.01) Lam_E(max=64.03)
  [Outer 15/15] Loss (KL=25.5513, Const=173427.5312) | Viol_Order(max=2.00, mean=0.0692) | Viol_Exist(max=2.00, mean=1.0281) | Mu_O(max=39.4) Mu_E(max=39.4) | Lam_O(max=127.91) Lam_E(max=255.82)

[Projection Start] Batch: 205, Constraints: 33
  [Outer 01/15] Loss (KL=0.0007, Const=1270.5153) | Viol_Order(max=2.00, mean=0.0712) | Viol_Exist(max=2.00, mean=1.0263) | Mu_O(max=1.0) Mu_E(max=1.0) | Lam_O(max=0.00) Lam_E(max=0.00)
  [Outer 10/15] Loss (KL=15.1091, Const=54887.4141) | Viol_Order(max=2.00, mean=0.0537) | Viol_Exist(max=2.00, mean=1.0355) | Mu_O(max=10.6) Mu_E(max=10.6) | Lam_O(max=44.48) Lam_E(max=64.03)
  [Outer 15/15] Loss (KL=24.9217, Const=160852.6875) | Viol_Order(max=2.00, mean=0.0624) | Viol_Exist(max=2.00, mean=1.0254) | Mu_O(max=39.4) Mu_E(max=39.4) | Lam_O(max=140.37) Lam_E(max=255.82)

[Projection Start] Batch: 205, Constraints: 33
  [Outer 01/15] Loss (KL=0.0009, Const=1244.3372) | Viol_Order(max=2.00, mean=0.0661) | Viol_Exist(max=2.00, mean=1.0250) | Mu_O(max=1.0) Mu_E(max=1.0) | Lam_O(max=0.00) Lam_E(max=0.00)
  [Outer 10/15] Loss (KL=13.6164, Const=55926.4844) | Viol_Order(max=2.00, mean=0.0516) | Viol_Exist(max=2.00, mean=1.0327) | Mu_O(max=10.6) Mu_E(max=10.6) | Lam_O(max=32.01) Lam_E(max=64.03)
  [Outer 15/15] Loss (KL=24.8953, Const=168353.4688) | Viol_Order(max=2.00, mean=0.0569) | Viol_Exist(max=2.00, mean=1.0260) | Mu_O(max=39.4) Mu_E(max=39.4) | Lam_O(max=127.91) Lam_E(max=255.82)

[Projection Start] Batch: 205, Constraints: 33
  [Outer 01/15] Loss (KL=0.0007, Const=1237.5547) | Viol_Order(max=2.00, mean=0.0594) | Viol_Exist(max=2.00, mean=1.0238) | Mu_O(max=1.0) Mu_E(max=1.0) | Lam_O(max=0.00) Lam_E(max=0.00)
  [Outer 10/15] Loss (KL=13.6400, Const=55969.3008) | Viol_Order(max=2.00, mean=0.0483) | Viol_Exist(max=2.00, mean=1.0340) | Mu_O(max=10.6) Mu_E(max=10.6) | Lam_O(max=36.00) Lam_E(max=64.03)
  [Outer 15/15] Loss (KL=23.5065, Const=169320.8125) | Viol_Order(max=2.00, mean=0.0575) | Viol_Exist(max=2.00, mean=1.0197) | Mu_O(max=39.4) Mu_E(max=39.4) | Lam_O(max=127.91) Lam_E(max=255.82)

[Projection Start] Batch: 205, Constraints: 33
  [Outer 01/15] Loss (KL=0.0002, Const=1205.9275) | Viol_Order(max=2.00, mean=0.0571) | Viol_Exist(max=2.00, mean=1.0217) | Mu_O(max=1.0) Mu_E(max=1.0) | Lam_O(max=0.00) Lam_E(max=0.00)
  [Outer 10/15] Loss (KL=13.6383, Const=56259.1523) | Viol_Order(max=2.00, mean=0.0467) | Viol_Exist(max=2.00, mean=1.0307) | Mu_O(max=10.6) Mu_E(max=10.6) | Lam_O(max=32.01) Lam_E(max=64.03)
  [Outer 15/15] Loss (KL=24.1125, Const=167614.1562) | Viol_Order(max=1.00, mean=0.0554) | Viol_Exist(max=2.00, mean=1.0208) | Mu_O(max=39.4) Mu_E(max=39.4) | Lam_O(max=127.91) Lam_E(max=255.82)

[Projection Start] Batch: 205, Constraints: 33
  [Outer 01/15] Loss (KL=0.0003, Const=1221.0829) | Viol_Order(max=2.00, mean=0.0582) | Viol_Exist(max=2.00, mean=1.0205) | Mu_O(max=1.0) Mu_E(max=1.0) | Lam_O(max=0.00) Lam_E(max=0.00)
  [Outer 10/15] Loss (KL=13.1455, Const=56271.5039) | Viol_Order(max=1.00, mean=0.0520) | Viol_Exist(max=2.00, mean=1.0307) | Mu_O(max=10.6) Mu_E(max=10.6) | Lam_O(max=32.01) Lam_E(max=64.03)
  [Outer 15/15] Loss (KL=23.7860, Const=164880.8125) | Viol_Order(max=2.00, mean=0.0606) | Viol_Exist(max=2.00, mean=1.0222) | Mu_O(max=39.4) Mu_E(max=39.4) | Lam_O(max=127.91) Lam_E(max=255.82)

[Projection Start] Batch: 205, Constraints: 33
  [Outer 01/15] Loss (KL=0.0004, Const=1252.4973) | Viol_Order(max=2.00, mean=0.0625) | Viol_Exist(max=2.00, mean=1.0262) | Mu_O(max=1.0) Mu_E(max=1.0) | Lam_O(max=0.00) Lam_E(max=0.00)
  [Outer 10/15] Loss (KL=15.3223, Const=54126.8047) | Viol_Order(max=1.00, mean=0.0482) | Viol_Exist(max=2.00, mean=1.0353) | Mu_O(max=10.6) Mu_E(max=10.6) | Lam_O(max=32.01) Lam_E(max=64.03)
  [Outer 15/15] Loss (KL=24.2269, Const=167910.3750) | Viol_Order(max=1.00, mean=0.0526) | Viol_Exist(max=2.00, mean=1.0273) | Mu_O(max=39.4) Mu_E(max=39.4) | Lam_O(max=127.91) Lam_E(max=255.82)

[Projection Start] Batch: 205, Constraints: 33
  [Outer 01/15] Loss (KL=0.0002, Const=1226.6678) | Viol_Order(max=2.00, mean=0.0575) | Viol_Exist(max=2.00, mean=1.0231) | Mu_O(max=1.0) Mu_E(max=1.0) | Lam_O(max=0.00) Lam_E(max=0.00)
  [Outer 10/15] Loss (KL=13.7336, Const=56015.2773) | Viol_Order(max=2.00, mean=0.0485) | Viol_Exist(max=2.00, mean=1.0384) | Mu_O(max=10.6) Mu_E(max=10.6) | Lam_O(max=32.01) Lam_E(max=64.03)
  [Outer 15/15] Loss (KL=23.8325, Const=166956.3750) | Viol_Order(max=2.00, mean=0.0609) | Viol_Exist(max=2.00, mean=1.0208) | Mu_O(max=39.4) Mu_E(max=39.4) | Lam_O(max=127.91) Lam_E(max=255.82)

[Projection Start] Batch: 205, Constraints: 33
  [Outer 01/15] Loss (KL=0.0002, Const=1222.2910) | Viol_Order(max=2.00, mean=0.0624) | Viol_Exist(max=2.00, mean=1.0226) | Mu_O(max=1.0) Mu_E(max=1.0) | Lam_O(max=0.00) Lam_E(max=0.00)
  [Outer 10/15] Loss (KL=14.4332, Const=54217.1172) | Viol_Order(max=2.00, mean=0.0492) | Viol_Exist(max=2.00, mean=1.0257) | Mu_O(max=10.6) Mu_E(max=10.6) | Lam_O(max=32.01) Lam_E(max=64.03)
  [Outer 15/15] Loss (KL=24.3576, Const=166020.5625) | Viol_Order(max=1.00, mean=0.0522) | Viol_Exist(max=2.00, mean=1.0195) | Mu_O(max=39.4) Mu_E(max=39.4) | Lam_O(max=127.91) Lam_E(max=255.82)

[Projection Start] Batch: 205, Constraints: 33
  [Outer 01/15] Loss (KL=0.0002, Const=1203.8518) | Viol_Order(max=2.00, mean=0.0560) | Viol_Exist(max=2.00, mean=1.0191) | Mu_O(max=1.0) Mu_E(max=1.0) | Lam_O(max=0.00) Lam_E(max=0.00)
  [Outer 10/15] Loss (KL=12.3463, Const=56846.6914) | Viol_Order(max=2.00, mean=0.0445) | Viol_Exist(max=2.00, mean=1.0375) | Mu_O(max=10.6) Mu_E(max=10.6) | Lam_O(max=32.01) Lam_E(max=64.03)
  [Outer 15/15] Loss (KL=24.0585, Const=165213.2969) | Viol_Order(max=1.00, mean=0.0534) | Viol_Exist(max=2.00, mean=1.0217) | Mu_O(max=39.4) Mu_E(max=39.4) | Lam_O(max=127.91) Lam_E(max=255.82)

[Projection Start] Batch: 205, Constraints: 33
  [Outer 01/15] Loss (KL=0.0001, Const=1198.1526) | Viol_Order(max=2.00, mean=0.0559) | Viol_Exist(max=2.00, mean=1.0200) | Mu_O(max=1.0) Mu_E(max=1.0) | Lam_O(max=0.00) Lam_E(max=0.00)
  [Outer 10/15] Loss (KL=13.8691, Const=55316.2734) | Viol_Order(max=2.00, mean=0.0455) | Viol_Exist(max=2.00, mean=1.0313) | Mu_O(max=10.6) Mu_E(max=10.6) | Lam_O(max=32.01) Lam_E(max=64.03)
  [Outer 15/15] Loss (KL=23.7466, Const=166932.8281) | Viol_Order(max=2.00, mean=0.0517) | Viol_Exist(max=2.00, mean=1.0219) | Mu_O(max=39.4) Mu_E(max=39.4) | Lam_O(max=127.91) Lam_E(max=255.82)

[Projection Start] Batch: 205, Constraints: 33
  [Outer 01/15] Loss (KL=0.0003, Const=1203.8022) | Viol_Order(max=2.00, mean=0.0544) | Viol_Exist(max=2.00, mean=1.0213) | Mu_O(max=1.0) Mu_E(max=1.0) | Lam_O(max=0.00) Lam_E(max=0.00)
  [Outer 10/15] Loss (KL=13.7412, Const=54656.5977) | Viol_Order(max=2.00, mean=0.0421) | Viol_Exist(max=2.00, mean=1.0273) | Mu_O(max=10.6) Mu_E(max=10.6) | Lam_O(max=35.73) Lam_E(max=64.03)
  [Outer 15/15] Loss (KL=23.8241, Const=168290.6562) | Viol_Order(max=2.00, mean=0.0504) | Viol_Exist(max=2.00, mean=1.0177) | Mu_O(max=39.4) Mu_E(max=39.4) | Lam_O(max=127.91) Lam_E(max=255.82)

[Projection Start] Batch: 205, Constraints: 33
  [Outer 01/15] Loss (KL=0.0002, Const=1176.4446) | Viol_Order(max=2.00, mean=0.0514) | Viol_Exist(max=2.00, mean=1.0171) | Mu_O(max=1.0) Mu_E(max=1.0) | Lam_O(max=0.00) Lam_E(max=0.00)
  [Outer 10/15] Loss (KL=13.1628, Const=54443.5195) | Viol_Order(max=2.00, mean=0.0426) | Viol_Exist(max=2.00, mean=1.0263) | Mu_O(max=10.6) Mu_E(max=10.6) | Lam_O(max=34.96) Lam_E(max=64.03)
  [Outer 15/15] Loss (KL=22.1616, Const=164766.5000) | Viol_Order(max=2.00, mean=0.0486) | Viol_Exist(max=2.00, mean=1.0185) | Mu_O(max=39.4) Mu_E(max=39.4) | Lam_O(max=127.91) Lam_E(max=255.82)

[Projection Start] Batch: 205, Constraints: 33
  [Outer 01/15] Loss (KL=0.0004, Const=1185.1644) | Viol_Order(max=2.00, mean=0.0500) | Viol_Exist(max=2.00, mean=1.0185) | Mu_O(max=1.0) Mu_E(max=1.0) | Lam_O(max=0.00) Lam_E(max=0.00)
  [Outer 10/15] Loss (KL=12.8113, Const=55467.2227) | Viol_Order(max=1.00, mean=0.0445) | Viol_Exist(max=2.00, mean=1.0276) | Mu_O(max=10.6) Mu_E(max=10.6) | Lam_O(max=32.01) Lam_E(max=64.03)
  [Outer 15/15] Loss (KL=23.1085, Const=170136.7500) | Viol_Order(max=2.00, mean=0.0535) | Viol_Exist(max=2.00, mean=1.0213) | Mu_O(max=39.4) Mu_E(max=39.4) | Lam_O(max=127.91) Lam_E(max=255.82)

[Projection Start] Batch: 205, Constraints: 33
  [Outer 01/15] Loss (KL=0.0001, Const=1206.8170) | Viol_Order(max=2.00, mean=0.0557) | Viol_Exist(max=2.00, mean=1.0213) | Mu_O(max=1.0) Mu_E(max=1.0) | Lam_O(max=0.00) Lam_E(max=0.00)
  [Outer 10/15] Loss (KL=13.4066, Const=55381.3008) | Viol_Order(max=2.00, mean=0.0452) | Viol_Exist(max=2.00, mean=1.0334) | Mu_O(max=10.6) Mu_E(max=10.6) | Lam_O(max=32.01) Lam_E(max=64.03)
  [Outer 15/15] Loss (KL=24.3726, Const=166860.8125) | Viol_Order(max=2.00, mean=0.0511) | Viol_Exist(max=2.00, mean=1.0205) | Mu_O(max=39.4) Mu_E(max=39.4) | Lam_O(max=127.91) Lam_E(max=255.82)

[Projection Start] Batch: 205, Constraints: 33
  [Outer 01/15] Loss (KL=0.0001, Const=1178.0291) | Viol_Order(max=2.00, mean=0.0522) | Viol_Exist(max=2.00, mean=1.0179) | Mu_O(max=1.0) Mu_E(max=1.0) | Lam_O(max=0.00) Lam_E(max=0.00)
  [Outer 10/15] Loss (KL=13.4323, Const=54930.3359) | Viol_Order(max=2.00, mean=0.0415) | Viol_Exist(max=2.00, mean=1.0259) | Mu_O(max=10.6) Mu_E(max=10.6) | Lam_O(max=32.01) Lam_E(max=64.03)
  [Outer 15/15] Loss (KL=21.9638, Const=167866.0312) | Viol_Order(max=1.00, mean=0.0494) | Viol_Exist(max=2.00, mean=1.0176) | Mu_O(max=39.4) Mu_E(max=39.4) | Lam_O(max=127.91) Lam_E(max=255.82)

[Projection Start] Batch: 205, Constraints: 33
  [Outer 01/15] Loss (KL=0.0003, Const=1193.8728) | Viol_Order(max=2.00, mean=0.0500) | Viol_Exist(max=2.00, mean=1.0214) | Mu_O(max=1.0) Mu_E(max=1.0) | Lam_O(max=0.00) Lam_E(max=0.00)
  [Outer 10/15] Loss (KL=13.6290, Const=55394.0352) | Viol_Order(max=1.00, mean=0.0445) | Viol_Exist(max=2.00, mean=1.0287) | Mu_O(max=10.6) Mu_E(max=10.6) | Lam_O(max=32.01) Lam_E(max=64.03)
  [Outer 15/15] Loss (KL=24.3657, Const=164560.9688) | Viol_Order(max=1.00, mean=0.0550) | Viol_Exist(max=2.00, mean=1.0186) | Mu_O(max=39.4) Mu_E(max=39.4) | Lam_O(max=127.91) Lam_E(max=255.82)

[Projection Start] Batch: 205, Constraints: 33
  [Outer 01/15] Loss (KL=0.0002, Const=1200.4060) | Viol_Order(max=2.00, mean=0.0562) | Viol_Exist(max=2.00, mean=1.0189) | Mu_O(max=1.0) Mu_E(max=1.0) | Lam_O(max=0.00) Lam_E(max=0.00)
  [Outer 10/15] Loss (KL=12.8285, Const=54947.1328) | Viol_Order(max=2.00, mean=0.0420) | Viol_Exist(max=2.00, mean=1.0296) | Mu_O(max=10.6) Mu_E(max=10.6) | Lam_O(max=32.01) Lam_E(max=64.03)
  [Outer 15/15] Loss (KL=24.2866, Const=164680.6094) | Viol_Order(max=1.00, mean=0.0503) | Viol_Exist(max=2.00, mean=1.0126) | Mu_O(max=39.4) Mu_E(max=39.4) | Lam_O(max=127.91) Lam_E(max=255.82)

[Projection Start] Batch: 205, Constraints: 33
  [Outer 01/15] Loss (KL=0.0003, Const=1173.5509) | Viol_Order(max=2.00, mean=0.0513) | Viol_Exist(max=2.00, mean=1.0142) | Mu_O(max=1.0) Mu_E(max=1.0) | Lam_O(max=0.00) Lam_E(max=0.00)
  [Outer 10/15] Loss (KL=13.0553, Const=55258.9297) | Viol_Order(max=2.00, mean=0.0451) | Viol_Exist(max=2.00, mean=1.0293) | Mu_O(max=10.6) Mu_E(max=10.6) | Lam_O(max=32.01) Lam_E(max=64.03)
  [Outer 15/15] Loss (KL=23.1069, Const=168795.8281) | Viol_Order(max=1.00, mean=0.0538) | Viol_Exist(max=2.00, mean=1.0170) | Mu_O(max=39.4) Mu_E(max=39.4) | Lam_O(max=127.91) Lam_E(max=255.82)

[Projection Start] Batch: 205, Constraints: 33
  [Outer 01/15] Loss (KL=0.0003, Const=1200.4956) | Viol_Order(max=2.00, mean=0.0556) | Viol_Exist(max=2.00, mean=1.0170) | Mu_O(max=1.0) Mu_E(max=1.0) | Lam_O(max=0.00) Lam_E(max=0.00)
  [Outer 10/15] Loss (KL=13.5269, Const=55416.3008) | Viol_Order(max=1.00, mean=0.0452) | Viol_Exist(max=2.00, mean=1.0303) | Mu_O(max=10.6) Mu_E(max=10.6) | Lam_O(max=32.01) Lam_E(max=64.03)
  [Outer 15/15] Loss (KL=23.6664, Const=168531.7656) | Viol_Order(max=1.00, mean=0.0513) | Viol_Exist(max=2.00, mean=1.0157) | Mu_O(max=39.4) Mu_E(max=39.4) | Lam_O(max=127.91) Lam_E(max=255.82)

[Projection Start] Batch: 205, Constraints: 33
  [Outer 01/15] Loss (KL=0.0005, Const=1189.1692) | Viol_Order(max=2.00, mean=0.0534) | Viol_Exist(max=2.00, mean=1.0171) | Mu_O(max=1.0) Mu_E(max=1.0) | Lam_O(max=0.00) Lam_E(max=0.00)
  [Outer 10/15] Loss (KL=12.7386, Const=54828.0547) | Viol_Order(max=2.00, mean=0.0430) | Viol_Exist(max=2.00, mean=1.0352) | Mu_O(max=10.6) Mu_E(max=10.6) | Lam_O(max=32.01) Lam_E(max=64.03)
  [Outer 15/15] Loss (KL=23.0063, Const=169806.9688) | Viol_Order(max=2.00, mean=0.0516) | Viol_Exist(max=2.00, mean=1.0201) | Mu_O(max=39.4) Mu_E(max=39.4) | Lam_O(max=127.91) Lam_E(max=255.82)

[Projection Start] Batch: 205, Constraints: 33
  [Outer 01/15] Loss (KL=0.0005, Const=1191.8140) | Viol_Order(max=2.00, mean=0.0534) | Viol_Exist(max=2.00, mean=1.0216) | Mu_O(max=1.0) Mu_E(max=1.0) | Lam_O(max=0.00) Lam_E(max=0.00)
  [Outer 10/15] Loss (KL=14.2815, Const=54068.3125) | Viol_Order(max=2.00, mean=0.0479) | Viol_Exist(max=2.00, mean=1.0389) | Mu_O(max=10.6) Mu_E(max=10.6) | Lam_O(max=32.01) Lam_E(max=64.03)
  [Outer 15/15] Loss (KL=24.3385, Const=165242.9844) | Viol_Order(max=2.00, mean=0.0522) | Viol_Exist(max=2.00, mean=1.0207) | Mu_O(max=39.4) Mu_E(max=39.4) | Lam_O(max=127.91) Lam_E(max=255.82)

[Projection Start] Batch: 205, Constraints: 33
  [Outer 01/15] Loss (KL=0.0001, Const=1199.7107) | Viol_Order(max=2.00, mean=0.0551) | Viol_Exist(max=2.00, mean=1.0201) | Mu_O(max=1.0) Mu_E(max=1.0) | Lam_O(max=0.00) Lam_E(max=0.00)
  [Outer 10/15] Loss (KL=13.5199, Const=55664.8320) | Viol_Order(max=2.00, mean=0.0433) | Viol_Exist(max=2.00, mean=1.0312) | Mu_O(max=10.6) Mu_E(max=10.6) | Lam_O(max=36.00) Lam_E(max=64.03)
  [Outer 15/15] Loss (KL=23.6855, Const=170227.0938) | Viol_Order(max=2.00, mean=0.0537) | Viol_Exist(max=2.00, mean=1.0171) | Mu_O(max=39.4) Mu_E(max=39.4) | Lam_O(max=127.91) Lam_E(max=255.82)

[Projection Start] Batch: 205, Constraints: 33
  [Outer 01/15] Loss (KL=0.0003, Const=1182.9796) | Viol_Order(max=2.00, mean=0.0541) | Viol_Exist(max=2.00, mean=1.0182) | Mu_O(max=1.0) Mu_E(max=1.0) | Lam_O(max=0.00) Lam_E(max=0.00)
  [Outer 10/15] Loss (KL=12.7438, Const=56747.2031) | Viol_Order(max=1.00, mean=0.0405) | Viol_Exist(max=2.00, mean=1.0349) | Mu_O(max=10.6) Mu_E(max=10.6) | Lam_O(max=32.01) Lam_E(max=64.03)
  [Outer 15/15] Loss (KL=23.4528, Const=170521.2969) | Viol_Order(max=1.00, mean=0.0463) | Viol_Exist(max=2.00, mean=1.0183) | Mu_O(max=39.4) Mu_E(max=39.4) | Lam_O(max=127.91) Lam_E(max=255.82)

[Projection Start] Batch: 205, Constraints: 33
  [Outer 01/15] Loss (KL=0.0002, Const=1177.3584) | Viol_Order(max=1.00, mean=0.0482) | Viol_Exist(max=2.00, mean=1.0211) | Mu_O(max=1.0) Mu_E(max=1.0) | Lam_O(max=0.00) Lam_E(max=0.00)
  [Outer 10/15] Loss (KL=12.9222, Const=55473.2422) | Viol_Order(max=1.00, mean=0.0392) | Viol_Exist(max=2.00, mean=1.0341) | Mu_O(max=10.6) Mu_E(max=10.6) | Lam_O(max=32.01) Lam_E(max=64.03)
  [Outer 15/15] Loss (KL=23.8366, Const=168243.1875) | Viol_Order(max=1.00, mean=0.0503) | Viol_Exist(max=2.00, mean=1.0154) | Mu_O(max=39.4) Mu_E(max=39.4) | Lam_O(max=127.91) Lam_E(max=255.82)

[Projection Start] Batch: 205, Constraints: 33
  [Outer 01/15] Loss (KL=0.0008, Const=1170.5566) | Viol_Order(max=1.00, mean=0.0516) | Viol_Exist(max=2.00, mean=1.0158) | Mu_O(max=1.0) Mu_E(max=1.0) | Lam_O(max=0.00) Lam_E(max=0.00)
  [Outer 10/15] Loss (KL=13.8049, Const=53964.6328) | Viol_Order(max=2.00, mean=0.0452) | Viol_Exist(max=2.00, mean=1.0299) | Mu_O(max=10.6) Mu_E(max=10.6) | Lam_O(max=32.01) Lam_E(max=64.03)
  [Outer 15/15] Loss (KL=23.4839, Const=165929.3438) | Viol_Order(max=2.00, mean=0.0528) | Viol_Exist(max=2.00, mean=1.0145) | Mu_O(max=39.4) Mu_E(max=39.4) | Lam_O(max=127.91) Lam_E(max=255.82)

[Projection Start] Batch: 205, Constraints: 33
  [Outer 01/15] Loss (KL=0.0018, Const=1174.7676) | Viol_Order(max=2.00, mean=0.0534) | Viol_Exist(max=2.00, mean=1.0163) | Mu_O(max=1.0) Mu_E(max=1.0) | Lam_O(max=0.00) Lam_E(max=0.00)
  [Outer 10/15] Loss (KL=13.4600, Const=54125.4297) | Viol_Order(max=1.00, mean=0.0438) | Viol_Exist(max=2.00, mean=1.0242) | Mu_O(max=10.6) Mu_E(max=10.6) | Lam_O(max=36.00) Lam_E(max=64.03)
  [Outer 15/15] Loss (KL=23.7130, Const=165060.8906) | Viol_Order(max=2.00, mean=0.0534) | Viol_Exist(max=2.00, mean=1.0173) | Mu_O(max=39.4) Mu_E(max=39.4) | Lam_O(max=127.91) Lam_E(max=255.82)

[Projection Start] Batch: 205, Constraints: 33
  [Outer 01/15] Loss (KL=0.0004, Const=1190.2776) | Viol_Order(max=2.00, mean=0.0544) | Viol_Exist(max=2.00, mean=1.0185) | Mu_O(max=1.0) Mu_E(max=1.0) | Lam_O(max=0.00) Lam_E(max=0.00)
  [Outer 10/15] Loss (KL=13.3216, Const=55528.9883) | Viol_Order(max=1.00, mean=0.0442) | Viol_Exist(max=2.00, mean=1.0312) | Mu_O(max=10.6) Mu_E(max=10.6) | Lam_O(max=34.31) Lam_E(max=64.03)
  [Outer 15/15] Loss (KL=23.3071, Const=168349.6094) | Viol_Order(max=2.00, mean=0.0517) | Viol_Exist(max=2.00, mean=1.0160) | Mu_O(max=39.4) Mu_E(max=39.4) | Lam_O(max=130.21) Lam_E(max=255.82)

[Projection Start] Batch: 205, Constraints: 33
  [Outer 01/15] Loss (KL=0.0007, Const=1195.0596) | Viol_Order(max=2.00, mean=0.0538) | Viol_Exist(max=2.00, mean=1.0203) | Mu_O(max=1.0) Mu_E(max=1.0) | Lam_O(max=0.00) Lam_E(max=0.00)
  [Outer 10/15] Loss (KL=12.7212, Const=55442.2266) | Viol_Order(max=2.00, mean=0.0442) | Viol_Exist(max=2.00, mean=1.0313) | Mu_O(max=10.6) Mu_E(max=10.6) | Lam_O(max=32.01) Lam_E(max=64.03)
  [Outer 15/15] Loss (KL=22.4955, Const=168072.8125) | Viol_Order(max=2.00, mean=0.0513) | Viol_Exist(max=2.00, mean=1.0169) | Mu_O(max=39.4) Mu_E(max=39.4) | Lam_O(max=127.91) Lam_E(max=255.82)

[Projection Start] Batch: 205, Constraints: 33
  [Outer 01/15] Loss (KL=0.0002, Const=1181.3096) | Viol_Order(max=2.00, mean=0.0531) | Viol_Exist(max=2.00, mean=1.0182) | Mu_O(max=1.0) Mu_E(max=1.0) | Lam_O(max=0.00) Lam_E(max=0.00)
  [Outer 10/15] Loss (KL=13.1310, Const=54982.3438) | Viol_Order(max=1.00, mean=0.0411) | Viol_Exist(max=2.00, mean=1.0309) | Mu_O(max=10.6) Mu_E(max=10.6) | Lam_O(max=32.01) Lam_E(max=64.03)
  [Outer 15/15] Loss (KL=22.7917, Const=169328.2188) | Viol_Order(max=1.00, mean=0.0500) | Viol_Exist(max=2.00, mean=1.0189) | Mu_O(max=39.4) Mu_E(max=39.4) | Lam_O(max=127.91) Lam_E(max=255.82)

[Projection Start] Batch: 205, Constraints: 33
  [Outer 01/15] Loss (KL=0.0005, Const=1181.7537) | Viol_Order(max=2.00, mean=0.0511) | Viol_Exist(max=2.00, mean=1.0171) | Mu_O(max=1.0) Mu_E(max=1.0) | Lam_O(max=0.00) Lam_E(max=0.00)
  [Outer 10/15] Loss (KL=13.1121, Const=55075.5781) | Viol_Order(max=1.00, mean=0.0384) | Viol_Exist(max=2.00, mean=1.0344) | Mu_O(max=10.6) Mu_E(max=10.6) | Lam_O(max=36.84) Lam_E(max=64.03)
  [Outer 15/15] Loss (KL=22.0673, Const=166880.9062) | Viol_Order(max=2.00, mean=0.0500) | Viol_Exist(max=2.00, mean=1.0203) | Mu_O(max=39.4) Mu_E(max=39.4) | Lam_O(max=127.91) Lam_E(max=255.82)

[Projection Start] Batch: 205, Constraints: 33
  [Outer 01/15] Loss (KL=0.0001, Const=1189.5908) | Viol_Order(max=2.00, mean=0.0525) | Viol_Exist(max=2.00, mean=1.0198) | Mu_O(max=1.0) Mu_E(max=1.0) | Lam_O(max=0.00) Lam_E(max=0.00)
  [Outer 10/15] Loss (KL=12.8883, Const=55888.9648) | Viol_Order(max=2.00, mean=0.0412) | Viol_Exist(max=2.00, mean=1.0350) | Mu_O(max=10.6) Mu_E(max=10.6) | Lam_O(max=32.01) Lam_E(max=64.03)
  [Outer 15/15] Loss (KL=23.2996, Const=166491.3125) | Viol_Order(max=2.00, mean=0.0497) | Viol_Exist(max=2.00, mean=1.0167) | Mu_O(max=39.4) Mu_E(max=39.4) | Lam_O(max=127.91) Lam_E(max=255.82)

[Projection Start] Batch: 205, Constraints: 33
  [Outer 01/15] Loss (KL=0.0002, Const=1186.4142) | Viol_Order(max=2.00, mean=0.0507) | Viol_Exist(max=2.00, mean=1.0185) | Mu_O(max=1.0) Mu_E(max=1.0) | Lam_O(max=0.00) Lam_E(max=0.00)
  [Outer 10/15] Loss (KL=13.4469, Const=54618.1094) | Viol_Order(max=1.00, mean=0.0408) | Viol_Exist(max=2.00, mean=1.0294) | Mu_O(max=10.6) Mu_E(max=10.6) | Lam_O(max=32.01) Lam_E(max=64.03)
  [Outer 15/15] Loss (KL=23.6759, Const=168643.9688) | Viol_Order(max=2.00, mean=0.0495) | Viol_Exist(max=2.00, mean=1.0200) | Mu_O(max=39.4) Mu_E(max=39.4) | Lam_O(max=127.91) Lam_E(max=255.82)

[Projection Start] Batch: 205, Constraints: 33
  [Outer 01/15] Loss (KL=0.0001, Const=1185.6949) | Viol_Order(max=2.00, mean=0.0514) | Viol_Exist(max=2.00, mean=1.0186) | Mu_O(max=1.0) Mu_E(max=1.0) | Lam_O(max=0.00) Lam_E(max=0.00)
  [Outer 10/15] Loss (KL=13.4408, Const=54800.5156) | Viol_Order(max=2.00, mean=0.0433) | Viol_Exist(max=2.00, mean=1.0327) | Mu_O(max=10.6) Mu_E(max=10.6) | Lam_O(max=32.01) Lam_E(max=64.03)
  [Outer 15/15] Loss (KL=22.7587, Const=164850.7969) | Viol_Order(max=2.00, mean=0.0497) | Viol_Exist(max=2.00, mean=1.0149) | Mu_O(max=39.4) Mu_E(max=39.4) | Lam_O(max=127.91) Lam_E(max=255.82)

[Projection Start] Batch: 205, Constraints: 33
  [Outer 01/15] Loss (KL=0.0002, Const=1176.4392) | Viol_Order(max=2.00, mean=0.0498) | Viol_Exist(max=2.00, mean=1.0174) | Mu_O(max=1.0) Mu_E(max=1.0) | Lam_O(max=0.00) Lam_E(max=0.00)
  [Outer 10/15] Loss (KL=13.9259, Const=54344.8828) | Viol_Order(max=1.00, mean=0.0373) | Viol_Exist(max=2.00, mean=1.0306) | Mu_O(max=10.6) Mu_E(max=10.6) | Lam_O(max=32.01) Lam_E(max=64.03)
  [Outer 15/15] Loss (KL=22.7134, Const=165926.5469) | Viol_Order(max=1.00, mean=0.0461) | Viol_Exist(max=2.00, mean=1.0192) | Mu_O(max=39.4) Mu_E(max=39.4) | Lam_O(max=127.91) Lam_E(max=255.82)

[Projection Start] Batch: 205, Constraints: 33
  [Outer 01/15] Loss (KL=0.0001, Const=1165.2517) | Viol_Order(max=1.00, mean=0.0477) | Viol_Exist(max=2.00, mean=1.0176) | Mu_O(max=1.0) Mu_E(max=1.0) | Lam_O(max=0.00) Lam_E(max=0.00)
  [Outer 10/15] Loss (KL=12.5149, Const=55838.0312) | Viol_Order(max=2.00, mean=0.0415) | Viol_Exist(max=2.00, mean=1.0287) | Mu_O(max=10.6) Mu_E(max=10.6) | Lam_O(max=32.01) Lam_E(max=64.03)
  [Outer 15/15] Loss (KL=23.3399, Const=168254.6094) | Viol_Order(max=2.00, mean=0.0498) | Viol_Exist(max=2.00, mean=1.0146) | Mu_O(max=39.4) Mu_E(max=39.4) | Lam_O(max=127.91) Lam_E(max=255.82)

[Projection Start] Batch: 205, Constraints: 33
  [Outer 01/15] Loss (KL=0.0002, Const=1171.4409) | Viol_Order(max=2.00, mean=0.0511) | Viol_Exist(max=2.00, mean=1.0148) | Mu_O(max=1.0) Mu_E(max=1.0) | Lam_O(max=0.00) Lam_E(max=0.00)
  [Outer 10/15] Loss (KL=13.0192, Const=55005.9688) | Viol_Order(max=1.00, mean=0.0407) | Viol_Exist(max=2.00, mean=1.0281) | Mu_O(max=10.6) Mu_E(max=10.6) | Lam_O(max=36.00) Lam_E(max=64.03)
  [Outer 15/15] Loss (KL=22.5256, Const=167622.6875) | Viol_Order(max=2.00, mean=0.0500) | Viol_Exist(max=2.00, mean=1.0207) | Mu_O(max=39.4) Mu_E(max=39.4) | Lam_O(max=127.91) Lam_E(max=255.82)

[Projection Start] Batch: 205, Constraints: 33
  [Outer 01/15] Loss (KL=0.0007, Const=1198.4706) | Viol_Order(max=2.00, mean=0.0526) | Viol_Exist(max=2.00, mean=1.0201) | Mu_O(max=1.0) Mu_E(max=1.0) | Lam_O(max=0.00) Lam_E(max=0.00)
  [Outer 10/15] Loss (KL=13.5658, Const=54540.7578) | Viol_Order(max=1.00, mean=0.0464) | Viol_Exist(max=2.00, mean=1.0278) | Mu_O(max=10.6) Mu_E(max=10.6) | Lam_O(max=32.01) Lam_E(max=64.03)
  [Outer 15/15] Loss (KL=23.1812, Const=166846.5938) | Viol_Order(max=2.00, mean=0.0562) | Viol_Exist(max=2.00, mean=1.0186) | Mu_O(max=39.4) Mu_E(max=39.4) | Lam_O(max=127.91) Lam_E(max=255.82)

[Projection Start] Batch: 205, Constraints: 33
  [Outer 01/15] Loss (KL=0.0001, Const=1183.7490) | Viol_Order(max=2.00, mean=0.0562) | Viol_Exist(max=2.00, mean=1.0174) | Mu_O(max=1.0) Mu_E(max=1.0) | Lam_O(max=0.00) Lam_E(max=0.00)
  [Outer 10/15] Loss (KL=13.4783, Const=54782.1367) | Viol_Order(max=1.00, mean=0.0446) | Viol_Exist(max=2.00, mean=1.0231) | Mu_O(max=10.6) Mu_E(max=10.6) | Lam_O(max=32.01) Lam_E(max=64.03)
  [Outer 15/15] Loss (KL=24.1033, Const=166622.0312) | Viol_Order(max=2.00, mean=0.0473) | Viol_Exist(max=2.00, mean=1.0210) | Mu_O(max=39.4) Mu_E(max=39.4) | Lam_O(max=127.91) Lam_E(max=255.82)

[Projection Start] Batch: 205, Constraints: 33
  [Outer 01/15] Loss (KL=0.0002, Const=1182.7310) | Viol_Order(max=2.00, mean=0.0500) | Viol_Exist(max=2.00, mean=1.0197) | Mu_O(max=1.0) Mu_E(max=1.0) | Lam_O(max=0.00) Lam_E(max=0.00)
  [Outer 10/15] Loss (KL=13.1717, Const=55341.7891) | Viol_Order(max=2.00, mean=0.0378) | Viol_Exist(max=2.00, mean=1.0374) | Mu_O(max=10.6) Mu_E(max=10.6) | Lam_O(max=36.00) Lam_E(max=64.03)
  [Outer 15/15] Loss (KL=23.3567, Const=166247.1406) | Viol_Order(max=2.00, mean=0.0498) | Viol_Exist(max=2.00, mean=1.0188) | Mu_O(max=39.4) Mu_E(max=39.4) | Lam_O(max=127.91) Lam_E(max=255.82)

[Projection Start] Batch: 205, Constraints: 33
  [Outer 01/15] Loss (KL=0.0002, Const=1187.3159) | Viol_Order(max=2.00, mean=0.0514) | Viol_Exist(max=2.00, mean=1.0183) | Mu_O(max=1.0) Mu_E(max=1.0) | Lam_O(max=0.00) Lam_E(max=0.00)
  [Outer 10/15] Loss (KL=13.9662, Const=53722.1602) | Viol_Order(max=2.00, mean=0.0381) | Viol_Exist(max=2.00, mean=1.0325) | Mu_O(max=10.6) Mu_E(max=10.6) | Lam_O(max=32.01) Lam_E(max=64.03)
  [Outer 15/15] Loss (KL=23.5468, Const=166362.5469) | Viol_Order(max=2.00, mean=0.0498) | Viol_Exist(max=2.00, mean=1.0177) | Mu_O(max=39.4) Mu_E(max=39.4) | Lam_O(max=127.91) Lam_E(max=255.82)

[Projection Start] Batch: 205, Constraints: 33
  [Outer 01/15] Loss (KL=0.0006, Const=1182.7504) | Viol_Order(max=2.00, mean=0.0511) | Viol_Exist(max=2.00, mean=1.0174) | Mu_O(max=1.0) Mu_E(max=1.0) | Lam_O(max=0.00) Lam_E(max=0.00)
  [Outer 10/15] Loss (KL=13.9868, Const=54112.8438) | Viol_Order(max=2.00, mean=0.0393) | Viol_Exist(max=2.00, mean=1.0333) | Mu_O(max=10.6) Mu_E(max=10.6) | Lam_O(max=32.01) Lam_E(max=64.03)
  [Outer 15/15] Loss (KL=23.6616, Const=166054.9375) | Viol_Order(max=2.00, mean=0.0451) | Viol_Exist(max=2.00, mean=1.0194) | Mu_O(max=39.4) Mu_E(max=39.4) | Lam_O(max=127.91) Lam_E(max=255.82)

[Projection Start] Batch: 205, Constraints: 33
  [Outer 01/15] Loss (KL=0.0026, Const=1169.3041) | Viol_Order(max=1.00, mean=0.0461) | Viol_Exist(max=2.00, mean=1.0183) | Mu_O(max=1.0) Mu_E(max=1.0) | Lam_O(max=0.00) Lam_E(max=0.00)
  [Outer 10/15] Loss (KL=12.9816, Const=55227.4062) | Viol_Order(max=2.00, mean=0.0399) | Viol_Exist(max=2.00, mean=1.0300) | Mu_O(max=10.6) Mu_E(max=10.6) | Lam_O(max=32.01) Lam_E(max=64.03)
  [Outer 15/15] Loss (KL=22.6832, Const=167089.2500) | Viol_Order(max=2.00, mean=0.0470) | Viol_Exist(max=2.00, mean=1.0160) | Mu_O(max=39.4) Mu_E(max=39.4) | Lam_O(max=127.91) Lam_E(max=255.82)

[Projection Start] Batch: 205, Constraints: 33
  [Outer 01/15] Loss (KL=0.0004, Const=1173.1467) | Viol_Order(max=2.00, mean=0.0482) | Viol_Exist(max=2.00, mean=1.0183) | Mu_O(max=1.0) Mu_E(max=1.0) | Lam_O(max=0.00) Lam_E(max=0.00)
  [Outer 10/15] Loss (KL=13.4049, Const=55082.5352) | Viol_Order(max=1.00, mean=0.0396) | Viol_Exist(max=2.00, mean=1.0373) | Mu_O(max=10.6) Mu_E(max=10.6) | Lam_O(max=32.01) Lam_E(max=64.03)
  [Outer 15/15] Loss (KL=23.0798, Const=167204.8750) | Viol_Order(max=1.00, mean=0.0473) | Viol_Exist(max=2.00, mean=1.0170) | Mu_O(max=39.4) Mu_E(max=39.4) | Lam_O(max=127.91) Lam_E(max=255.82)

[Projection Start] Batch: 205, Constraints: 33
  [Outer 01/15] Loss (KL=0.0001, Const=1170.4187) | Viol_Order(max=2.00, mean=0.0489) | Viol_Exist(max=2.00, mean=1.0195) | Mu_O(max=1.0) Mu_E(max=1.0) | Lam_O(max=0.00) Lam_E(max=0.00)
  [Outer 10/15] Loss (KL=13.1708, Const=54865.4766) | Viol_Order(max=2.00, mean=0.0378) | Viol_Exist(max=2.00, mean=1.0291) | Mu_O(max=10.6) Mu_E(max=10.6) | Lam_O(max=36.00) Lam_E(max=64.03)
  [Outer 15/15] Loss (KL=22.7134, Const=169471.6406) | Viol_Order(max=1.00, mean=0.0491) | Viol_Exist(max=2.00, mean=1.0115) | Mu_O(max=39.4) Mu_E(max=39.4) | Lam_O(max=131.90) Lam_E(max=255.82)

[Projection Start] Batch: 205, Constraints: 33
  [Outer 01/15] Loss (KL=0.0004, Const=1149.3191) | Viol_Order(max=2.00, mean=0.0494) | Viol_Exist(max=2.00, mean=1.0132) | Mu_O(max=1.0) Mu_E(max=1.0) | Lam_O(max=0.00) Lam_E(max=0.00)
  [Outer 10/15] Loss (KL=13.0677, Const=54218.5625) | Viol_Order(max=1.00, mean=0.0417) | Viol_Exist(max=2.00, mean=1.0275) | Mu_O(max=10.6) Mu_E(max=10.6) | Lam_O(max=32.01) Lam_E(max=64.03)
  [Outer 15/15] Loss (KL=23.1206, Const=164851.7188) | Viol_Order(max=1.00, mean=0.0486) | Viol_Exist(max=2.00, mean=1.0177) | Mu_O(max=39.4) Mu_E(max=39.4) | Lam_O(max=127.91) Lam_E(max=255.82)

[Projection Start] Batch: 205, Constraints: 33
  [Outer 01/15] Loss (KL=0.0001, Const=1170.7438) | Viol_Order(max=2.00, mean=0.0501) | Viol_Exist(max=2.00, mean=1.0176) | Mu_O(max=1.0) Mu_E(max=1.0) | Lam_O(max=0.00) Lam_E(max=0.00)
  [Outer 10/15] Loss (KL=13.6515, Const=53554.9688) | Viol_Order(max=2.00, mean=0.0445) | Viol_Exist(max=2.00, mean=1.0284) | Mu_O(max=10.6) Mu_E(max=10.6) | Lam_O(max=32.01) Lam_E(max=64.03)
  [Outer 15/15] Loss (KL=22.6539, Const=162928.6250) | Viol_Order(max=2.00, mean=0.0489) | Viol_Exist(max=2.00, mean=1.0169) | Mu_O(max=39.4) Mu_E(max=39.4) | Lam_O(max=127.91) Lam_E(max=255.82)

[Projection Start] Batch: 205, Constraints: 33
  [Outer 01/15] Loss (KL=0.0004, Const=1167.6515) | Viol_Order(max=2.00, mean=0.0488) | Viol_Exist(max=2.00, mean=1.0177) | Mu_O(max=1.0) Mu_E(max=1.0) | Lam_O(max=0.00) Lam_E(max=0.00)
  [Outer 10/15] Loss (KL=13.2129, Const=54599.6445) | Viol_Order(max=2.00, mean=0.0405) | Viol_Exist(max=2.00, mean=1.0336) | Mu_O(max=10.6) Mu_E(max=10.6) | Lam_O(max=32.01) Lam_E(max=64.03)
  [Outer 15/15] Loss (KL=23.2967, Const=165555.2812) | Viol_Order(max=2.00, mean=0.0483) | Viol_Exist(max=2.00, mean=1.0195) | Mu_O(max=39.4) Mu_E(max=39.4) | Lam_O(max=127.91) Lam_E(max=255.82)

[Projection Start] Batch: 205, Constraints: 33
  [Outer 01/15] Loss (KL=0.0003, Const=1162.9534) | Viol_Order(max=2.00, mean=0.0507) | Viol_Exist(max=2.00, mean=1.0177) | Mu_O(max=1.0) Mu_E(max=1.0) | Lam_O(max=0.00) Lam_E(max=0.00)
  [Outer 10/15] Loss (KL=13.8913, Const=53597.9922) | Viol_Order(max=2.00, mean=0.0409) | Viol_Exist(max=2.00, mean=1.0297) | Mu_O(max=10.6) Mu_E(max=10.6) | Lam_O(max=32.01) Lam_E(max=64.03)
  [Outer 15/15] Loss (KL=24.7494, Const=164965.7344) | Viol_Order(max=2.00, mean=0.0479) | Viol_Exist(max=2.00, mean=1.0185) | Mu_O(max=39.4) Mu_E(max=39.4) | Lam_O(max=127.91) Lam_E(max=255.82)

[Projection Start] Batch: 205, Constraints: 33
  [Outer 01/15] Loss (KL=0.0003, Const=1170.4335) | Viol_Order(max=2.00, mean=0.0494) | Viol_Exist(max=2.00, mean=1.0186) | Mu_O(max=1.0) Mu_E(max=1.0) | Lam_O(max=0.00) Lam_E(max=0.00)
  [Outer 10/15] Loss (KL=13.8925, Const=53368.1758) | Viol_Order(max=1.00, mean=0.0371) | Viol_Exist(max=2.00, mean=1.0324) | Mu_O(max=10.6) Mu_E(max=10.6) | Lam_O(max=32.01) Lam_E(max=64.03)
  [Outer 15/15] Loss (KL=23.7543, Const=164531.4062) | Viol_Order(max=2.00, mean=0.0463) | Viol_Exist(max=2.00, mean=1.0203) | Mu_O(max=39.4) Mu_E(max=39.4) | Lam_O(max=127.91) Lam_E(max=255.82)

[Projection Start] Batch: 205, Constraints: 33
  [Outer 01/15] Loss (KL=0.0017, Const=1158.3506) | Viol_Order(max=2.00, mean=0.0473) | Viol_Exist(max=2.00, mean=1.0171) | Mu_O(max=1.0) Mu_E(max=1.0) | Lam_O(max=0.00) Lam_E(max=0.00)
  [Outer 10/15] Loss (KL=13.6565, Const=54641.7305) | Viol_Order(max=2.00, mean=0.0426) | Viol_Exist(max=2.00, mean=1.0300) | Mu_O(max=10.6) Mu_E(max=10.6) | Lam_O(max=32.01) Lam_E(max=64.03)
  [Outer 15/15] Loss (KL=23.8462, Const=163895.8125) | Viol_Order(max=1.00, mean=0.0494) | Viol_Exist(max=2.00, mean=1.0180) | Mu_O(max=39.4) Mu_E(max=39.4) | Lam_O(max=127.91) Lam_E(max=255.82)

[Projection Start] Batch: 205, Constraints: 33
  [Outer 01/15] Loss (KL=0.0002, Const=1175.3149) | Viol_Order(max=2.00, mean=0.0504) | Viol_Exist(max=2.00, mean=1.0198) | Mu_O(max=1.0) Mu_E(max=1.0) | Lam_O(max=0.00) Lam_E(max=0.00)
  [Outer 10/15] Loss (KL=14.0964, Const=52868.0391) | Viol_Order(max=2.00, mean=0.0409) | Viol_Exist(max=2.00, mean=1.0272) | Mu_O(max=10.6) Mu_E(max=10.6) | Lam_O(max=32.01) Lam_E(max=64.03)
  [Outer 15/15] Loss (KL=22.8233, Const=164747.9531) | Viol_Order(max=1.00, mean=0.0483) | Viol_Exist(max=2.00, mean=1.0225) | Mu_O(max=39.4) Mu_E(max=39.4) | Lam_O(max=127.91) Lam_E(max=255.82)

[Projection Start] Batch: 205, Constraints: 33
  [Outer 01/15] Loss (KL=0.0002, Const=1190.1339) | Viol_Order(max=2.00, mean=0.0507) | Viol_Exist(max=2.00, mean=1.0219) | Mu_O(max=1.0) Mu_E(max=1.0) | Lam_O(max=0.00) Lam_E(max=0.00)
  [Outer 10/15] Loss (KL=13.9881, Const=54433.5000) | Viol_Order(max=2.00, mean=0.0409) | Viol_Exist(max=2.00, mean=1.0284) | Mu_O(max=10.6) Mu_E(max=10.6) | Lam_O(max=32.01) Lam_E(max=64.03)
  [Outer 15/15] Loss (KL=24.1555, Const=164456.8438) | Viol_Order(max=1.00, mean=0.0432) | Viol_Exist(max=2.00, mean=1.0182) | Mu_O(max=39.4) Mu_E(max=39.4) | Lam_O(max=127.91) Lam_E(max=255.82)

[Projection Start] Batch: 205, Constraints: 33
  [Outer 01/15] Loss (KL=0.0002, Const=1149.8998) | Viol_Order(max=1.00, mean=0.0436) | Viol_Exist(max=2.00, mean=1.0177) | Mu_O(max=1.0) Mu_E(max=1.0) | Lam_O(max=0.00) Lam_E(max=0.00)
  [Outer 10/15] Loss (KL=13.8791, Const=52682.2344) | Viol_Order(max=1.00, mean=0.0396) | Viol_Exist(max=2.00, mean=1.0247) | Mu_O(max=10.6) Mu_E(max=10.6) | Lam_O(max=32.01) Lam_E(max=64.03)
  [Outer 15/15] Loss (KL=21.6725, Const=163058.3594) | Viol_Order(max=2.00, mean=0.0510) | Viol_Exist(max=2.00, mean=1.0161) | Mu_O(max=39.4) Mu_E(max=39.4) | Lam_O(max=127.91) Lam_E(max=255.82)

[Projection Start] Batch: 205, Constraints: 33
  [Outer 01/15] Loss (KL=0.0002, Const=1175.5671) | Viol_Order(max=2.00, mean=0.0516) | Viol_Exist(max=2.00, mean=1.0170) | Mu_O(max=1.0) Mu_E(max=1.0) | Lam_O(max=0.00) Lam_E(max=0.00)
  [Outer 10/15] Loss (KL=13.6154, Const=54183.1406) | Viol_Order(max=2.00, mean=0.0407) | Viol_Exist(max=2.00, mean=1.0325) | Mu_O(max=10.6) Mu_E(max=10.6) | Lam_O(max=38.20) Lam_E(max=64.03)
  [Outer 15/15] Loss (KL=23.6291, Const=164763.4844) | Viol_Order(max=2.00, mean=0.0507) | Viol_Exist(max=2.00, mean=1.0200) | Mu_O(max=39.4) Mu_E(max=39.4) | Lam_O(max=127.91) Lam_E(max=255.82)

[Projection Start] Batch: 205, Constraints: 33
  [Outer 01/15] Loss (KL=0.0004, Const=1178.7913) | Viol_Order(max=2.00, mean=0.0525) | Viol_Exist(max=2.00, mean=1.0186) | Mu_O(max=1.0) Mu_E(max=1.0) | Lam_O(max=0.00) Lam_E(max=0.00)
  [Outer 10/15] Loss (KL=14.0171, Const=53533.4336) | Viol_Order(max=2.00, mean=0.0461) | Viol_Exist(max=2.00, mean=1.0253) | Mu_O(max=10.6) Mu_E(max=10.6) | Lam_O(max=32.01) Lam_E(max=64.03)
  [Outer 15/15] Loss (KL=23.3014, Const=168641.0156) | Viol_Order(max=2.00, mean=0.0476) | Viol_Exist(max=2.00, mean=1.0173) | Mu_O(max=39.4) Mu_E(max=39.4) | Lam_O(max=127.91) Lam_E(max=255.82)

[Projection Start] Batch: 205, Constraints: 33
  [Outer 01/15] Loss (KL=0.0007, Const=1179.7153) | Viol_Order(max=2.00, mean=0.0511) | Viol_Exist(max=2.00, mean=1.0211) | Mu_O(max=1.0) Mu_E(max=1.0) | Lam_O(max=0.00) Lam_E(max=0.00)
  [Outer 10/15] Loss (KL=14.5530, Const=53070.6094) | Viol_Order(max=2.00, mean=0.0401) | Viol_Exist(max=2.00, mean=1.0302) | Mu_O(max=10.6) Mu_E(max=10.6) | Lam_O(max=32.01) Lam_E(max=64.03)
  [Outer 15/15] Loss (KL=24.1681, Const=162608.5000) | Viol_Order(max=2.00, mean=0.0463) | Viol_Exist(max=2.00, mean=1.0234) | Mu_O(max=39.4) Mu_E(max=39.4) | Lam_O(max=127.91) Lam_E(max=255.82)

[Projection Start] Batch: 205, Constraints: 33
  [Outer 01/15] Loss (KL=0.0005, Const=1172.6318) | Viol_Order(max=2.00, mean=0.0486) | Viol_Exist(max=2.00, mean=1.0191) | Mu_O(max=1.0) Mu_E(max=1.0) | Lam_O(max=0.00) Lam_E(max=0.00)
  [Outer 10/15] Loss (KL=14.0991, Const=53063.8711) | Viol_Order(max=2.00, mean=0.0408) | Viol_Exist(max=2.00, mean=1.0321) | Mu_O(max=10.6) Mu_E(max=10.6) | Lam_O(max=32.01) Lam_E(max=64.03)
  [Outer 15/15] Loss (KL=24.0097, Const=160358.3438) | Viol_Order(max=2.00, mean=0.0472) | Viol_Exist(max=2.00, mean=1.0191) | Mu_O(max=39.4) Mu_E(max=39.4) | Lam_O(max=127.91) Lam_E(max=255.82)

[Projection Start] Batch: 205, Constraints: 33
  [Outer 01/15] Loss (KL=0.0006, Const=1157.1641) | Viol_Order(max=2.00, mean=0.0482) | Viol_Exist(max=2.00, mean=1.0170) | Mu_O(max=1.0) Mu_E(max=1.0) | Lam_O(max=0.00) Lam_E(max=0.00)
  [Outer 10/15] Loss (KL=13.8521, Const=52539.1758) | Viol_Order(max=1.00, mean=0.0392) | Viol_Exist(max=2.00, mean=1.0276) | Mu_O(max=10.6) Mu_E(max=10.6) | Lam_O(max=32.01) Lam_E(max=64.03)
  [Outer 15/15] Loss (KL=24.7825, Const=157056.2812) | Viol_Order(max=2.00, mean=0.0460) | Viol_Exist(max=2.00, mean=1.0200) | Mu_O(max=39.4) Mu_E(max=39.4) | Lam_O(max=127.91) Lam_E(max=255.82)

[Projection Start] Batch: 205, Constraints: 33
  [Outer 01/15] Loss (KL=0.0012, Const=1187.5061) | Viol_Order(max=2.00, mean=0.0475) | Viol_Exist(max=2.00, mean=1.0225) | Mu_O(max=1.0) Mu_E(max=1.0) | Lam_O(max=0.00) Lam_E(max=0.00)
  [Outer 10/15] Loss (KL=14.7058, Const=52851.6250) | Viol_Order(max=1.00, mean=0.0404) | Viol_Exist(max=2.00, mean=1.0300) | Mu_O(max=10.6) Mu_E(max=10.6) | Lam_O(max=32.01) Lam_E(max=64.03)
  [Outer 15/15] Loss (KL=23.5230, Const=162301.0781) | Viol_Order(max=2.00, mean=0.0458) | Viol_Exist(max=2.00, mean=1.0205) | Mu_O(max=39.4) Mu_E(max=39.4) | Lam_O(max=127.91) Lam_E(max=255.82)

[Projection Start] Batch: 205, Constraints: 33
  [Outer 01/15] Loss (KL=0.0015, Const=1163.9841) | Viol_Order(max=2.00, mean=0.0476) | Viol_Exist(max=2.00, mean=1.0180) | Mu_O(max=1.0) Mu_E(max=1.0) | Lam_O(max=0.00) Lam_E(max=0.00)
  [Outer 10/15] Loss (KL=13.9244, Const=53210.5195) | Viol_Order(max=2.00, mean=0.0337) | Viol_Exist(max=2.00, mean=1.0343) | Mu_O(max=10.6) Mu_E(max=10.6) | Lam_O(max=32.01) Lam_E(max=64.03)
  [Outer 15/15] Loss (KL=24.4347, Const=165112.9531) | Viol_Order(max=1.00, mean=0.0432) | Viol_Exist(max=2.00, mean=1.0191) | Mu_O(max=39.4) Mu_E(max=39.4) | Lam_O(max=127.91) Lam_E(max=255.82)

[Projection Start] Batch: 205, Constraints: 33
  [Outer 01/15] Loss (KL=0.0045, Const=1165.5502) | Viol_Order(max=2.00, mean=0.0448) | Viol_Exist(max=2.00, mean=1.0173) | Mu_O(max=1.0) Mu_E(max=1.0) | Lam_O(max=0.00) Lam_E(max=0.00)
  [Outer 10/15] Loss (KL=14.7333, Const=52768.6836) | Viol_Order(max=2.00, mean=0.0380) | Viol_Exist(max=2.00, mean=1.0287) | Mu_O(max=10.6) Mu_E(max=10.6) | Lam_O(max=32.01) Lam_E(max=64.03)
  [Outer 15/15] Loss (KL=24.3049, Const=159690.6719) | Viol_Order(max=1.00, mean=0.0439) | Viol_Exist(max=2.00, mean=1.0228) | Mu_O(max=39.4) Mu_E(max=39.4) | Lam_O(max=127.91) Lam_E(max=255.82)

[Projection Start] Batch: 205, Constraints: 33
  [Outer 01/15] Loss (KL=0.0012, Const=1166.6127) | Viol_Order(max=2.00, mean=0.0452) | Viol_Exist(max=2.00, mean=1.0214) | Mu_O(max=1.0) Mu_E(max=1.0) | Lam_O(max=0.00) Lam_E(max=0.00)
  [Outer 10/15] Loss (KL=14.3517, Const=52336.6094) | Viol_Order(max=3.00, mean=0.0402) | Viol_Exist(max=2.00, mean=1.0284) | Mu_O(max=10.6) Mu_E(max=10.6) | Lam_O(max=36.00) Lam_E(max=64.03)
  [Outer 15/15] Loss (KL=23.3543, Const=157594.3594) | Viol_Order(max=2.00, mean=0.0463) | Viol_Exist(max=2.00, mean=1.0177) | Mu_O(max=39.4) Mu_E(max=39.4) | Lam_O(max=127.91) Lam_E(max=255.82)

[Projection Start] Batch: 205, Constraints: 33
  [Outer 01/15] Loss (KL=0.0007, Const=1161.0183) | Viol_Order(max=1.00, mean=0.0464) | Viol_Exist(max=2.00, mean=1.0158) | Mu_O(max=1.0) Mu_E(max=1.0) | Lam_O(max=0.00) Lam_E(max=0.00)
  [Outer 10/15] Loss (KL=14.1879, Const=51631.6797) | Viol_Order(max=2.00, mean=0.0378) | Viol_Exist(max=2.00, mean=1.0303) | Mu_O(max=10.6) Mu_E(max=10.6) | Lam_O(max=32.01) Lam_E(max=64.03)
  [Outer 15/15] Loss (KL=22.9765, Const=158543.0312) | Viol_Order(max=2.00, mean=0.0479) | Viol_Exist(max=2.00, mean=1.0157) | Mu_O(max=39.4) Mu_E(max=39.4) | Lam_O(max=127.91) Lam_E(max=255.82)

[Projection Start] Batch: 205, Constraints: 33
  [Outer 01/15] Loss (KL=0.0001, Const=1156.2635) | Viol_Order(max=2.00, mean=0.0491) | Viol_Exist(max=2.00, mean=1.0179) | Mu_O(max=1.0) Mu_E(max=1.0) | Lam_O(max=0.00) Lam_E(max=0.00)
  [Outer 10/15] Loss (KL=14.5745, Const=53202.7031) | Viol_Order(max=2.00, mean=0.0395) | Viol_Exist(max=2.00, mean=1.0247) | Mu_O(max=10.6) Mu_E(max=10.6) | Lam_O(max=32.01) Lam_E(max=64.03)
  [Outer 15/15] Loss (KL=23.8853, Const=162814.8281) | Viol_Order(max=1.00, mean=0.0491) | Viol_Exist(max=2.00, mean=1.0167) | Mu_O(max=39.4) Mu_E(max=39.4) | Lam_O(max=127.91) Lam_E(max=255.82)

[Projection Start] Batch: 205, Constraints: 33
  [Outer 01/15] Loss (KL=0.0013, Const=1169.5674) | Viol_Order(max=2.00, mean=0.0488) | Viol_Exist(max=2.00, mean=1.0197) | Mu_O(max=1.0) Mu_E(max=1.0) | Lam_O(max=0.00) Lam_E(max=0.00)
  [Outer 10/15] Loss (KL=13.9465, Const=52292.9609) | Viol_Order(max=2.00, mean=0.0438) | Viol_Exist(max=2.00, mean=1.0210) | Mu_O(max=10.6) Mu_E(max=10.6) | Lam_O(max=32.01) Lam_E(max=64.03)
  [Outer 15/15] Loss (KL=23.3024, Const=160688.5312) | Viol_Order(max=2.00, mean=0.0454) | Viol_Exist(max=2.00, mean=1.0201) | Mu_O(max=39.4) Mu_E(max=39.4) | Lam_O(max=127.91) Lam_E(max=255.82)

[Projection Start] Batch: 205, Constraints: 33
  [Outer 01/15] Loss (KL=0.0007, Const=1164.4189) | Viol_Order(max=2.00, mean=0.0466) | Viol_Exist(max=2.00, mean=1.0188) | Mu_O(max=1.0) Mu_E(max=1.0) | Lam_O(max=0.00) Lam_E(max=0.00)
  [Outer 10/15] Loss (KL=15.1259, Const=51986.5469) | Viol_Order(max=2.00, mean=0.0398) | Viol_Exist(max=2.00, mean=1.0265) | Mu_O(max=10.6) Mu_E(max=10.6) | Lam_O(max=38.20) Lam_E(max=64.03)
  [Outer 15/15] Loss (KL=23.6357, Const=158671.1875) | Viol_Order(max=1.00, mean=0.0498) | Viol_Exist(max=2.00, mean=1.0154) | Mu_O(max=39.4) Mu_E(max=39.4) | Lam_O(max=127.91) Lam_E(max=255.82)

[Projection Start] Batch: 205, Constraints: 33
  [Outer 01/15] Loss (KL=0.0004, Const=1170.9417) | Viol_Order(max=2.00, mean=0.0516) | Viol_Exist(max=2.00, mean=1.0182) | Mu_O(max=1.0) Mu_E(max=1.0) | Lam_O(max=0.00) Lam_E(max=0.00)
  [Outer 10/15] Loss (KL=14.7398, Const=51903.4453) | Viol_Order(max=2.00, mean=0.0414) | Viol_Exist(max=2.00, mean=1.0361) | Mu_O(max=10.6) Mu_E(max=10.6) | Lam_O(max=32.01) Lam_E(max=64.03)
  [Outer 15/15] Loss (KL=24.2776, Const=155358.7812) | Viol_Order(max=2.00, mean=0.0448) | Viol_Exist(max=2.00, mean=1.0225) | Mu_O(max=39.4) Mu_E(max=39.4) | Lam_O(max=127.91) Lam_E(max=255.82)

[Projection Start] Batch: 205, Constraints: 33
  [Outer 01/15] Loss (KL=0.0019, Const=1180.8160) | Viol_Order(max=2.00, mean=0.0460) | Viol_Exist(max=2.00, mean=1.0229) | Mu_O(max=1.0) Mu_E(max=1.0) | Lam_O(max=0.00) Lam_E(max=0.00)
  [Outer 10/15] Loss (KL=15.0522, Const=50487.7656) | Viol_Order(max=2.00, mean=0.0421) | Viol_Exist(max=2.00, mean=1.0312) | Mu_O(max=10.6) Mu_E(max=10.6) | Lam_O(max=32.01) Lam_E(max=64.03)
  [Outer 15/15] Loss (KL=23.7427, Const=157133.6562) | Viol_Order(max=2.00, mean=0.0442) | Viol_Exist(max=2.00, mean=1.0191) | Mu_O(max=39.4) Mu_E(max=39.4) | Lam_O(max=127.91) Lam_E(max=255.82)

[Projection Start] Batch: 205, Constraints: 33
  [Outer 01/15] Loss (KL=0.0005, Const=1171.2175) | Viol_Order(max=2.00, mean=0.0457) | Viol_Exist(max=2.00, mean=1.0220) | Mu_O(max=1.0) Mu_E(max=1.0) | Lam_O(max=0.00) Lam_E(max=0.00)
  [Outer 10/15] Loss (KL=15.0240, Const=51065.2773) | Viol_Order(max=2.00, mean=0.0418) | Viol_Exist(max=2.00, mean=1.0279) | Mu_O(max=10.6) Mu_E(max=10.6) | Lam_O(max=32.01) Lam_E(max=64.03)
  [Outer 15/15] Loss (KL=24.2173, Const=158438.9062) | Viol_Order(max=2.00, mean=0.0488) | Viol_Exist(max=2.00, mean=1.0174) | Mu_O(max=39.4) Mu_E(max=39.4) | Lam_O(max=127.91) Lam_E(max=255.82)

[Projection Start] Batch: 205, Constraints: 33
  [Outer 01/15] Loss (KL=0.0001, Const=1161.0118) | Viol_Order(max=2.00, mean=0.0472) | Viol_Exist(max=2.00, mean=1.0194) | Mu_O(max=1.0) Mu_E(max=1.0) | Lam_O(max=0.00) Lam_E(max=0.00)
  [Outer 10/15] Loss (KL=14.6203, Const=51685.6914) | Viol_Order(max=2.00, mean=0.0402) | Viol_Exist(max=2.00, mean=1.0331) | Mu_O(max=10.6) Mu_E(max=10.6) | Lam_O(max=32.01) Lam_E(max=64.03)
  [Outer 15/15] Loss (KL=23.3299, Const=159067.8438) | Viol_Order(max=1.00, mean=0.0472) | Viol_Exist(max=2.00, mean=1.0166) | Mu_O(max=39.4) Mu_E(max=39.4) | Lam_O(max=127.91) Lam_E(max=255.82)

[Projection Start] Batch: 205, Constraints: 33
  [Outer 01/15] Loss (KL=0.0002, Const=1156.4517) | Viol_Order(max=2.00, mean=0.0483) | Viol_Exist(max=2.00, mean=1.0157) | Mu_O(max=1.0) Mu_E(max=1.0) | Lam_O(max=0.00) Lam_E(max=0.00)
  [Outer 10/15] Loss (KL=15.2969, Const=51003.8867) | Viol_Order(max=2.00, mean=0.0429) | Viol_Exist(max=2.00, mean=1.0257) | Mu_O(max=10.6) Mu_E(max=10.6) | Lam_O(max=32.01) Lam_E(max=64.03)
  [Outer 15/15] Loss (KL=24.1853, Const=158366.7344) | Viol_Order(max=1.00, mean=0.0467) | Viol_Exist(max=2.00, mean=1.0179) | Mu_O(max=39.4) Mu_E(max=39.4) | Lam_O(max=127.91) Lam_E(max=255.82)

[Projection Start] Batch: 205, Constraints: 33
  [Outer 01/15] Loss (KL=0.0007, Const=1161.3740) | Viol_Order(max=1.00, mean=0.0483) | Viol_Exist(max=2.00, mean=1.0176) | Mu_O(max=1.0) Mu_E(max=1.0) | Lam_O(max=0.00) Lam_E(max=0.00)
  [Outer 10/15] Loss (KL=14.0286, Const=51794.3008) | Viol_Order(max=2.00, mean=0.0445) | Viol_Exist(max=2.00, mean=1.0294) | Mu_O(max=10.6) Mu_E(max=10.6) | Lam_O(max=32.01) Lam_E(max=64.03)
  [Outer 15/15] Loss (KL=23.2094, Const=158808.1250) | Viol_Order(max=2.00, mean=0.0442) | Viol_Exist(max=2.00, mean=1.0188) | Mu_O(max=39.4) Mu_E(max=39.4) | Lam_O(max=127.91) Lam_E(max=255.82)

[Projection Start] Batch: 205, Constraints: 33
  [Outer 01/15] Loss (KL=0.0004, Const=1163.2122) | Viol_Order(max=2.00, mean=0.0446) | Viol_Exist(max=2.00, mean=1.0203) | Mu_O(max=1.0) Mu_E(max=1.0) | Lam_O(max=0.00) Lam_E(max=0.00)
  [Outer 10/15] Loss (KL=15.2249, Const=51126.3047) | Viol_Order(max=2.00, mean=0.0404) | Viol_Exist(max=2.00, mean=1.0331) | Mu_O(max=10.6) Mu_E(max=10.6) | Lam_O(max=32.01) Lam_E(max=64.03)
  [Outer 15/15] Loss (KL=22.9755, Const=159895.4062) | Viol_Order(max=2.00, mean=0.0488) | Viol_Exist(max=2.00, mean=1.0213) | Mu_O(max=39.4) Mu_E(max=39.4) | Lam_O(max=127.91) Lam_E(max=255.82)

[Projection Start] Batch: 205, Constraints: 33
  [Outer 01/15] Loss (KL=0.0002, Const=1182.4279) | Viol_Order(max=2.00, mean=0.0500) | Viol_Exist(max=2.00, mean=1.0222) | Mu_O(max=1.0) Mu_E(max=1.0) | Lam_O(max=0.00) Lam_E(max=0.00)
  [Outer 10/15] Loss (KL=14.8802, Const=52089.4766) | Viol_Order(max=3.00, mean=0.0398) | Viol_Exist(max=2.00, mean=1.0328) | Mu_O(max=10.6) Mu_E(max=10.6) | Lam_O(max=32.01) Lam_E(max=64.03)
  [Outer 15/15] Loss (KL=24.3890, Const=159221.3281) | Viol_Order(max=1.00, mean=0.0460) | Viol_Exist(max=2.00, mean=1.0146) | Mu_O(max=39.4) Mu_E(max=39.4) | Lam_O(max=127.91) Lam_E(max=255.82)

[Projection Start] Batch: 205, Constraints: 33
  [Outer 01/15] Loss (KL=0.0007, Const=1149.6206) | Viol_Order(max=1.00, mean=0.0473) | Viol_Exist(max=2.00, mean=1.0137) | Mu_O(max=1.0) Mu_E(max=1.0) | Lam_O(max=0.00) Lam_E(max=0.00)
  [Outer 10/15] Loss (KL=14.5622, Const=51338.5312) | Viol_Order(max=2.00, mean=0.0417) | Viol_Exist(max=2.00, mean=1.0309) | Mu_O(max=10.6) Mu_E(max=10.6) | Lam_O(max=32.01) Lam_E(max=64.03)
  [Outer 15/15] Loss (KL=24.0500, Const=157802.6875) | Viol_Order(max=2.00, mean=0.0451) | Viol_Exist(max=2.00, mean=1.0174) | Mu_O(max=39.4) Mu_E(max=39.4) | Lam_O(max=127.91) Lam_E(max=255.82)

[Projection Start] Batch: 205, Constraints: 33
  [Outer 01/15] Loss (KL=0.0002, Const=1147.7712) | Viol_Order(max=1.00, mean=0.0448) | Viol_Exist(max=2.00, mean=1.0183) | Mu_O(max=1.0) Mu_E(max=1.0) | Lam_O(max=0.00) Lam_E(max=0.00)
  [Outer 10/15] Loss (KL=14.4737, Const=50200.6719) | Viol_Order(max=2.00, mean=0.0402) | Viol_Exist(max=2.00, mean=1.0272) | Mu_O(max=10.6) Mu_E(max=10.6) | Lam_O(max=32.01) Lam_E(max=64.03)
  [Outer 15/15] Loss (KL=24.2071, Const=154773.7188) | Viol_Order(max=2.00, mean=0.0452) | Viol_Exist(max=2.00, mean=1.0186) | Mu_O(max=39.4) Mu_E(max=39.4) | Lam_O(max=127.91) Lam_E(max=255.82)

[Projection Start] Batch: 205, Constraints: 33
  [Outer 01/15] Loss (KL=0.0045, Const=1157.3701) | Viol_Order(max=2.00, mean=0.0448) | Viol_Exist(max=2.00, mean=1.0200) | Mu_O(max=1.0) Mu_E(max=1.0) | Lam_O(max=0.00) Lam_E(max=0.00)
  [Outer 10/15] Loss (KL=14.5302, Const=51875.2383) | Viol_Order(max=1.00, mean=0.0392) | Viol_Exist(max=2.00, mean=1.0299) | Mu_O(max=10.6) Mu_E(max=10.6) | Lam_O(max=32.01) Lam_E(max=64.03)
  [Outer 15/15] Loss (KL=23.8268, Const=156346.5625) | Viol_Order(max=2.00, mean=0.0451) | Viol_Exist(max=2.00, mean=1.0174) | Mu_O(max=39.4) Mu_E(max=39.4) | Lam_O(max=127.91) Lam_E(max=255.82)

[Projection Start] Batch: 205, Constraints: 33
  [Outer 01/15] Loss (KL=0.0003, Const=1155.7745) | Viol_Order(max=2.00, mean=0.0455) | Viol_Exist(max=2.00, mean=1.0192) | Mu_O(max=1.0) Mu_E(max=1.0) | Lam_O(max=0.00) Lam_E(max=0.00)
  [Outer 10/15] Loss (KL=15.1818, Const=51119.5898) | Viol_Order(max=2.00, mean=0.0407) | Viol_Exist(max=2.00, mean=1.0287) | Mu_O(max=10.6) Mu_E(max=10.6) | Lam_O(max=36.84) Lam_E(max=64.03)
  [Outer 15/15] Loss (KL=24.2923, Const=157461.5312) | Viol_Order(max=2.00, mean=0.0513) | Viol_Exist(max=2.00, mean=1.0140) | Mu_O(max=39.4) Mu_E(max=39.4) | Lam_O(max=127.91) Lam_E(max=255.82)

[Projection Start] Batch: 205, Constraints: 33
  [Outer 01/15] Loss (KL=0.0004, Const=1155.2230) | Viol_Order(max=2.00, mean=0.0520) | Viol_Exist(max=2.00, mean=1.0148) | Mu_O(max=1.0) Mu_E(max=1.0) | Lam_O(max=0.00) Lam_E(max=0.00)
  [Outer 10/15] Loss (KL=14.9535, Const=50632.5547) | Viol_Order(max=1.00, mean=0.0411) | Viol_Exist(max=2.00, mean=1.0259) | Mu_O(max=10.6) Mu_E(max=10.6) | Lam_O(max=32.01) Lam_E(max=64.03)
  [Outer 15/15] Loss (KL=24.3159, Const=157017.6562) | Viol_Order(max=2.00, mean=0.0473) | Viol_Exist(max=2.00, mean=1.0174) | Mu_O(max=39.4) Mu_E(max=39.4) | Lam_O(max=127.91) Lam_E(max=255.82)

[Projection Start] Batch: 205, Constraints: 33
  [Outer 01/15] Loss (KL=0.0008, Const=1163.9437) | Viol_Order(max=2.00, mean=0.0469) | Viol_Exist(max=2.00, mean=1.0203) | Mu_O(max=1.0) Mu_E(max=1.0) | Lam_O(max=0.00) Lam_E(max=0.00)
  [Outer 10/15] Loss (KL=14.9028, Const=51377.5078) | Viol_Order(max=2.00, mean=0.0409) | Viol_Exist(max=2.00, mean=1.0297) | Mu_O(max=10.6) Mu_E(max=10.6) | Lam_O(max=32.01) Lam_E(max=64.03)
  [Outer 15/15] Loss (KL=24.5144, Const=157730.1094) | Viol_Order(max=1.00, mean=0.0457) | Viol_Exist(max=2.00, mean=1.0103) | Mu_O(max=39.4) Mu_E(max=39.4) | Lam_O(max=127.91) Lam_E(max=255.82)

[Projection Start] Batch: 205, Constraints: 33
  [Outer 01/15] Loss (KL=0.0001, Const=1139.9805) | Viol_Order(max=2.00, mean=0.0461) | Viol_Exist(max=2.00, mean=1.0121) | Mu_O(max=1.0) Mu_E(max=1.0) | Lam_O(max=0.00) Lam_E(max=0.00)
  [Outer 10/15] Loss (KL=14.5135, Const=50935.4648) | Viol_Order(max=1.00, mean=0.0426) | Viol_Exist(max=2.00, mean=1.0229) | Mu_O(max=10.6) Mu_E(max=10.6) | Lam_O(max=32.01) Lam_E(max=64.03)
  [Outer 15/15] Loss (KL=24.2346, Const=155380.3750) | Viol_Order(max=1.00, mean=0.0460) | Viol_Exist(max=2.00, mean=1.0210) | Mu_O(max=39.4) Mu_E(max=39.4) | Lam_O(max=127.91) Lam_E(max=255.82)

[Projection Start] Batch: 205, Constraints: 33
  [Outer 01/15] Loss (KL=0.0001, Const=1157.7742) | Viol_Order(max=2.00, mean=0.0452) | Viol_Exist(max=2.00, mean=1.0197) | Mu_O(max=1.0) Mu_E(max=1.0) | Lam_O(max=0.00) Lam_E(max=0.00)
  [Outer 10/15] Loss (KL=15.4996, Const=50777.8086) | Viol_Order(max=2.00, mean=0.0438) | Viol_Exist(max=2.00, mean=1.0284) | Mu_O(max=10.6) Mu_E(max=10.6) | Lam_O(max=32.01) Lam_E(max=64.03)
  [Outer 15/15] Loss (KL=23.8248, Const=154258.9844) | Viol_Order(max=2.00, mean=0.0500) | Viol_Exist(max=2.00, mean=1.0179) | Mu_O(max=39.4) Mu_E(max=39.4) | Lam_O(max=127.91) Lam_E(max=255.82)

[Projection Start] Batch: 205, Constraints: 33
  [Outer 01/15] Loss (KL=0.0002, Const=1164.1539) | Viol_Order(max=2.00, mean=0.0486) | Viol_Exist(max=2.00, mean=1.0200) | Mu_O(max=1.0) Mu_E(max=1.0) | Lam_O(max=0.00) Lam_E(max=0.00)
  [Outer 10/15] Loss (KL=15.8211, Const=49950.3672) | Viol_Order(max=2.00, mean=0.0469) | Viol_Exist(max=2.00, mean=1.0219) | Mu_O(max=10.6) Mu_E(max=10.6) | Lam_O(max=32.01) Lam_E(max=64.03)
  [Outer 15/15] Loss (KL=23.3628, Const=154412.9062) | Viol_Order(max=1.00, mean=0.0451) | Viol_Exist(max=2.00, mean=1.0164) | Mu_O(max=39.4) Mu_E(max=39.4) | Lam_O(max=127.91) Lam_E(max=255.82)

[Projection Start] Batch: 205, Constraints: 33
  [Outer 01/15] Loss (KL=0.0003, Const=1157.4863) | Viol_Order(max=2.00, mean=0.0449) | Viol_Exist(max=2.00, mean=1.0205) | Mu_O(max=1.0) Mu_E(max=1.0) | Lam_O(max=0.00) Lam_E(max=0.00)
  [Outer 10/15] Loss (KL=15.3449, Const=51659.1680) | Viol_Order(max=1.00, mean=0.0383) | Viol_Exist(max=2.00, mean=1.0285) | Mu_O(max=10.6) Mu_E(max=10.6) | Lam_O(max=32.01) Lam_E(max=64.03)
  [Outer 15/15] Loss (KL=22.9839, Const=159072.5781) | Viol_Order(max=2.00, mean=0.0475) | Viol_Exist(max=2.00, mean=1.0204) | Mu_O(max=39.4) Mu_E(max=39.4) | Lam_O(max=127.91) Lam_E(max=255.82)

[Projection Start] Batch: 205, Constraints: 33
  [Outer 01/15] Loss (KL=0.0001, Const=1166.3400) | Viol_Order(max=2.00, mean=0.0485) | Viol_Exist(max=2.00, mean=1.0186) | Mu_O(max=1.0) Mu_E(max=1.0) | Lam_O(max=0.00) Lam_E(max=0.00)
  [Outer 10/15] Loss (KL=14.6548, Const=51330.8281) | Viol_Order(max=1.00, mean=0.0411) | Viol_Exist(max=2.00, mean=1.0271) | Mu_O(max=10.6) Mu_E(max=10.6) | Lam_O(max=32.01) Lam_E(max=64.03)
  [Outer 15/15] Loss (KL=23.6179, Const=157709.0938) | Viol_Order(max=1.00, mean=0.0463) | Viol_Exist(max=2.00, mean=1.0151) | Mu_O(max=39.4) Mu_E(max=39.4) | Lam_O(max=127.91) Lam_E(max=255.82)

[Projection Start] Batch: 205, Constraints: 33
  [Outer 01/15] Loss (KL=0.0007, Const=1158.9487) | Viol_Order(max=2.00, mean=0.0476) | Viol_Exist(max=2.00, mean=1.0177) | Mu_O(max=1.0) Mu_E(max=1.0) | Lam_O(max=0.00) Lam_E(max=0.00)
  [Outer 10/15] Loss (KL=14.8619, Const=50786.6797) | Viol_Order(max=2.00, mean=0.0390) | Viol_Exist(max=2.00, mean=1.0253) | Mu_O(max=10.6) Mu_E(max=10.6) | Lam_O(max=44.16) Lam_E(max=64.03)
  [Outer 15/15] Loss (KL=24.8818, Const=155831.5625) | Viol_Order(max=1.00, mean=0.0458) | Viol_Exist(max=2.00, mean=1.0152) | Mu_O(max=39.4) Mu_E(max=39.4) | Lam_O(max=127.91) Lam_E(max=255.82)

[Projection Start] Batch: 205, Constraints: 33
  [Outer 01/15] Loss (KL=0.0002, Const=1135.2021) | Viol_Order(max=1.00, mean=0.0464) | Viol_Exist(max=2.00, mean=1.0140) | Mu_O(max=1.0) Mu_E(max=1.0) | Lam_O(max=0.00) Lam_E(max=0.00)
  [Outer 10/15] Loss (KL=15.3321, Const=50610.7969) | Viol_Order(max=1.00, mean=0.0380) | Viol_Exist(max=2.00, mean=1.0235) | Mu_O(max=10.6) Mu_E(max=10.6) | Lam_O(max=32.01) Lam_E(max=64.03)
  [Outer 15/15] Loss (KL=24.0946, Const=157366.8438) | Viol_Order(max=1.00, mean=0.0455) | Viol_Exist(max=2.00, mean=1.0176) | Mu_O(max=39.4) Mu_E(max=39.4) | Lam_O(max=127.91) Lam_E(max=255.82)

[Projection Start] Batch: 205, Constraints: 33
  [Outer 01/15] Loss (KL=0.0002, Const=1152.5989) | Viol_Order(max=2.00, mean=0.0461) | Viol_Exist(max=2.00, mean=1.0185) | Mu_O(max=1.0) Mu_E(max=1.0) | Lam_O(max=0.00) Lam_E(max=0.00)
  [Outer 10/15] Loss (KL=15.4306, Const=50300.6641) | Viol_Order(max=2.00, mean=0.0395) | Viol_Exist(max=2.00, mean=1.0347) | Mu_O(max=10.6) Mu_E(max=10.6) | Lam_O(max=32.01) Lam_E(max=64.03)
  [Outer 15/15] Loss (KL=24.2324, Const=155552.5312) | Viol_Order(max=2.00, mean=0.0466) | Viol_Exist(max=2.00, mean=1.0143) | Mu_O(max=39.4) Mu_E(max=39.4) | Lam_O(max=127.91) Lam_E(max=255.82)

[Projection Start] Batch: 205, Constraints: 33
  [Outer 01/15] Loss (KL=0.0002, Const=1151.6687) | Viol_Order(max=2.00, mean=0.0463) | Viol_Exist(max=2.00, mean=1.0174) | Mu_O(max=1.0) Mu_E(max=1.0) | Lam_O(max=0.00) Lam_E(max=0.00)
  [Outer 10/15] Loss (KL=14.1547, Const=51328.8516) | Viol_Order(max=2.00, mean=0.0381) | Viol_Exist(max=2.00, mean=1.0299) | Mu_O(max=10.6) Mu_E(max=10.6) | Lam_O(max=32.01) Lam_E(max=64.03)
  [Outer 15/15] Loss (KL=24.6228, Const=155523.3906) | Viol_Order(max=3.00, mean=0.0443) | Viol_Exist(max=2.00, mean=1.0195) | Mu_O(max=39.4) Mu_E(max=39.4) | Lam_O(max=127.91) Lam_E(max=255.82)

[Projection Start] Batch: 205, Constraints: 33
  [Outer 01/15] Loss (KL=0.0001, Const=1155.1501) | Viol_Order(max=2.00, mean=0.0452) | Viol_Exist(max=2.00, mean=1.0176) | Mu_O(max=1.0) Mu_E(max=1.0) | Lam_O(max=0.00) Lam_E(max=0.00)
  [Outer 10/15] Loss (KL=15.3664, Const=50606.7656) | Viol_Order(max=2.00, mean=0.0417) | Viol_Exist(max=2.00, mean=1.0296) | Mu_O(max=10.6) Mu_E(max=10.6) | Lam_O(max=32.01) Lam_E(max=64.03)
  [Outer 15/15] Loss (KL=25.0477, Const=153942.5469) | Viol_Order(max=1.00, mean=0.0449) | Viol_Exist(max=2.00, mean=1.0163) | Mu_O(max=39.4) Mu_E(max=39.4) | Lam_O(max=127.91) Lam_E(max=255.82)

[Projection Start] Batch: 205, Constraints: 33
  [Outer 01/15] Loss (KL=0.0005, Const=1129.3625) | Viol_Order(max=1.00, mean=0.0454) | Viol_Exist(max=2.00, mean=1.0149) | Mu_O(max=1.0) Mu_E(max=1.0) | Lam_O(max=0.00) Lam_E(max=0.00)
  [Outer 10/15] Loss (KL=14.4795, Const=50293.7109) | Viol_Order(max=2.00, mean=0.0381) | Viol_Exist(max=2.00, mean=1.0254) | Mu_O(max=10.6) Mu_E(max=10.6) | Lam_O(max=32.01) Lam_E(max=64.03)
  [Outer 15/15] Loss (KL=24.0709, Const=152504.7188) | Viol_Order(max=2.00, mean=0.0486) | Viol_Exist(max=2.00, mean=1.0170) | Mu_O(max=39.4) Mu_E(max=39.4) | Lam_O(max=127.91) Lam_E(max=255.82)

[Projection Start] Batch: 205, Constraints: 33
  [Outer 01/15] Loss (KL=0.0004, Const=1149.8223) | Viol_Order(max=2.00, mean=0.0491) | Viol_Exist(max=2.00, mean=1.0166) | Mu_O(max=1.0) Mu_E(max=1.0) | Lam_O(max=0.00) Lam_E(max=0.00)
  [Outer 10/15] Loss (KL=15.5549, Const=49747.0781) | Viol_Order(max=2.00, mean=0.0399) | Viol_Exist(max=2.00, mean=1.0214) | Mu_O(max=10.6) Mu_E(max=10.6) | Lam_O(max=32.01) Lam_E(max=64.03)
  [Outer 15/15] Loss (KL=24.6355, Const=153916.0781) | Viol_Order(max=2.00, mean=0.0430) | Viol_Exist(max=2.00, mean=1.0169) | Mu_O(max=39.4) Mu_E(max=39.4) | Lam_O(max=127.91) Lam_E(max=255.82)

[Projection Start] Batch: 205, Constraints: 33
  [Outer 01/15] Loss (KL=0.0003, Const=1122.1096) | Viol_Order(max=1.00, mean=0.0435) | Viol_Exist(max=2.00, mean=1.0136) | Mu_O(max=1.0) Mu_E(max=1.0) | Lam_O(max=0.00) Lam_E(max=0.00)
  [Outer 10/15] Loss (KL=15.0954, Const=50074.2344) | Viol_Order(max=1.00, mean=0.0371) | Viol_Exist(max=2.00, mean=1.0208) | Mu_O(max=10.6) Mu_E(max=10.6) | Lam_O(max=32.01) Lam_E(max=64.03)
  [Outer 15/15] Loss (KL=23.1219, Const=154101.2500) | Viol_Order(max=2.00, mean=0.0446) | Viol_Exist(max=2.00, mean=1.0210) | Mu_O(max=39.4) Mu_E(max=39.4) | Lam_O(max=127.91) Lam_E(max=255.82)

[Projection Start] Batch: 205, Constraints: 33
  [Outer 01/15] Loss (KL=0.0025, Const=1154.2761) | Viol_Order(max=2.00, mean=0.0466) | Viol_Exist(max=2.00, mean=1.0180) | Mu_O(max=1.0) Mu_E(max=1.0) | Lam_O(max=0.00) Lam_E(max=0.00)
  [Outer 10/15] Loss (KL=15.8597, Const=48691.2656) | Viol_Order(max=2.00, mean=0.0429) | Viol_Exist(max=2.00, mean=1.0245) | Mu_O(max=10.6) Mu_E(max=10.6) | Lam_O(max=32.01) Lam_E(max=64.03)
  [Outer 15/15] Loss (KL=23.9079, Const=151566.8750) | Viol_Order(max=2.00, mean=0.0498) | Viol_Exist(max=2.00, mean=1.0152) | Mu_O(max=39.4) Mu_E(max=39.4) | Lam_O(max=127.91) Lam_E(max=255.82)

[Projection Start] Batch: 205, Constraints: 33
  [Outer 01/15] Loss (KL=0.0002, Const=1169.5737) | Viol_Order(max=2.00, mean=0.0501) | Viol_Exist(max=2.00, mean=1.0185) | Mu_O(max=1.0) Mu_E(max=1.0) | Lam_O(max=0.00) Lam_E(max=0.00)
  [Outer 10/15] Loss (KL=15.4838, Const=48924.0820) | Viol_Order(max=2.00, mean=0.0399) | Viol_Exist(max=2.00, mean=1.0269) | Mu_O(max=10.6) Mu_E(max=10.6) | Lam_O(max=41.06) Lam_E(max=64.03)
  [Outer 15/15] Loss (KL=23.7285, Const=154364.6250) | Viol_Order(max=1.00, mean=0.0439) | Viol_Exist(max=2.00, mean=1.0163) | Mu_O(max=39.4) Mu_E(max=39.4) | Lam_O(max=127.91) Lam_E(max=255.82)

[Projection Start] Batch: 205, Constraints: 33
  [Outer 01/15] Loss (KL=0.0005, Const=1142.4485) | Viol_Order(max=2.00, mean=0.0445) | Viol_Exist(max=2.00, mean=1.0179) | Mu_O(max=1.0) Mu_E(max=1.0) | Lam_O(max=0.00) Lam_E(max=0.00)
  [Outer 10/15] Loss (KL=15.0060, Const=50300.7031) | Viol_Order(max=2.00, mean=0.0412) | Viol_Exist(max=2.00, mean=1.0203) | Mu_O(max=10.6) Mu_E(max=10.6) | Lam_O(max=32.01) Lam_E(max=64.03)
  [Outer 15/15] Loss (KL=22.6045, Const=156624.9062) | Viol_Order(max=1.00, mean=0.0458) | Viol_Exist(max=2.00, mean=1.0151) | Mu_O(max=39.4) Mu_E(max=39.4) | Lam_O(max=127.91) Lam_E(max=255.82)

[Projection Start] Batch: 205, Constraints: 33
  [Outer 01/15] Loss (KL=0.0003, Const=1142.5261) | Viol_Order(max=2.00, mean=0.0454) | Viol_Exist(max=2.00, mean=1.0180) | Mu_O(max=1.0) Mu_E(max=1.0) | Lam_O(max=0.00) Lam_E(max=0.00)
  [Outer 10/15] Loss (KL=14.7085, Const=49747.3125) | Viol_Order(max=2.00, mean=0.0384) | Viol_Exist(max=2.00, mean=1.0242) | Mu_O(max=10.6) Mu_E(max=10.6) | Lam_O(max=32.01) Lam_E(max=64.03)
  [Outer 15/15] Loss (KL=23.2154, Const=154974.1406) | Viol_Order(max=2.00, mean=0.0473) | Viol_Exist(max=2.00, mean=1.0115) | Mu_O(max=39.4) Mu_E(max=39.4) | Lam_O(max=127.91) Lam_E(max=255.82)

[Projection Start] Batch: 205, Constraints: 33
  [Outer 01/15] Loss (KL=0.0003, Const=1117.4340) | Viol_Order(max=1.00, mean=0.0463) | Viol_Exist(max=2.00, mean=1.0127) | Mu_O(max=1.0) Mu_E(max=1.0) | Lam_O(max=0.00) Lam_E(max=0.00)
  [Outer 10/15] Loss (KL=15.4324, Const=49303.2578) | Viol_Order(max=2.00, mean=0.0393) | Viol_Exist(max=2.00, mean=1.0251) | Mu_O(max=10.6) Mu_E(max=10.6) | Lam_O(max=32.01) Lam_E(max=64.03)
  [Outer 15/15] Loss (KL=22.7865, Const=155501.7344) | Viol_Order(max=2.00, mean=0.0426) | Viol_Exist(max=2.00, mean=1.0191) | Mu_O(max=39.4) Mu_E(max=39.4) | Lam_O(max=127.91) Lam_E(max=255.82)

[Projection Start] Batch: 205, Constraints: 33
  [Outer 01/15] Loss (KL=0.0003, Const=1134.5403) | Viol_Order(max=2.00, mean=0.0438) | Viol_Exist(max=2.00, mean=1.0177) | Mu_O(max=1.0) Mu_E(max=1.0) | Lam_O(max=0.00) Lam_E(max=0.00)
  [Outer 10/15] Loss (KL=14.6800, Const=50545.0469) | Viol_Order(max=1.00, mean=0.0405) | Viol_Exist(max=2.00, mean=1.0222) | Mu_O(max=10.6) Mu_E(max=10.6) | Lam_O(max=32.01) Lam_E(max=64.03)
  [Outer 15/15] Loss (KL=23.4965, Const=155128.6406) | Viol_Order(max=2.00, mean=0.0463) | Viol_Exist(max=2.00, mean=1.0182) | Mu_O(max=39.4) Mu_E(max=39.4) | Lam_O(max=127.91) Lam_E(max=255.82)

[Projection Start] Batch: 205, Constraints: 33
  [Outer 01/15] Loss (KL=0.0004, Const=1148.8450) | Viol_Order(max=2.00, mean=0.0472) | Viol_Exist(max=2.00, mean=1.0189) | Mu_O(max=1.0) Mu_E(max=1.0) | Lam_O(max=0.00) Lam_E(max=0.00)
  [Outer 10/15] Loss (KL=15.2559, Const=49417.2422) | Viol_Order(max=2.00, mean=0.0378) | Viol_Exist(max=2.00, mean=1.0248) | Mu_O(max=10.6) Mu_E(max=10.6) | Lam_O(max=32.01) Lam_E(max=64.03)
  [Outer 15/15] Loss (KL=23.4297, Const=154683.4688) | Viol_Order(max=2.00, mean=0.0479) | Viol_Exist(max=2.00, mean=1.0139) | Mu_O(max=39.4) Mu_E(max=39.4) | Lam_O(max=127.91) Lam_E(max=255.82)

[Projection Start] Batch: 205, Constraints: 33
  [Outer 01/15] Loss (KL=0.0003, Const=1143.1277) | Viol_Order(max=2.00, mean=0.0483) | Viol_Exist(max=2.00, mean=1.0145) | Mu_O(max=1.0) Mu_E(max=1.0) | Lam_O(max=0.00) Lam_E(max=0.00)
  [Outer 10/15] Loss (KL=15.4166, Const=49235.3047) | Viol_Order(max=2.00, mean=0.0408) | Viol_Exist(max=2.00, mean=1.0242) | Mu_O(max=10.6) Mu_E(max=10.6) | Lam_O(max=32.01) Lam_E(max=64.03)
  [Outer 15/15] Loss (KL=23.4766, Const=154337.9062) | Viol_Order(max=2.00, mean=0.0438) | Viol_Exist(max=2.00, mean=1.0176) | Mu_O(max=39.4) Mu_E(max=39.4) | Lam_O(max=127.91) Lam_E(max=255.82)

[Projection Start] Batch: 205, Constraints: 33
  [Outer 01/15] Loss (KL=0.0003, Const=1121.9799) | Viol_Order(max=2.00, mean=0.0446) | Viol_Exist(max=2.00, mean=1.0198) | Mu_O(max=1.0) Mu_E(max=1.0) | Lam_O(max=0.00) Lam_E(max=0.00)
  [Outer 10/15] Loss (KL=16.2764, Const=46901.9297) | Viol_Order(max=2.00, mean=0.0466) | Viol_Exist(max=2.00, mean=1.0228) | Mu_O(max=10.6) Mu_E(max=10.6) | Lam_O(max=32.01) Lam_E(max=64.03)
  [Outer 15/15] Loss (KL=25.7246, Const=144095.3750) | Viol_Order(max=2.00, mean=0.0545) | Viol_Exist(max=2.00, mean=1.0177) | Mu_O(max=39.4) Mu_E(max=39.4) | Lam_O(max=127.91) Lam_E(max=255.82)
[DEBUG][shape] time torch.Size([205, 13])
[DEBUG][shape] mask torch.Size([205, 13])
[DEBUG][shape] tau  torch.Size([205, 13])
[DEBUG][shape] cond1 torch.Size([205, 13])
[DEBUG][shape] unpadded_length torch.Size([205]) 12
[DEBUG][shape] content_token torch.Size([205, 27])
[GPU 0] Saved part file to ./data/Istanbul_PO1_OOD/Istanbul_PO1_OOD_ublj731x_generated_part0.pkl
