/opt/conda/envs/marionette/lib/python3.10/site-packages/lightning_fabric/__init__.py:29: UserWarning: pkg_resources is deprecated as an API. See https://setuptools.pypa.io/en/latest/pkg_resources.html. The pkg_resources package is slated for removal as early as 2025-11-30. Refrain from using this package or pin to Setuptools<81.
  __import__("pkg_resources").declare_namespace(__name__)
[DEBUG] Force updated projector.projection_existence_weight to 0.8
[DEBUG] sample.py forced use_constraint_projection=True
[DEBUG] projection params: {'freq': 2, 'tau': 0.0, 'lambda_init': 0.0, 'mu_init': 1.0, 'mu_alpha': 1.3, 'mu_max': 1000.0, 'outer_iterations': 20, 'inner_iterations': 25, 'eta': 0.15, 'delta_tol': 1e-08, 'projection_existence_weight': 0.8, 'use_gumbel_softmax': True, 'gumbel_temperature': 1.0, 'mu': 1.0}
[GPU 3] Processing 1195 sequences (Range: 3594 -> 4789)
po_matrix shape: torch.Size([512, 9, 9]) sum0: 26.0
tau before cond_encoder: torch.Size([512, 15]) time: torch.Size([512, 15])
tau after  cond_encoder: torch.Size([512, 15]) time: torch.Size([512, 15])

[Projection Start] Batch: 512, Constraints: 34
  [Outer 01/20] Loss (KL=1.9245, Const=6648.4556) | Viol_Order(max=1.00, mean=0.0013) | Viol_Exist(max=2.00, mean=1.8350) | Mu_O(max=1.0) Mu_E(max=1.0) | Lam_O(max=0.00) Lam_E(max=0.00)
  [Outer 10/20] Loss (KL=48.4375, Const=108944.9531) | Viol_Order(max=3.00, mean=0.0714) | Viol_Exist(max=2.00, mean=1.1107) | Mu_O(max=10.6) Mu_E(max=10.6) | Lam_O(max=33.31) Lam_E(max=64.03)
  [Outer 20/20] Loss (KL=71.5925, Const=1055821.2500) | Viol_Order(max=2.00, mean=0.0655) | Viol_Exist(max=2.00, mean=1.1105) | Mu_O(max=112.5) Mu_E(max=146.2) | Lam_O(max=375.40) Lam_E(max=967.95)

[Projection Start] Batch: 512, Constraints: 34
  [Outer 01/20] Loss (KL=2.5080, Const=5316.0850) | Viol_Order(max=3.00, mean=0.0044) | Viol_Exist(max=2.00, mean=1.7591) | Mu_O(max=1.0) Mu_E(max=1.0) | Lam_O(max=0.00) Lam_E(max=0.00)
  [Outer 10/20] Loss (KL=46.6357, Const=109224.8828) | Viol_Order(max=2.00, mean=0.0673) | Viol_Exist(max=2.00, mean=1.1110) | Mu_O(max=10.6) Mu_E(max=10.6) | Lam_O(max=33.70) Lam_E(max=64.03)
  [Outer 20/20] Loss (KL=68.2553, Const=1053128.0000) | Viol_Order(max=1.00, mean=0.0643) | Viol_Exist(max=2.00, mean=1.1057) | Mu_O(max=112.5) Mu_E(max=146.2) | Lam_O(max=378.89) Lam_E(max=967.95)

[Projection Start] Batch: 512, Constraints: 34
  [Outer 01/20] Loss (KL=2.6803, Const=4929.2246) | Viol_Order(max=2.00, mean=0.0084) | Viol_Exist(max=2.00, mean=1.7123) | Mu_O(max=1.0) Mu_E(max=1.0) | Lam_O(max=0.00) Lam_E(max=0.00)
  [Outer 10/20] Loss (KL=44.7165, Const=110545.0703) | Viol_Order(max=2.00, mean=0.0690) | Viol_Exist(max=2.00, mean=1.1096) | Mu_O(max=10.6) Mu_E(max=10.6) | Lam_O(max=35.90) Lam_E(max=64.03)
  [Outer 20/20] Loss (KL=66.0665, Const=1085193.2500) | Viol_Order(max=2.00, mean=0.0605) | Viol_Exist(max=2.00, mean=1.1093) | Mu_O(max=146.2) Mu_E(max=146.2) | Lam_O(max=487.86) Lam_E(max=967.95)

[Projection Start] Batch: 512, Constraints: 34
  [Outer 01/20] Loss (KL=2.7171, Const=4740.6616) | Viol_Order(max=4.00, mean=0.0098) | Viol_Exist(max=2.00, mean=1.7050) | Mu_O(max=1.0) Mu_E(max=1.0) | Lam_O(max=0.00) Lam_E(max=0.00)
  [Outer 10/20] Loss (KL=42.6754, Const=113271.3984) | Viol_Order(max=3.00, mean=0.0635) | Viol_Exist(max=2.00, mean=1.1159) | Mu_O(max=10.6) Mu_E(max=10.6) | Lam_O(max=33.31) Lam_E(max=64.03)
  [Outer 20/20] Loss (KL=63.7107, Const=1157825.5000) | Viol_Order(max=2.00, mean=0.0588) | Viol_Exist(max=2.00, mean=1.1155) | Mu_O(max=146.2) Mu_E(max=146.2) | Lam_O(max=484.97) Lam_E(max=967.95)

[Projection Start] Batch: 512, Constraints: 34
  [Outer 01/20] Loss (KL=2.6349, Const=4361.0928) | Viol_Order(max=4.00, mean=0.0115) | Viol_Exist(max=2.00, mean=1.6649) | Mu_O(max=1.0) Mu_E(max=1.0) | Lam_O(max=0.00) Lam_E(max=0.00)
  [Outer 10/20] Loss (KL=41.3082, Const=113317.2969) | Viol_Order(max=2.00, mean=0.0657) | Viol_Exist(max=2.00, mean=1.1135) | Mu_O(max=10.6) Mu_E(max=10.6) | Lam_O(max=37.20) Lam_E(max=64.03)
  [Outer 20/20] Loss (KL=61.2540, Const=1142586.6250) | Viol_Order(max=1.00, mean=0.0580) | Viol_Exist(max=2.00, mean=1.1155) | Mu_O(max=146.2) Mu_E(max=146.2) | Lam_O(max=489.16) Lam_E(max=967.95)

[Projection Start] Batch: 512, Constraints: 34
  [Outer 01/20] Loss (KL=2.6231, Const=4364.9912) | Viol_Order(max=4.00, mean=0.0145) | Viol_Exist(max=2.00, mean=1.6456) | Mu_O(max=1.0) Mu_E(max=1.0) | Lam_O(max=0.00) Lam_E(max=0.00)
  [Outer 10/20] Loss (KL=39.5597, Const=112903.5312) | Viol_Order(max=2.00, mean=0.0593) | Viol_Exist(max=2.00, mean=1.1125) | Mu_O(max=10.6) Mu_E(max=10.6) | Lam_O(max=44.33) Lam_E(max=64.03)
  [Outer 20/20] Loss (KL=59.1404, Const=1138247.7500) | Viol_Order(max=2.00, mean=0.0579) | Viol_Exist(max=2.00, mean=1.1135) | Mu_O(max=146.2) Mu_E(max=146.2) | Lam_O(max=487.96) Lam_E(max=967.95)

[Projection Start] Batch: 512, Constraints: 34
  [Outer 01/20] Loss (KL=2.5391, Const=4222.8521) | Viol_Order(max=6.00, mean=0.0152) | Viol_Exist(max=2.00, mean=1.6174) | Mu_O(max=1.0) Mu_E(max=1.0) | Lam_O(max=0.00) Lam_E(max=0.00)
  [Outer 10/20] Loss (KL=37.4753, Const=116491.5234) | Viol_Order(max=2.00, mean=0.0609) | Viol_Exist(max=2.00, mean=1.1179) | Mu_O(max=10.6) Mu_E(max=10.6) | Lam_O(max=33.70) Lam_E(max=64.03)
  [Outer 20/20] Loss (KL=56.5184, Const=1209476.6250) | Viol_Order(max=1.00, mean=0.0568) | Viol_Exist(max=2.00, mean=1.1181) | Mu_O(max=146.2) Mu_E(max=146.2) | Lam_O(max=485.66) Lam_E(max=967.95)

[Projection Start] Batch: 512, Constraints: 34
  [Outer 01/20] Loss (KL=2.4155, Const=4128.8115) | Viol_Order(max=6.00, mean=0.0195) | Viol_Exist(max=2.00, mean=1.5875) | Mu_O(max=1.0) Mu_E(max=1.0) | Lam_O(max=0.00) Lam_E(max=0.00)
  [Outer 10/20] Loss (KL=35.5348, Const=117443.0781) | Viol_Order(max=2.00, mean=0.0611) | Viol_Exist(max=2.00, mean=1.1179) | Mu_O(max=10.6) Mu_E(max=10.6) | Lam_O(max=35.00) Lam_E(max=64.03)
  [Outer 20/20] Loss (KL=53.2476, Const=1244304.0000) | Viol_Order(max=2.00, mean=0.0562) | Viol_Exist(max=2.00, mean=1.1218) | Mu_O(max=146.2) Mu_E(max=146.2) | Lam_O(max=486.96) Lam_E(max=967.95)

[Projection Start] Batch: 512, Constraints: 34
  [Outer 01/20] Loss (KL=2.3933, Const=4187.9629) | Viol_Order(max=4.00, mean=0.0219) | Viol_Exist(max=2.00, mean=1.5456) | Mu_O(max=1.0) Mu_E(max=1.0) | Lam_O(max=0.00) Lam_E(max=0.00)
  [Outer 10/20] Loss (KL=33.4423, Const=119418.3125) | Viol_Order(max=2.00, mean=0.0574) | Viol_Exist(max=2.00, mean=1.1195) | Mu_O(max=10.6) Mu_E(max=10.6) | Lam_O(max=35.00) Lam_E(max=64.03)
  [Outer 20/20] Loss (KL=50.5293, Const=1293247.6250) | Viol_Order(max=2.00, mean=0.0559) | Viol_Exist(max=2.00, mean=1.1205) | Mu_O(max=146.2) Mu_E(max=146.2) | Lam_O(max=486.96) Lam_E(max=967.95)

[Projection Start] Batch: 512, Constraints: 34
  [Outer 01/20] Loss (KL=2.2643, Const=4075.7126) | Viol_Order(max=4.00, mean=0.0277) | Viol_Exist(max=2.00, mean=1.5223) | Mu_O(max=1.0) Mu_E(max=1.0) | Lam_O(max=0.00) Lam_E(max=0.00)
  [Outer 10/20] Loss (KL=31.3525, Const=122125.0156) | Viol_Order(max=2.00, mean=0.0587) | Viol_Exist(max=2.00, mean=1.1197) | Mu_O(max=10.6) Mu_E(max=10.6) | Lam_O(max=38.86) Lam_E(max=64.03)
  [Outer 20/20] Loss (KL=48.2660, Const=1327888.5000) | Viol_Order(max=1.00, mean=0.0582) | Viol_Exist(max=2.00, mean=1.1233) | Mu_O(max=146.2) Mu_E(max=146.2) | Lam_O(max=490.82) Lam_E(max=967.95)

[Projection Start] Batch: 512, Constraints: 34
  [Outer 01/20] Loss (KL=2.1933, Const=4061.1289) | Viol_Order(max=4.00, mean=0.0315) | Viol_Exist(max=2.00, mean=1.4969) | Mu_O(max=1.0) Mu_E(max=1.0) | Lam_O(max=0.00) Lam_E(max=0.00)
  [Outer 10/20] Loss (KL=29.8006, Const=125475.4688) | Viol_Order(max=2.00, mean=0.0567) | Viol_Exist(max=2.00, mean=1.1268) | Mu_O(max=10.6) Mu_E(max=10.6) | Lam_O(max=39.20) Lam_E(max=64.03)
  [Outer 20/20] Loss (KL=46.0870, Const=1384736.6250) | Viol_Order(max=1.00, mean=0.0574) | Viol_Exist(max=2.00, mean=1.1243) | Mu_O(max=146.2) Mu_E(max=146.2) | Lam_O(max=491.16) Lam_E(max=967.95)

[Projection Start] Batch: 512, Constraints: 34
  [Outer 01/20] Loss (KL=2.0180, Const=3934.3481) | Viol_Order(max=4.00, mean=0.0339) | Viol_Exist(max=2.00, mean=1.4670) | Mu_O(max=1.0) Mu_E(max=1.0) | Lam_O(max=0.00) Lam_E(max=0.00)
  [Outer 10/20] Loss (KL=27.4064, Const=130008.4766) | Viol_Order(max=2.00, mean=0.0592) | Viol_Exist(max=2.00, mean=1.1288) | Mu_O(max=10.6) Mu_E(max=10.6) | Lam_O(max=41.06) Lam_E(max=64.03)
  [Outer 20/20] Loss (KL=42.8965, Const=1467654.7500) | Viol_Order(max=2.00, mean=0.0572) | Viol_Exist(max=2.00, mean=1.1349) | Mu_O(max=146.2) Mu_E(max=146.2) | Lam_O(max=488.96) Lam_E(max=967.95)

[Projection Start] Batch: 512, Constraints: 34
  [Outer 01/20] Loss (KL=1.9337, Const=3880.0278) | Viol_Order(max=4.00, mean=0.0415) | Viol_Exist(max=2.00, mean=1.4014) | Mu_O(max=1.0) Mu_E(max=1.0) | Lam_O(max=0.00) Lam_E(max=0.00)
  [Outer 10/20] Loss (KL=25.6933, Const=134102.0312) | Viol_Order(max=2.00, mean=0.0561) | Viol_Exist(max=2.00, mean=1.1344) | Mu_O(max=10.6) Mu_E(max=10.6) | Lam_O(max=36.00) Lam_E(max=64.03)
  [Outer 20/20] Loss (KL=40.1254, Const=1537648.7500) | Viol_Order(max=1.00, mean=0.0519) | Viol_Exist(max=2.00, mean=1.1376) | Mu_O(max=146.2) Mu_E(max=146.2) | Lam_O(max=487.96) Lam_E(max=967.95)

[Projection Start] Batch: 512, Constraints: 34
  [Outer 01/20] Loss (KL=1.7804, Const=3776.2664) | Viol_Order(max=4.00, mean=0.0414) | Viol_Exist(max=2.00, mean=1.3659) | Mu_O(max=1.0) Mu_E(max=1.0) | Lam_O(max=0.00) Lam_E(max=0.00)
  [Outer 10/20] Loss (KL=24.1856, Const=130768.4453) | Viol_Order(max=2.00, mean=0.0551) | Viol_Exist(max=2.00, mean=1.1296) | Mu_O(max=10.6) Mu_E(max=10.6) | Lam_O(max=35.31) Lam_E(max=64.03)
  [Outer 20/20] Loss (KL=37.3580, Const=1510315.0000) | Viol_Order(max=1.00, mean=0.0520) | Viol_Exist(max=2.00, mean=1.1366) | Mu_O(max=146.2) Mu_E(max=146.2) | Lam_O(max=486.96) Lam_E(max=967.95)

[Projection Start] Batch: 512, Constraints: 34
  [Outer 01/20] Loss (KL=1.7204, Const=3914.3877) | Viol_Order(max=3.00, mean=0.0495) | Viol_Exist(max=2.00, mean=1.3461) | Mu_O(max=1.0) Mu_E(max=1.0) | Lam_O(max=0.00) Lam_E(max=0.00)
  [Outer 10/20] Loss (KL=22.2037, Const=141211.7500) | Viol_Order(max=2.00, mean=0.0533) | Viol_Exist(max=2.00, mean=1.1349) | Mu_O(max=10.6) Mu_E(max=10.6) | Lam_O(max=34.31) Lam_E(max=64.03)
  [Outer 20/20] Loss (KL=34.8821, Const=1683539.7500) | Viol_Order(max=2.00, mean=0.0531) | Viol_Exist(max=2.00, mean=1.1453) | Mu_O(max=146.2) Mu_E(max=146.2) | Lam_O(max=486.27) Lam_E(max=967.95)

[Projection Start] Batch: 512, Constraints: 34
  [Outer 01/20] Loss (KL=1.5078, Const=3797.2151) | Viol_Order(max=4.00, mean=0.0479) | Viol_Exist(max=2.00, mean=1.3151) | Mu_O(max=1.0) Mu_E(max=1.0) | Lam_O(max=0.00) Lam_E(max=0.00)
  [Outer 10/20] Loss (KL=20.2051, Const=142519.7344) | Viol_Order(max=2.00, mean=0.0497) | Viol_Exist(max=2.00, mean=1.1424) | Mu_O(max=10.6) Mu_E(max=10.6) | Lam_O(max=36.00) Lam_E(max=64.03)
  [Outer 20/20] Loss (KL=32.2310, Const=1707368.5000) | Viol_Order(max=2.00, mean=0.0549) | Viol_Exist(max=2.00, mean=1.1417) | Mu_O(max=146.2) Mu_E(max=146.2) | Lam_O(max=487.96) Lam_E(max=967.95)

[Projection Start] Batch: 512, Constraints: 34
  [Outer 01/20] Loss (KL=1.3875, Const=3753.5903) | Viol_Order(max=4.00, mean=0.0528) | Viol_Exist(max=2.00, mean=1.3020) | Mu_O(max=1.0) Mu_E(max=1.0) | Lam_O(max=0.00) Lam_E(max=0.00)
  [Outer 10/20] Loss (KL=18.8032, Const=147556.6250) | Viol_Order(max=2.00, mean=0.0505) | Viol_Exist(max=2.00, mean=1.1486) | Mu_O(max=10.6) Mu_E(max=10.6) | Lam_O(max=35.01) Lam_E(max=64.03)
  [Outer 20/20] Loss (KL=30.9197, Const=1784697.1250) | Viol_Order(max=2.00, mean=0.0535) | Viol_Exist(max=2.00, mean=1.1438) | Mu_O(max=146.2) Mu_E(max=146.2) | Lam_O(max=486.96) Lam_E(max=967.95)

[Projection Start] Batch: 512, Constraints: 34
  [Outer 01/20] Loss (KL=1.2364, Const=3708.0425) | Viol_Order(max=3.00, mean=0.0590) | Viol_Exist(max=2.00, mean=1.2657) | Mu_O(max=1.0) Mu_E(max=1.0) | Lam_O(max=0.00) Lam_E(max=0.00)
  [Outer 10/20] Loss (KL=16.4056, Const=153503.4062) | Viol_Order(max=2.00, mean=0.0510) | Viol_Exist(max=2.00, mean=1.1476) | Mu_O(max=10.6) Mu_E(max=10.6) | Lam_O(max=33.70) Lam_E(max=64.03)
  [Outer 20/20] Loss (KL=26.6046, Const=1907970.5000) | Viol_Order(max=1.00, mean=0.0522) | Viol_Exist(max=2.00, mean=1.1471) | Mu_O(max=146.2) Mu_E(max=146.2) | Lam_O(max=485.66) Lam_E(max=967.95)

[Projection Start] Batch: 512, Constraints: 34
  [Outer 01/20] Loss (KL=1.0606, Const=3693.0576) | Viol_Order(max=4.00, mean=0.0632) | Viol_Exist(max=2.00, mean=1.2550) | Mu_O(max=1.0) Mu_E(max=1.0) | Lam_O(max=0.00) Lam_E(max=0.00)
  [Outer 10/20] Loss (KL=15.1773, Const=156114.4844) | Viol_Order(max=2.00, mean=0.0497) | Viol_Exist(max=2.00, mean=1.1483) | Mu_O(max=10.6) Mu_E(max=10.6) | Lam_O(max=33.01) Lam_E(max=64.03)
  [Outer 20/20] Loss (KL=24.2258, Const=1965137.0000) | Viol_Order(max=1.00, mean=0.0510) | Viol_Exist(max=2.00, mean=1.1503) | Mu_O(max=146.2) Mu_E(max=146.2) | Lam_O(max=484.97) Lam_E(max=967.95)

[Projection Start] Batch: 512, Constraints: 34
  [Outer 01/20] Loss (KL=0.9245, Const=3551.3391) | Viol_Order(max=3.00, mean=0.0607) | Viol_Exist(max=2.00, mean=1.2275) | Mu_O(max=1.0) Mu_E(max=1.0) | Lam_O(max=0.00) Lam_E(max=0.00)
  [Outer 10/20] Loss (KL=12.7708, Const=159844.8125) | Viol_Order(max=2.00, mean=0.0479) | Viol_Exist(max=2.00, mean=1.1491) | Mu_O(max=10.6) Mu_E(max=10.6) | Lam_O(max=37.07) Lam_E(max=64.03)
  [Outer 20/20] Loss (KL=21.4752, Const=2042632.2500) | Viol_Order(max=1.00, mean=0.0480) | Viol_Exist(max=2.00, mean=1.1504) | Mu_O(max=146.2) Mu_E(max=146.2) | Lam_O(max=489.03) Lam_E(max=967.95)

[Projection Start] Batch: 512, Constraints: 34
  [Outer 01/20] Loss (KL=0.7784, Const=3447.5420) | Viol_Order(max=5.00, mean=0.0672) | Viol_Exist(max=2.00, mean=1.2105) | Mu_O(max=1.0) Mu_E(max=1.0) | Lam_O(max=0.00) Lam_E(max=0.00)
  [Outer 10/20] Loss (KL=10.8687, Const=168971.4844) | Viol_Order(max=2.00, mean=0.0493) | Viol_Exist(max=2.00, mean=1.1541) | Mu_O(max=10.6) Mu_E(max=10.6) | Lam_O(max=36.00) Lam_E(max=64.03)
  [Outer 20/20] Loss (KL=18.4777, Const=2201925.5000) | Viol_Order(max=2.00, mean=0.0502) | Viol_Exist(max=2.00, mean=1.1539) | Mu_O(max=146.2) Mu_E(max=146.2) | Lam_O(max=487.96) Lam_E(max=967.95)

[Projection Start] Batch: 512, Constraints: 34
  [Outer 01/20] Loss (KL=0.6153, Const=3513.0740) | Viol_Order(max=5.00, mean=0.0690) | Viol_Exist(max=2.00, mean=1.1984) | Mu_O(max=1.0) Mu_E(max=1.0) | Lam_O(max=0.00) Lam_E(max=0.00)
  [Outer 10/20] Loss (KL=9.3262, Const=177950.2656) | Viol_Order(max=1.00, mean=0.0454) | Viol_Exist(max=2.00, mean=1.1578) | Mu_O(max=10.6) Mu_E(max=10.6) | Lam_O(max=38.07) Lam_E(max=64.03)
  [Outer 20/20] Loss (KL=15.9301, Const=2386680.7500) | Viol_Order(max=1.00, mean=0.0433) | Viol_Exist(max=2.00, mean=1.1643) | Mu_O(max=146.2) Mu_E(max=146.2) | Lam_O(max=490.03) Lam_E(max=967.95)

[Projection Start] Batch: 512, Constraints: 34
  [Outer 01/20] Loss (KL=0.4487, Const=3387.1123) | Viol_Order(max=4.00, mean=0.0641) | Viol_Exist(max=2.00, mean=1.1863) | Mu_O(max=1.0) Mu_E(max=1.0) | Lam_O(max=0.00) Lam_E(max=0.00)
  [Outer 10/20] Loss (KL=7.2163, Const=185718.1562) | Viol_Order(max=2.00, mean=0.0405) | Viol_Exist(max=2.00, mean=1.1648) | Mu_O(max=10.6) Mu_E(max=10.6) | Lam_O(max=38.20) Lam_E(max=64.03)
  [Outer 20/20] Loss (KL=12.2120, Const=2527739.0000) | Viol_Order(max=1.00, mean=0.0416) | Viol_Exist(max=2.00, mean=1.1657) | Mu_O(max=146.2) Mu_E(max=146.2) | Lam_O(max=490.16) Lam_E(max=967.95)

[Projection Start] Batch: 512, Constraints: 34
  [Outer 01/20] Loss (KL=0.2866, Const=3317.1982) | Viol_Order(max=6.00, mean=0.0626) | Viol_Exist(max=2.00, mean=1.1761) | Mu_O(max=1.0) Mu_E(max=1.0) | Lam_O(max=0.00) Lam_E(max=0.00)
  [Outer 10/20] Loss (KL=5.3920, Const=195139.3125) | Viol_Order(max=2.00, mean=0.0406) | Viol_Exist(max=2.00, mean=1.1687) | Mu_O(max=10.6) Mu_E(max=10.6) | Lam_O(max=36.00) Lam_E(max=64.03)
  [Outer 20/20] Loss (KL=9.0424, Const=2719587.5000) | Viol_Order(max=1.00, mean=0.0437) | Viol_Exist(max=2.00, mean=1.1647) | Mu_O(max=146.2) Mu_E(max=146.2) | Lam_O(max=487.96) Lam_E(max=967.95)

[Projection Start] Batch: 512, Constraints: 34
  [Outer 01/20] Loss (KL=0.1199, Const=3317.8960) | Viol_Order(max=4.00, mean=0.0623) | Viol_Exist(max=2.00, mean=1.1679) | Mu_O(max=1.0) Mu_E(max=1.0) | Lam_O(max=0.00) Lam_E(max=0.00)
  [Outer 10/20] Loss (KL=3.6416, Const=206110.3906) | Viol_Order(max=2.00, mean=0.0388) | Viol_Exist(max=2.00, mean=1.1707) | Mu_O(max=10.6) Mu_E(max=10.6) | Lam_O(max=34.31) Lam_E(max=64.03)
  [Outer 20/20] Loss (KL=6.2185, Const=2933216.0000) | Viol_Order(max=1.00, mean=0.0362) | Viol_Exist(max=2.00, mean=1.1750) | Mu_O(max=146.2) Mu_E(max=146.2) | Lam_O(max=486.27) Lam_E(max=967.95)

[Projection Start] Batch: 512, Constraints: 34
  [Outer 01/20] Loss (KL=0.0000, Const=3347.4292) | Viol_Order(max=4.00, mean=0.0541) | Viol_Exist(max=2.00, mean=1.1654) | Mu_O(max=1.0) Mu_E(max=1.0) | Lam_O(max=0.00) Lam_E(max=0.00)
  [Outer 10/20] Loss (KL=1.6683, Const=232826.2344) | Viol_Order(max=2.00, mean=0.0370) | Viol_Exist(max=2.00, mean=1.1800) | Mu_O(max=10.6) Mu_E(max=10.6) | Lam_O(max=103.59) Lam_E(max=64.03)
  [Outer 20/20] Loss (KL=7.7627, Const=3181606.5000) | Viol_Order(max=2.00, mean=0.0237) | Viol_Exist(max=2.00, mean=1.1936) | Mu_O(max=146.2) Mu_E(max=146.2) | Lam_O(max=558.30) Lam_E(max=967.95)

[Projection Start] Batch: 512, Constraints: 34
  [Outer 01/20] Loss (KL=0.0000, Const=3371.0171) | Viol_Order(max=5.00, mean=0.0442) | Viol_Exist(max=2.00, mean=1.1796) | Mu_O(max=1.0) Mu_E(max=1.0) | Lam_O(max=0.00) Lam_E(max=0.00)
  [Outer 10/20] Loss (KL=1.1959, Const=237989.3125) | Viol_Order(max=3.00, mean=0.0317) | Viol_Exist(max=2.00, mean=1.1881) | Mu_O(max=10.6) Mu_E(max=10.6) | Lam_O(max=81.61) Lam_E(max=64.03)
  [Outer 20/20] Loss (KL=5.4429, Const=3332141.0000) | Viol_Order(max=2.00, mean=0.0207) | Viol_Exist(max=2.00, mean=1.1977) | Mu_O(max=146.2) Mu_E(max=146.2) | Lam_O(max=611.89) Lam_E(max=967.95)

[Projection Start] Batch: 512, Constraints: 34
  [Outer 01/20] Loss (KL=0.0000, Const=3383.3789) | Viol_Order(max=4.00, mean=0.0367) | Viol_Exist(max=2.00, mean=1.1889) | Mu_O(max=1.0) Mu_E(max=1.0) | Lam_O(max=0.00) Lam_E(max=0.00)
  [Outer 10/20] Loss (KL=1.0001, Const=239645.3125) | Viol_Order(max=2.00, mean=0.0259) | Viol_Exist(max=2.00, mean=1.1957) | Mu_O(max=10.6) Mu_E(max=10.6) | Lam_O(max=96.04) Lam_E(max=64.03)
  [Outer 20/20] Loss (KL=4.6241, Const=3400266.0000) | Viol_Order(max=2.00, mean=0.0194) | Viol_Exist(max=2.00, mean=1.1993) | Mu_O(max=146.2) Mu_E(max=146.2) | Lam_O(max=558.30) Lam_E(max=967.95)

[Projection Start] Batch: 512, Constraints: 34
  [Outer 01/20] Loss (KL=0.0000, Const=3313.0269) | Viol_Order(max=4.00, mean=0.0317) | Viol_Exist(max=2.00, mean=1.1911) | Mu_O(max=1.0) Mu_E(max=1.0) | Lam_O(max=0.00) Lam_E(max=0.00)
  [Outer 10/20] Loss (KL=0.8259, Const=236793.0938) | Viol_Order(max=2.00, mean=0.0219) | Viol_Exist(max=2.00, mean=1.1981) | Mu_O(max=10.6) Mu_E(max=10.6) | Lam_O(max=67.18) Lam_E(max=64.03)
  [Outer 20/20] Loss (KL=4.1297, Const=3400543.2500) | Viol_Order(max=1.00, mean=0.0187) | Viol_Exist(max=2.00, mean=1.2008) | Mu_O(max=146.2) Mu_E(max=146.2) | Lam_O(max=581.60) Lam_E(max=967.95)

[Projection Start] Batch: 512, Constraints: 34
  [Outer 01/20] Loss (KL=0.0000, Const=3301.5728) | Viol_Order(max=4.00, mean=0.0288) | Viol_Exist(max=2.00, mean=1.1938) | Mu_O(max=1.0) Mu_E(max=1.0) | Lam_O(max=0.00) Lam_E(max=0.00)
  [Outer 10/20] Loss (KL=0.7386, Const=238663.0938) | Viol_Order(max=2.00, mean=0.0210) | Viol_Exist(max=2.00, mean=1.1997) | Mu_O(max=10.6) Mu_E(max=10.6) | Lam_O(max=82.88) Lam_E(max=64.03)
  [Outer 20/20] Loss (KL=3.8856, Const=3426709.0000) | Viol_Order(max=2.00, mean=0.0169) | Viol_Exist(max=2.00, mean=1.2017) | Mu_O(max=146.2) Mu_E(max=146.2) | Lam_O(max=651.26) Lam_E(max=967.95)

[Projection Start] Batch: 512, Constraints: 34
  [Outer 01/20] Loss (KL=0.0000, Const=3337.6238) | Viol_Order(max=4.00, mean=0.0279) | Viol_Exist(max=2.00, mean=1.1964) | Mu_O(max=1.0) Mu_E(max=1.0) | Lam_O(max=0.00) Lam_E(max=0.00)
  [Outer 10/20] Loss (KL=0.7275, Const=239195.7969) | Viol_Order(max=2.00, mean=0.0196) | Viol_Exist(max=2.00, mean=1.2014) | Mu_O(max=10.6) Mu_E(max=10.6) | Lam_O(max=81.61) Lam_E(max=64.03)
  [Outer 20/20] Loss (KL=3.3797, Const=3458465.7500) | Viol_Order(max=2.00, mean=0.0163) | Viol_Exist(max=2.00, mean=1.2024) | Mu_O(max=146.2) Mu_E(max=146.2) | Lam_O(max=599.18) Lam_E(max=967.95)

[Projection Start] Batch: 512, Constraints: 34
  [Outer 01/20] Loss (KL=0.0000, Const=3279.3855) | Viol_Order(max=3.00, mean=0.0259) | Viol_Exist(max=2.00, mean=1.1953) | Mu_O(max=1.0) Mu_E(max=1.0) | Lam_O(max=0.00) Lam_E(max=0.00)
  [Outer 10/20] Loss (KL=0.4920, Const=239316.8438) | Viol_Order(max=3.00, mean=0.0215) | Viol_Exist(max=2.00, mean=1.1981) | Mu_O(max=10.6) Mu_E(max=10.6) | Lam_O(max=65.30) Lam_E(max=64.03)
  [Outer 20/20] Loss (KL=2.9549, Const=3442708.5000) | Viol_Order(max=2.00, mean=0.0167) | Viol_Exist(max=2.00, mean=1.2000) | Mu_O(max=146.2) Mu_E(max=146.2) | Lam_O(max=581.60) Lam_E(max=967.95)

[Projection Start] Batch: 512, Constraints: 34
  [Outer 01/20] Loss (KL=0.0000, Const=3277.9336) | Viol_Order(max=4.00, mean=0.0250) | Viol_Exist(max=2.00, mean=1.1953) | Mu_O(max=1.0) Mu_E(max=1.0) | Lam_O(max=0.00) Lam_E(max=0.00)
  [Outer 10/20] Loss (KL=0.4295, Const=238550.7031) | Viol_Order(max=2.00, mean=0.0191) | Viol_Exist(max=2.00, mean=1.1998) | Mu_O(max=10.6) Mu_E(max=10.6) | Lam_O(max=96.04) Lam_E(max=64.03)
  [Outer 20/20] Loss (KL=3.8007, Const=3427131.0000) | Viol_Order(max=1.00, mean=0.0152) | Viol_Exist(max=2.00, mean=1.2003) | Mu_O(max=146.2) Mu_E(max=146.2) | Lam_O(max=581.60) Lam_E(max=967.95)

[Projection Start] Batch: 512, Constraints: 34
  [Outer 01/20] Loss (KL=0.0006, Const=3293.7749) | Viol_Order(max=4.00, mean=0.0238) | Viol_Exist(max=2.00, mean=1.1961) | Mu_O(max=1.0) Mu_E(max=1.0) | Lam_O(max=0.00) Lam_E(max=0.00)
  [Outer 10/20] Loss (KL=0.5713, Const=238244.4531) | Viol_Order(max=3.00, mean=0.0179) | Viol_Exist(max=2.00, mean=1.1999) | Mu_O(max=10.6) Mu_E(max=10.6) | Lam_O(max=96.04) Lam_E(max=64.03)
  [Outer 20/20] Loss (KL=2.6595, Const=3447276.5000) | Viol_Order(max=2.00, mean=0.0145) | Viol_Exist(max=2.00, mean=1.2006) | Mu_O(max=146.2) Mu_E(max=146.2) | Lam_O(max=581.60) Lam_E(max=967.95)

[Projection Start] Batch: 512, Constraints: 34
  [Outer 01/20] Loss (KL=0.0000, Const=3271.2468) | Viol_Order(max=5.00, mean=0.0220) | Viol_Exist(max=2.00, mean=1.1963) | Mu_O(max=1.0) Mu_E(max=1.0) | Lam_O(max=0.00) Lam_E(max=0.00)
  [Outer 10/20] Loss (KL=0.4540, Const=238314.0000) | Viol_Order(max=2.00, mean=0.0180) | Viol_Exist(max=2.00, mean=1.1985) | Mu_O(max=10.6) Mu_E(max=10.6) | Lam_O(max=87.89) Lam_E(max=64.03)
  [Outer 20/20] Loss (KL=2.2624, Const=3448582.5000) | Viol_Order(max=2.00, mean=0.0153) | Viol_Exist(max=2.00, mean=1.1990) | Mu_O(max=146.2) Mu_E(max=146.2) | Lam_O(max=611.89) Lam_E(max=967.95)

[Projection Start] Batch: 512, Constraints: 34
  [Outer 01/20] Loss (KL=0.0000, Const=3237.7119) | Viol_Order(max=4.00, mean=0.0211) | Viol_Exist(max=2.00, mean=1.1955) | Mu_O(max=1.0) Mu_E(max=1.0) | Lam_O(max=0.00) Lam_E(max=0.00)
  [Outer 10/20] Loss (KL=0.4633, Const=236397.7812) | Viol_Order(max=2.00, mean=0.0165) | Viol_Exist(max=2.00, mean=1.1988) | Mu_O(max=10.6) Mu_E(max=10.6) | Lam_O(max=71.57) Lam_E(max=64.03)
  [Outer 20/20] Loss (KL=2.0976, Const=3444790.0000) | Viol_Order(max=2.00, mean=0.0148) | Viol_Exist(max=2.00, mean=1.1983) | Mu_O(max=146.2) Mu_E(max=146.2) | Lam_O(max=581.60) Lam_E(max=967.95)

[Projection Start] Batch: 512, Constraints: 34
  [Outer 01/20] Loss (KL=0.0004, Const=3214.4614) | Viol_Order(max=4.00, mean=0.0196) | Viol_Exist(max=2.00, mean=1.1951) | Mu_O(max=1.0) Mu_E(max=1.0) | Lam_O(max=0.00) Lam_E(max=0.00)
  [Outer 10/20] Loss (KL=0.3495, Const=235740.7812) | Viol_Order(max=2.00, mean=0.0165) | Viol_Exist(max=2.00, mean=1.1971) | Mu_O(max=10.6) Mu_E(max=10.6) | Lam_O(max=87.89) Lam_E(max=64.03)
  [Outer 20/20] Loss (KL=2.5094, Const=3430590.5000) | Viol_Order(max=2.00, mean=0.0145) | Viol_Exist(max=2.00, mean=1.1989) | Mu_O(max=146.2) Mu_E(max=146.2) | Lam_O(max=611.89) Lam_E(max=967.95)

[Projection Start] Batch: 512, Constraints: 34
  [Outer 01/20] Loss (KL=0.0004, Const=3217.7874) | Viol_Order(max=2.00, mean=0.0200) | Viol_Exist(max=2.00, mean=1.1959) | Mu_O(max=1.0) Mu_E(max=1.0) | Lam_O(max=0.00) Lam_E(max=0.00)
  [Outer 10/20] Loss (KL=0.3566, Const=236644.9375) | Viol_Order(max=2.00, mean=0.0172) | Viol_Exist(max=2.00, mean=1.1969) | Mu_O(max=10.6) Mu_E(max=10.6) | Lam_O(max=64.03) Lam_E(max=64.03)
  [Outer 20/20] Loss (KL=1.9545, Const=3447826.2500) | Viol_Order(max=2.00, mean=0.0135) | Viol_Exist(max=2.00, mean=1.1996) | Mu_O(max=146.2) Mu_E(max=146.2) | Lam_O(max=581.60) Lam_E(max=967.95)

[Projection Start] Batch: 512, Constraints: 34
  [Outer 01/20] Loss (KL=0.0008, Const=3210.5471) | Viol_Order(max=3.00, mean=0.0185) | Viol_Exist(max=2.00, mean=1.1970) | Mu_O(max=1.0) Mu_E(max=1.0) | Lam_O(max=0.00) Lam_E(max=0.00)
  [Outer 10/20] Loss (KL=0.2881, Const=236619.9688) | Viol_Order(max=3.00, mean=0.0159) | Viol_Exist(max=2.00, mean=1.1989) | Mu_O(max=10.6) Mu_E(max=10.6) | Lam_O(max=96.04) Lam_E(max=64.03)
  [Outer 20/20] Loss (KL=2.5575, Const=3449575.2500) | Viol_Order(max=2.00, mean=0.0138) | Viol_Exist(max=2.00, mean=1.1994) | Mu_O(max=146.2) Mu_E(max=146.2) | Lam_O(max=651.26) Lam_E(max=967.95)

[Projection Start] Batch: 512, Constraints: 34
  [Outer 01/20] Loss (KL=0.0000, Const=3196.1052) | Viol_Order(max=2.00, mean=0.0183) | Viol_Exist(max=2.00, mean=1.1959) | Mu_O(max=1.0) Mu_E(max=1.0) | Lam_O(max=0.00) Lam_E(max=0.00)
  [Outer 10/20] Loss (KL=0.2344, Const=236153.2031) | Viol_Order(max=2.00, mean=0.0160) | Viol_Exist(max=2.00, mean=1.1978) | Mu_O(max=10.6) Mu_E(max=10.6) | Lam_O(max=64.03) Lam_E(max=64.03)
  [Outer 20/20] Loss (KL=2.3142, Const=3445152.0000) | Viol_Order(max=2.00, mean=0.0130) | Viol_Exist(max=2.00, mean=1.1988) | Mu_O(max=146.2) Mu_E(max=146.2) | Lam_O(max=558.30) Lam_E(max=967.95)

[Projection Start] Batch: 512, Constraints: 34
  [Outer 01/20] Loss (KL=0.0000, Const=3177.2578) | Viol_Order(max=3.00, mean=0.0171) | Viol_Exist(max=2.00, mean=1.1958) | Mu_O(max=1.0) Mu_E(max=1.0) | Lam_O(max=0.00) Lam_E(max=0.00)
  [Outer 10/20] Loss (KL=0.2192, Const=235251.5469) | Viol_Order(max=2.00, mean=0.0153) | Viol_Exist(max=2.00, mean=1.1972) | Mu_O(max=10.6) Mu_E(max=10.6) | Lam_O(max=73.46) Lam_E(max=64.03)
  [Outer 20/20] Loss (KL=2.0123, Const=3435827.0000) | Viol_Order(max=2.00, mean=0.0134) | Viol_Exist(max=2.00, mean=1.1985) | Mu_O(max=146.2) Mu_E(max=146.2) | Lam_O(max=540.38) Lam_E(max=967.95)

[Projection Start] Batch: 512, Constraints: 34
  [Outer 01/20] Loss (KL=0.0002, Const=3190.2122) | Viol_Order(max=2.00, mean=0.0182) | Viol_Exist(max=2.00, mean=1.1957) | Mu_O(max=1.0) Mu_E(max=1.0) | Lam_O(max=0.00) Lam_E(max=0.00)
  [Outer 10/20] Loss (KL=0.2888, Const=235092.7344) | Viol_Order(max=2.00, mean=0.0159) | Viol_Exist(max=2.00, mean=1.1970) | Mu_O(max=10.6) Mu_E(max=10.6) | Lam_O(max=64.03) Lam_E(max=64.03)
  [Outer 20/20] Loss (KL=1.5401, Const=3443128.0000) | Viol_Order(max=2.00, mean=0.0140) | Viol_Exist(max=2.00, mean=1.1981) | Mu_O(max=146.2) Mu_E(max=146.2) | Lam_O(max=581.60) Lam_E(max=967.95)

[Projection Start] Batch: 512, Constraints: 34
  [Outer 01/20] Loss (KL=0.0000, Const=3189.0957) | Viol_Order(max=3.00, mean=0.0173) | Viol_Exist(max=2.00, mean=1.1967) | Mu_O(max=1.0) Mu_E(max=1.0) | Lam_O(max=0.00) Lam_E(max=0.00)
  [Outer 10/20] Loss (KL=0.1838, Const=235578.8125) | Viol_Order(max=2.00, mean=0.0155) | Viol_Exist(max=2.00, mean=1.1973) | Mu_O(max=10.6) Mu_E(max=10.6) | Lam_O(max=64.03) Lam_E(max=64.03)
  [Outer 20/20] Loss (KL=2.3942, Const=3444314.0000) | Viol_Order(max=2.00, mean=0.0126) | Viol_Exist(max=2.00, mean=1.2001) | Mu_O(max=146.2) Mu_E(max=146.2) | Lam_O(max=581.60) Lam_E(max=967.95)

[Projection Start] Batch: 512, Constraints: 34
  [Outer 01/20] Loss (KL=0.0000, Const=3202.7578) | Viol_Order(max=4.00, mean=0.0168) | Viol_Exist(max=2.00, mean=1.1982) | Mu_O(max=1.0) Mu_E(max=1.0) | Lam_O(max=0.00) Lam_E(max=0.00)
  [Outer 10/20] Loss (KL=0.1972, Const=236474.0156) | Viol_Order(max=2.00, mean=0.0148) | Viol_Exist(max=2.00, mean=1.1992) | Mu_O(max=10.6) Mu_E(max=10.6) | Lam_O(max=66.95) Lam_E(max=64.03)
  [Outer 20/20] Loss (KL=1.3791, Const=3471387.7500) | Viol_Order(max=4.00, mean=0.0128) | Viol_Exist(max=2.00, mean=1.2000) | Mu_O(max=146.2) Mu_E(max=146.2) | Lam_O(max=558.30) Lam_E(max=967.95)

[Projection Start] Batch: 512, Constraints: 34
  [Outer 01/20] Loss (KL=0.0017, Const=3202.1729) | Viol_Order(max=4.00, mean=0.0162) | Viol_Exist(max=2.00, mean=1.1985) | Mu_O(max=1.0) Mu_E(max=1.0) | Lam_O(max=0.00) Lam_E(max=0.00)
  [Outer 10/20] Loss (KL=0.2586, Const=236486.0469) | Viol_Order(max=2.00, mean=0.0143) | Viol_Exist(max=2.00, mean=1.1994) | Mu_O(max=10.6) Mu_E(max=10.6) | Lam_O(max=128.06) Lam_E(max=64.03)
  [Outer 20/20] Loss (KL=1.8302, Const=3470471.0000) | Viol_Order(max=1.00, mean=0.0121) | Viol_Exist(max=2.00, mean=1.2014) | Mu_O(max=146.2) Mu_E(max=146.2) | Lam_O(max=540.38) Lam_E(max=967.95)

[Projection Start] Batch: 512, Constraints: 34
  [Outer 01/20] Loss (KL=0.0000, Const=3200.6125) | Viol_Order(max=3.00, mean=0.0149) | Viol_Exist(max=2.00, mean=1.2001) | Mu_O(max=1.0) Mu_E(max=1.0) | Lam_O(max=0.00) Lam_E(max=0.00)
  [Outer 10/20] Loss (KL=0.2075, Const=236574.2500) | Viol_Order(max=2.00, mean=0.0130) | Viol_Exist(max=2.00, mean=1.2021) | Mu_O(max=10.6) Mu_E(max=10.6) | Lam_O(max=96.04) Lam_E(max=64.03)
  [Outer 20/20] Loss (KL=1.9796, Const=3464498.0000) | Viol_Order(max=2.00, mean=0.0121) | Viol_Exist(max=2.00, mean=1.2009) | Mu_O(max=146.2) Mu_E(max=146.2) | Lam_O(max=515.99) Lam_E(max=967.95)

[Projection Start] Batch: 512, Constraints: 34
  [Outer 01/20] Loss (KL=0.0000, Const=3187.2703) | Viol_Order(max=4.00, mean=0.0152) | Viol_Exist(max=2.00, mean=1.1980) | Mu_O(max=1.0) Mu_E(max=1.0) | Lam_O(max=0.00) Lam_E(max=0.00)
  [Outer 10/20] Loss (KL=0.1827, Const=235522.3906) | Viol_Order(max=2.00, mean=0.0134) | Viol_Exist(max=2.00, mean=1.1994) | Mu_O(max=10.6) Mu_E(max=10.6) | Lam_O(max=89.54) Lam_E(max=64.03)
  [Outer 20/20] Loss (KL=1.2184, Const=3469097.2500) | Viol_Order(max=3.00, mean=0.0130) | Viol_Exist(max=2.00, mean=1.1989) | Mu_O(max=146.2) Mu_E(max=146.2) | Lam_O(max=611.89) Lam_E(max=967.95)

[Projection Start] Batch: 512, Constraints: 34
  [Outer 01/20] Loss (KL=0.0000, Const=3186.8914) | Viol_Order(max=4.00, mean=0.0156) | Viol_Exist(max=2.00, mean=1.1972) | Mu_O(max=1.0) Mu_E(max=1.0) | Lam_O(max=0.00) Lam_E(max=0.00)
  [Outer 10/20] Loss (KL=0.2299, Const=234769.2500) | Viol_Order(max=2.00, mean=0.0130) | Viol_Exist(max=2.00, mean=1.1991) | Mu_O(max=10.6) Mu_E(max=10.6) | Lam_O(max=76.40) Lam_E(max=64.03)
  [Outer 20/20] Loss (KL=1.2589, Const=3461834.0000) | Viol_Order(max=2.00, mean=0.0118) | Viol_Exist(max=2.00, mean=1.2002) | Mu_O(max=146.2) Mu_E(max=146.2) | Lam_O(max=540.38) Lam_E(max=967.95)

[Projection Start] Batch: 512, Constraints: 34
  [Outer 01/20] Loss (KL=0.0012, Const=3196.0173) | Viol_Order(max=2.00, mean=0.0148) | Viol_Exist(max=2.00, mean=1.1999) | Mu_O(max=1.0) Mu_E(max=1.0) | Lam_O(max=0.00) Lam_E(max=0.00)
  [Outer 10/20] Loss (KL=0.1697, Const=236726.4062) | Viol_Order(max=2.00, mean=0.0132) | Viol_Exist(max=2.00, mean=1.2012) | Mu_O(max=10.6) Mu_E(max=10.6) | Lam_O(max=64.03) Lam_E(max=64.03)
  [Outer 20/20] Loss (KL=1.3251, Const=3476934.7500) | Viol_Order(max=2.00, mean=0.0117) | Viol_Exist(max=2.00, mean=1.2011) | Mu_O(max=146.2) Mu_E(max=146.2) | Lam_O(max=540.38) Lam_E(max=967.95)

[Projection Start] Batch: 512, Constraints: 34
  [Outer 01/20] Loss (KL=0.0004, Const=3206.9873) | Viol_Order(max=4.00, mean=0.0142) | Viol_Exist(max=2.00, mean=1.2005) | Mu_O(max=1.0) Mu_E(max=1.0) | Lam_O(max=0.00) Lam_E(max=0.00)
  [Outer 10/20] Loss (KL=0.1974, Const=236575.5312) | Viol_Order(max=2.00, mean=0.0123) | Viol_Exist(max=2.00, mean=1.2012) | Mu_O(max=10.6) Mu_E(max=10.6) | Lam_O(max=64.03) Lam_E(max=64.03)
  [Outer 20/20] Loss (KL=1.3582, Const=3482664.5000) | Viol_Order(max=2.00, mean=0.0118) | Viol_Exist(max=2.00, mean=1.2004) | Mu_O(max=146.2) Mu_E(max=146.2) | Lam_O(max=558.30) Lam_E(max=967.95)

[Projection Start] Batch: 512, Constraints: 34
  [Outer 01/20] Loss (KL=0.0000, Const=3193.0491) | Viol_Order(max=2.00, mean=0.0148) | Viol_Exist(max=2.00, mean=1.1985) | Mu_O(max=1.0) Mu_E(max=1.0) | Lam_O(max=0.00) Lam_E(max=0.00)
  [Outer 10/20] Loss (KL=0.2069, Const=236036.3594) | Viol_Order(max=2.00, mean=0.0127) | Viol_Exist(max=2.00, mean=1.1996) | Mu_O(max=10.6) Mu_E(max=10.6) | Lam_O(max=64.03) Lam_E(max=64.03)
  [Outer 20/20] Loss (KL=1.3460, Const=3470021.0000) | Viol_Order(max=2.00, mean=0.0106) | Viol_Exist(max=2.00, mean=1.2014) | Mu_O(max=146.2) Mu_E(max=146.2) | Lam_O(max=558.30) Lam_E(max=967.95)

[Projection Start] Batch: 512, Constraints: 34
  [Outer 01/20] Loss (KL=0.0000, Const=3189.7959) | Viol_Order(max=3.00, mean=0.0146) | Viol_Exist(max=2.00, mean=1.1996) | Mu_O(max=1.0) Mu_E(max=1.0) | Lam_O(max=0.00) Lam_E(max=0.00)
  [Outer 10/20] Loss (KL=0.1972, Const=235363.2500) | Viol_Order(max=2.00, mean=0.0130) | Viol_Exist(max=2.00, mean=1.1996) | Mu_O(max=10.6) Mu_E(max=10.6) | Lam_O(max=68.63) Lam_E(max=64.03)
  [Outer 20/20] Loss (KL=1.4490, Const=3463295.0000) | Viol_Order(max=2.00, mean=0.0113) | Viol_Exist(max=2.00, mean=1.2006) | Mu_O(max=146.2) Mu_E(max=146.2) | Lam_O(max=558.30) Lam_E(max=967.95)

[Projection Start] Batch: 512, Constraints: 34
  [Outer 01/20] Loss (KL=0.0000, Const=3197.0566) | Viol_Order(max=3.00, mean=0.0142) | Viol_Exist(max=2.00, mean=1.1994) | Mu_O(max=1.0) Mu_E(max=1.0) | Lam_O(max=0.00) Lam_E(max=0.00)
  [Outer 10/20] Loss (KL=0.1979, Const=236296.8906) | Viol_Order(max=2.00, mean=0.0122) | Viol_Exist(max=2.00, mean=1.2004) | Mu_O(max=10.6) Mu_E(max=10.6) | Lam_O(max=76.79) Lam_E(max=64.03)
  [Outer 20/20] Loss (KL=1.3606, Const=3481531.7500) | Viol_Order(max=1.00, mean=0.0109) | Viol_Exist(max=2.00, mean=1.2016) | Mu_O(max=146.2) Mu_E(max=146.2) | Lam_O(max=581.60) Lam_E(max=967.95)

[Projection Start] Batch: 512, Constraints: 34
  [Outer 01/20] Loss (KL=0.0000, Const=3196.1426) | Viol_Order(max=3.00, mean=0.0145) | Viol_Exist(max=2.00, mean=1.1989) | Mu_O(max=1.0) Mu_E(max=1.0) | Lam_O(max=0.00) Lam_E(max=0.00)
  [Outer 10/20] Loss (KL=0.1884, Const=235814.5469) | Viol_Order(max=3.00, mean=0.0124) | Viol_Exist(max=2.00, mean=1.2008) | Mu_O(max=10.6) Mu_E(max=10.6) | Lam_O(max=96.04) Lam_E(max=64.03)
  [Outer 20/20] Loss (KL=1.3718, Const=3468236.7500) | Viol_Order(max=2.00, mean=0.0118) | Viol_Exist(max=2.00, mean=1.1998) | Mu_O(max=146.2) Mu_E(max=146.2) | Lam_O(max=651.26) Lam_E(max=967.95)

[Projection Start] Batch: 512, Constraints: 34
  [Outer 01/20] Loss (KL=0.0000, Const=3163.2402) | Viol_Order(max=2.00, mean=0.0135) | Viol_Exist(max=2.00, mean=1.1980) | Mu_O(max=1.0) Mu_E(max=1.0) | Lam_O(max=0.00) Lam_E(max=0.00)
  [Outer 10/20] Loss (KL=0.0982, Const=234819.1406) | Viol_Order(max=2.00, mean=0.0126) | Viol_Exist(max=2.00, mean=1.1993) | Mu_O(max=10.6) Mu_E(max=10.6) | Lam_O(max=64.03) Lam_E(max=64.03)
  [Outer 20/20] Loss (KL=1.0024, Const=3460380.0000) | Viol_Order(max=1.00, mean=0.0113) | Viol_Exist(max=2.00, mean=1.2004) | Mu_O(max=146.2) Mu_E(max=146.2) | Lam_O(max=702.45) Lam_E(max=967.95)

[Projection Start] Batch: 512, Constraints: 34
  [Outer 01/20] Loss (KL=0.0000, Const=3177.5771) | Viol_Order(max=2.00, mean=0.0136) | Viol_Exist(max=2.00, mean=1.1995) | Mu_O(max=1.0) Mu_E(max=1.0) | Lam_O(max=0.00) Lam_E(max=0.00)
  [Outer 10/20] Loss (KL=0.0878, Const=236080.7500) | Viol_Order(max=2.00, mean=0.0126) | Viol_Exist(max=2.00, mean=1.1998) | Mu_O(max=10.6) Mu_E(max=10.6) | Lam_O(max=64.03) Lam_E(max=64.03)
  [Outer 20/20] Loss (KL=0.8809, Const=3487546.5000) | Viol_Order(max=1.00, mean=0.0106) | Viol_Exist(max=2.00, mean=1.2015) | Mu_O(max=146.2) Mu_E(max=146.2) | Lam_O(max=611.89) Lam_E(max=967.95)

[Projection Start] Batch: 512, Constraints: 34
  [Outer 01/20] Loss (KL=0.0000, Const=3177.8633) | Viol_Order(max=3.00, mean=0.0129) | Viol_Exist(max=2.00, mean=1.1999) | Mu_O(max=1.0) Mu_E(max=1.0) | Lam_O(max=0.00) Lam_E(max=0.00)
  [Outer 10/20] Loss (KL=0.1270, Const=235643.0312) | Viol_Order(max=2.00, mean=0.0115) | Viol_Exist(max=2.00, mean=1.2009) | Mu_O(max=10.6) Mu_E(max=10.6) | Lam_O(max=64.03) Lam_E(max=64.03)
  [Outer 20/20] Loss (KL=0.9343, Const=3479712.5000) | Viol_Order(max=2.00, mean=0.0106) | Viol_Exist(max=2.00, mean=1.2012) | Mu_O(max=146.2) Mu_E(max=146.2) | Lam_O(max=515.99) Lam_E(max=967.95)

[Projection Start] Batch: 512, Constraints: 34
  [Outer 01/20] Loss (KL=0.0000, Const=3166.2998) | Viol_Order(max=2.00, mean=0.0121) | Viol_Exist(max=2.00, mean=1.2000) | Mu_O(max=1.0) Mu_E(max=1.0) | Lam_O(max=0.00) Lam_E(max=0.00)
  [Outer 10/20] Loss (KL=0.0531, Const=235514.1250) | Viol_Order(max=2.00, mean=0.0114) | Viol_Exist(max=2.00, mean=1.2007) | Mu_O(max=10.6) Mu_E(max=10.6) | Lam_O(max=64.03) Lam_E(max=64.03)
  [Outer 20/20] Loss (KL=1.0800, Const=3467472.5000) | Viol_Order(max=2.00, mean=0.0113) | Viol_Exist(max=2.00, mean=1.1995) | Mu_O(max=146.2) Mu_E(max=146.2) | Lam_O(max=581.60) Lam_E(max=967.95)

[Projection Start] Batch: 512, Constraints: 34
  [Outer 01/20] Loss (KL=0.0000, Const=3158.8745) | Viol_Order(max=4.00, mean=0.0124) | Viol_Exist(max=2.00, mean=1.1989) | Mu_O(max=1.0) Mu_E(max=1.0) | Lam_O(max=0.00) Lam_E(max=0.00)
  [Outer 10/20] Loss (KL=0.0442, Const=234911.6875) | Viol_Order(max=2.00, mean=0.0121) | Viol_Exist(max=2.00, mean=1.1993) | Mu_O(max=10.6) Mu_E(max=10.6) | Lam_O(max=89.54) Lam_E(max=64.03)
  [Outer 20/20] Loss (KL=0.8226, Const=3471878.2500) | Viol_Order(max=1.00, mean=0.0106) | Viol_Exist(max=2.00, mean=1.2000) | Mu_O(max=146.2) Mu_E(max=146.2) | Lam_O(max=483.97) Lam_E(max=967.95)

[Projection Start] Batch: 512, Constraints: 34
  [Outer 01/20] Loss (KL=0.0000, Const=3162.0820) | Viol_Order(max=3.00, mean=0.0128) | Viol_Exist(max=2.00, mean=1.1988) | Mu_O(max=1.0) Mu_E(max=1.0) | Lam_O(max=0.00) Lam_E(max=0.00)
  [Outer 10/20] Loss (KL=0.0893, Const=234446.1562) | Viol_Order(max=2.00, mean=0.0120) | Viol_Exist(max=2.00, mean=1.1985) | Mu_O(max=10.6) Mu_E(max=10.6) | Lam_O(max=64.03) Lam_E(max=64.03)
  [Outer 20/20] Loss (KL=1.2965, Const=3468325.0000) | Viol_Order(max=2.00, mean=0.0110) | Viol_Exist(max=2.00, mean=1.1994) | Mu_O(max=146.2) Mu_E(max=146.2) | Lam_O(max=515.99) Lam_E(max=967.95)

[Projection Start] Batch: 512, Constraints: 34
  [Outer 01/20] Loss (KL=0.0006, Const=3155.8340) | Viol_Order(max=2.00, mean=0.0126) | Viol_Exist(max=2.00, mean=1.1988) | Mu_O(max=1.0) Mu_E(max=1.0) | Lam_O(max=0.00) Lam_E(max=0.00)
  [Outer 10/20] Loss (KL=0.0669, Const=234622.1250) | Viol_Order(max=1.00, mean=0.0117) | Viol_Exist(max=2.00, mean=1.1993) | Mu_O(max=10.6) Mu_E(max=10.6) | Lam_O(max=55.87) Lam_E(max=64.03)
  [Outer 20/20] Loss (KL=1.4330, Const=3459189.5000) | Viol_Order(max=2.00, mean=0.0119) | Viol_Exist(max=2.00, mean=1.1985) | Mu_O(max=146.2) Mu_E(max=146.2) | Lam_O(max=507.83) Lam_E(max=967.95)

[Projection Start] Batch: 512, Constraints: 34
  [Outer 01/20] Loss (KL=0.0000, Const=3153.6743) | Viol_Order(max=2.00, mean=0.0139) | Viol_Exist(max=2.00, mean=1.1975) | Mu_O(max=1.0) Mu_E(max=1.0) | Lam_O(max=0.00) Lam_E(max=0.00)
  [Outer 10/20] Loss (KL=0.1076, Const=233786.7188) | Viol_Order(max=1.00, mean=0.0126) | Viol_Exist(max=2.00, mean=1.1981) | Mu_O(max=10.6) Mu_E(max=10.6) | Lam_O(max=47.72) Lam_E(max=64.03)
  [Outer 20/20] Loss (KL=0.9606, Const=3458317.0000) | Viol_Order(max=2.00, mean=0.0124) | Viol_Exist(max=2.00, mean=1.1980) | Mu_O(max=146.2) Mu_E(max=146.2) | Lam_O(max=483.97) Lam_E(max=967.95)

[Projection Start] Batch: 512, Constraints: 34
  [Outer 01/20] Loss (KL=0.0000, Const=3153.6382) | Viol_Order(max=2.00, mean=0.0136) | Viol_Exist(max=2.00, mean=1.1975) | Mu_O(max=1.0) Mu_E(max=1.0) | Lam_O(max=0.00) Lam_E(max=0.00)
  [Outer 10/20] Loss (KL=0.1021, Const=234053.6719) | Viol_Order(max=2.00, mean=0.0124) | Viol_Exist(max=2.00, mean=1.1981) | Mu_O(max=10.6) Mu_E(max=10.6) | Lam_O(max=64.03) Lam_E(max=64.03)
  [Outer 20/20] Loss (KL=1.3834, Const=3448705.0000) | Viol_Order(max=2.00, mean=0.0118) | Viol_Exist(max=2.00, mean=1.1987) | Mu_O(max=146.2) Mu_E(max=146.2) | Lam_O(max=558.30) Lam_E(max=967.95)

[Projection Start] Batch: 512, Constraints: 34
  [Outer 01/20] Loss (KL=0.0000, Const=3162.5156) | Viol_Order(max=3.00, mean=0.0143) | Viol_Exist(max=2.00, mean=1.1972) | Mu_O(max=1.0) Mu_E(max=1.0) | Lam_O(max=0.00) Lam_E(max=0.00)
  [Outer 10/20] Loss (KL=0.1049, Const=234255.4062) | Viol_Order(max=2.00, mean=0.0129) | Viol_Exist(max=2.00, mean=1.1976) | Mu_O(max=10.6) Mu_E(max=10.6) | Lam_O(max=64.03) Lam_E(max=64.03)
  [Outer 20/20] Loss (KL=1.0432, Const=3462362.0000) | Viol_Order(max=1.00, mean=0.0111) | Viol_Exist(max=2.00, mean=1.1988) | Mu_O(max=146.2) Mu_E(max=146.2) | Lam_O(max=558.30) Lam_E(max=967.95)

[Projection Start] Batch: 512, Constraints: 34
  [Outer 01/20] Loss (KL=0.0000, Const=3160.7131) | Viol_Order(max=2.00, mean=0.0135) | Viol_Exist(max=2.00, mean=1.1982) | Mu_O(max=1.0) Mu_E(max=1.0) | Lam_O(max=0.00) Lam_E(max=0.00)
  [Outer 10/20] Loss (KL=0.0676, Const=234950.1094) | Viol_Order(max=2.00, mean=0.0125) | Viol_Exist(max=2.00, mean=1.1986) | Mu_O(max=10.6) Mu_E(max=10.6) | Lam_O(max=64.03) Lam_E(max=64.03)
  [Outer 20/20] Loss (KL=0.9807, Const=3462796.0000) | Viol_Order(max=1.00, mean=0.0117) | Viol_Exist(max=2.00, mean=1.1984) | Mu_O(max=146.2) Mu_E(max=146.2) | Lam_O(max=558.30) Lam_E(max=967.95)

[Projection Start] Batch: 512, Constraints: 34
  [Outer 01/20] Loss (KL=0.0004, Const=3142.8630) | Viol_Order(max=2.00, mean=0.0137) | Viol_Exist(max=2.00, mean=1.1967) | Mu_O(max=1.0) Mu_E(max=1.0) | Lam_O(max=0.00) Lam_E(max=0.00)
  [Outer 10/20] Loss (KL=0.1133, Const=233192.2969) | Viol_Order(max=1.00, mean=0.0127) | Viol_Exist(max=2.00, mean=1.1981) | Mu_O(max=10.6) Mu_E(max=10.6) | Lam_O(max=64.03) Lam_E(max=64.03)
  [Outer 20/20] Loss (KL=1.0522, Const=3446570.2500) | Viol_Order(max=1.00, mean=0.0112) | Viol_Exist(max=2.00, mean=1.1982) | Mu_O(max=146.2) Mu_E(max=146.2) | Lam_O(max=501.56) Lam_E(max=967.95)

[Projection Start] Batch: 512, Constraints: 34
  [Outer 01/20] Loss (KL=0.0000, Const=3144.5347) | Viol_Order(max=2.00, mean=0.0134) | Viol_Exist(max=2.00, mean=1.1969) | Mu_O(max=1.0) Mu_E(max=1.0) | Lam_O(max=0.00) Lam_E(max=0.00)
  [Outer 10/20] Loss (KL=0.1374, Const=233154.7344) | Viol_Order(max=2.00, mean=0.0118) | Viol_Exist(max=2.00, mean=1.1980) | Mu_O(max=10.6) Mu_E(max=10.6) | Lam_O(max=64.03) Lam_E(max=64.03)
  [Outer 20/20] Loss (KL=1.0313, Const=3453513.5000) | Viol_Order(max=1.00, mean=0.0112) | Viol_Exist(max=2.00, mean=1.1980) | Mu_O(max=146.2) Mu_E(max=146.2) | Lam_O(max=558.30) Lam_E(max=967.95)

[Projection Start] Batch: 512, Constraints: 34
  [Outer 01/20] Loss (KL=0.0000, Const=3154.7031) | Viol_Order(max=3.00, mean=0.0130) | Viol_Exist(max=2.00, mean=1.1974) | Mu_O(max=1.0) Mu_E(max=1.0) | Lam_O(max=0.00) Lam_E(max=0.00)
  [Outer 10/20] Loss (KL=0.0762, Const=234044.7500) | Viol_Order(max=2.00, mean=0.0121) | Viol_Exist(max=2.00, mean=1.1979) | Mu_O(max=10.6) Mu_E(max=10.6) | Lam_O(max=76.79) Lam_E(max=64.03)
  [Outer 20/20] Loss (KL=0.6281, Const=3457914.5000) | Viol_Order(max=2.00, mean=0.0111) | Viol_Exist(max=2.00, mean=1.1986) | Mu_O(max=146.2) Mu_E(max=146.2) | Lam_O(max=558.30) Lam_E(max=967.95)

[Projection Start] Batch: 512, Constraints: 34
  [Outer 01/20] Loss (KL=0.0000, Const=3158.7400) | Viol_Order(max=4.00, mean=0.0130) | Viol_Exist(max=2.00, mean=1.1981) | Mu_O(max=1.0) Mu_E(max=1.0) | Lam_O(max=0.00) Lam_E(max=0.00)
  [Outer 10/20] Loss (KL=0.1466, Const=233855.5781) | Viol_Order(max=1.00, mean=0.0115) | Viol_Exist(max=2.00, mean=1.1989) | Mu_O(max=10.6) Mu_E(max=10.6) | Lam_O(max=96.04) Lam_E(max=64.03)
  [Outer 20/20] Loss (KL=0.5999, Const=3466131.0000) | Viol_Order(max=1.00, mean=0.0107) | Viol_Exist(max=2.00, mean=1.1990) | Mu_O(max=146.2) Mu_E(max=146.2) | Lam_O(max=541.50) Lam_E(max=967.95)

[Projection Start] Batch: 512, Constraints: 34
  [Outer 01/20] Loss (KL=0.0003, Const=3145.7583) | Viol_Order(max=4.00, mean=0.0130) | Viol_Exist(max=2.00, mean=1.1973) | Mu_O(max=1.0) Mu_E(max=1.0) | Lam_O(max=0.00) Lam_E(max=0.00)
  [Outer 10/20] Loss (KL=0.0980, Const=233474.5312) | Viol_Order(max=2.00, mean=0.0118) | Viol_Exist(max=2.00, mean=1.1977) | Mu_O(max=10.6) Mu_E(max=10.6) | Lam_O(max=82.12) Lam_E(max=64.03)
  [Outer 20/20] Loss (KL=0.9247, Const=3450116.5000) | Viol_Order(max=1.00, mean=0.0116) | Viol_Exist(max=2.00, mean=1.1973) | Mu_O(max=146.2) Mu_E(max=146.2) | Lam_O(max=629.97) Lam_E(max=967.95)

[Projection Start] Batch: 512, Constraints: 34
  [Outer 01/20] Loss (KL=0.0000, Const=3133.9932) | Viol_Order(max=2.00, mean=0.0127) | Viol_Exist(max=2.00, mean=1.1966) | Mu_O(max=1.0) Mu_E(max=1.0) | Lam_O(max=0.00) Lam_E(max=0.00)
  [Outer 10/20] Loss (KL=0.0688, Const=233151.3750) | Viol_Order(max=1.00, mean=0.0120) | Viol_Exist(max=2.00, mean=1.1972) | Mu_O(max=10.6) Mu_E(max=10.6) | Lam_O(max=41.06) Lam_E(max=64.03)
  [Outer 20/20] Loss (KL=0.8659, Const=3448688.5000) | Viol_Order(max=2.00, mean=0.0111) | Viol_Exist(max=2.00, mean=1.1980) | Mu_O(max=146.2) Mu_E(max=146.2) | Lam_O(max=493.02) Lam_E(max=967.95)

[Projection Start] Batch: 512, Constraints: 34
  [Outer 01/20] Loss (KL=0.0000, Const=3148.9590) | Viol_Order(max=4.00, mean=0.0125) | Viol_Exist(max=2.00, mean=1.1974) | Mu_O(max=1.0) Mu_E(max=1.0) | Lam_O(max=0.00) Lam_E(max=0.00)
  [Outer 10/20] Loss (KL=0.0280, Const=233853.4844) | Viol_Order(max=2.00, mean=0.0119) | Viol_Exist(max=2.00, mean=1.1977) | Mu_O(max=10.6) Mu_E(max=10.6) | Lam_O(max=76.40) Lam_E(max=64.03)
  [Outer 20/20] Loss (KL=0.7959, Const=3448844.2500) | Viol_Order(max=2.00, mean=0.0109) | Viol_Exist(max=2.00, mean=1.1980) | Mu_O(max=146.2) Mu_E(max=146.2) | Lam_O(max=581.60) Lam_E(max=967.95)

[Projection Start] Batch: 512, Constraints: 34
  [Outer 01/20] Loss (KL=0.0001, Const=3138.7827) | Viol_Order(max=2.00, mean=0.0128) | Viol_Exist(max=2.00, mean=1.1972) | Mu_O(max=1.0) Mu_E(max=1.0) | Lam_O(max=0.00) Lam_E(max=0.00)
  [Outer 10/20] Loss (KL=0.0588, Const=232829.3750) | Viol_Order(max=2.00, mean=0.0122) | Viol_Exist(max=2.00, mean=1.1974) | Mu_O(max=10.6) Mu_E(max=10.6) | Lam_O(max=64.03) Lam_E(max=64.03)
  [Outer 20/20] Loss (KL=0.9517, Const=3433769.5000) | Viol_Order(max=2.00, mean=0.0115) | Viol_Exist(max=2.00, mean=1.1974) | Mu_O(max=146.2) Mu_E(max=146.2) | Lam_O(max=558.30) Lam_E(max=967.95)

[Projection Start] Batch: 512, Constraints: 34
  [Outer 01/20] Loss (KL=0.0000, Const=3135.6348) | Viol_Order(max=3.00, mean=0.0129) | Viol_Exist(max=2.00, mean=1.1966) | Mu_O(max=1.0) Mu_E(max=1.0) | Lam_O(max=0.00) Lam_E(max=0.00)
  [Outer 10/20] Loss (KL=0.0859, Const=232884.5938) | Viol_Order(max=2.00, mean=0.0119) | Viol_Exist(max=2.00, mean=1.1970) | Mu_O(max=10.6) Mu_E(max=10.6) | Lam_O(max=64.03) Lam_E(max=64.03)
  [Outer 20/20] Loss (KL=1.0245, Const=3439886.5000) | Viol_Order(max=2.00, mean=0.0112) | Viol_Exist(max=2.00, mean=1.1978) | Mu_O(max=146.2) Mu_E(max=146.2) | Lam_O(max=501.56) Lam_E(max=967.95)

[Projection Start] Batch: 512, Constraints: 34
  [Outer 01/20] Loss (KL=0.0000, Const=3136.5156) | Viol_Order(max=2.00, mean=0.0132) | Viol_Exist(max=2.00, mean=1.1969) | Mu_O(max=1.0) Mu_E(max=1.0) | Lam_O(max=0.00) Lam_E(max=0.00)
  [Outer 10/20] Loss (KL=0.0858, Const=232999.9844) | Viol_Order(max=2.00, mean=0.0122) | Viol_Exist(max=2.00, mean=1.1973) | Mu_O(max=10.6) Mu_E(max=10.6) | Lam_O(max=64.03) Lam_E(max=64.03)
  [Outer 20/20] Loss (KL=0.8072, Const=3441594.7500) | Viol_Order(max=2.00, mean=0.0115) | Viol_Exist(max=2.00, mean=1.1977) | Mu_O(max=146.2) Mu_E(max=146.2) | Lam_O(max=611.89) Lam_E(max=967.95)

[Projection Start] Batch: 512, Constraints: 34
  [Outer 01/20] Loss (KL=0.0000, Const=3129.8901) | Viol_Order(max=2.00, mean=0.0128) | Viol_Exist(max=2.00, mean=1.1968) | Mu_O(max=1.0) Mu_E(max=1.0) | Lam_O(max=0.00) Lam_E(max=0.00)
  [Outer 10/20] Loss (KL=0.0347, Const=232892.1719) | Viol_Order(max=2.00, mean=0.0123) | Viol_Exist(max=2.00, mean=1.1973) | Mu_O(max=10.6) Mu_E(max=10.6) | Lam_O(max=64.03) Lam_E(max=64.03)
  [Outer 20/20] Loss (KL=0.8621, Const=3437530.5000) | Viol_Order(max=2.00, mean=0.0113) | Viol_Exist(max=2.00, mean=1.1983) | Mu_O(max=146.2) Mu_E(max=146.2) | Lam_O(max=483.97) Lam_E(max=967.95)

[Projection Start] Batch: 512, Constraints: 34
  [Outer 01/20] Loss (KL=0.0000, Const=3144.6465) | Viol_Order(max=2.00, mean=0.0126) | Viol_Exist(max=2.00, mean=1.1979) | Mu_O(max=1.0) Mu_E(max=1.0) | Lam_O(max=0.00) Lam_E(max=0.00)
  [Outer 10/20] Loss (KL=0.0531, Const=233693.0625) | Viol_Order(max=2.00, mean=0.0122) | Viol_Exist(max=2.00, mean=1.1976) | Mu_O(max=10.6) Mu_E(max=10.6) | Lam_O(max=64.03) Lam_E(max=64.03)
  [Outer 20/20] Loss (KL=1.1598, Const=3444073.0000) | Viol_Order(max=1.00, mean=0.0109) | Viol_Exist(max=2.00, mean=1.1985) | Mu_O(max=146.2) Mu_E(max=146.2) | Lam_O(max=483.97) Lam_E(max=967.95)

[Projection Start] Batch: 512, Constraints: 34
  [Outer 01/20] Loss (KL=0.0000, Const=3142.3760) | Viol_Order(max=3.00, mean=0.0126) | Viol_Exist(max=2.00, mean=1.1976) | Mu_O(max=1.0) Mu_E(max=1.0) | Lam_O(max=0.00) Lam_E(max=0.00)
  [Outer 10/20] Loss (KL=0.0938, Const=233284.5469) | Viol_Order(max=2.00, mean=0.0121) | Viol_Exist(max=2.00, mean=1.1973) | Mu_O(max=10.6) Mu_E(max=10.6) | Lam_O(max=70.22) Lam_E(max=64.03)
  [Outer 20/20] Loss (KL=1.0230, Const=3450434.0000) | Viol_Order(max=2.00, mean=0.0109) | Viol_Exist(max=2.00, mean=1.1982) | Mu_O(max=146.2) Mu_E(max=146.2) | Lam_O(max=546.57) Lam_E(max=967.95)

[Projection Start] Batch: 512, Constraints: 34
  [Outer 01/20] Loss (KL=0.0000, Const=3145.3809) | Viol_Order(max=2.00, mean=0.0128) | Viol_Exist(max=2.00, mean=1.1974) | Mu_O(max=1.0) Mu_E(max=1.0) | Lam_O(max=0.00) Lam_E(max=0.00)
  [Outer 10/20] Loss (KL=0.0549, Const=234261.3750) | Viol_Order(max=2.00, mean=0.0123) | Viol_Exist(max=2.00, mean=1.1977) | Mu_O(max=10.6) Mu_E(max=10.6) | Lam_O(max=64.03) Lam_E(max=64.03)
  [Outer 20/20] Loss (KL=0.7250, Const=3466717.2500) | Viol_Order(max=1.00, mean=0.0105) | Viol_Exist(max=2.00, mean=1.1993) | Mu_O(max=146.2) Mu_E(max=146.2) | Lam_O(max=515.99) Lam_E(max=967.95)

[Projection Start] Batch: 512, Constraints: 34
  [Outer 01/20] Loss (KL=0.0002, Const=3145.6860) | Viol_Order(max=4.00, mean=0.0122) | Viol_Exist(max=2.00, mean=1.1979) | Mu_O(max=1.0) Mu_E(max=1.0) | Lam_O(max=0.00) Lam_E(max=0.00)
  [Outer 10/20] Loss (KL=0.0492, Const=233761.4062) | Viol_Order(max=2.00, mean=0.0117) | Viol_Exist(max=2.00, mean=1.1983) | Mu_O(max=10.6) Mu_E(max=10.6) | Lam_O(max=64.03) Lam_E(max=64.03)
  [Outer 20/20] Loss (KL=0.7978, Const=3460064.7500) | Viol_Order(max=1.00, mean=0.0111) | Viol_Exist(max=2.00, mean=1.1983) | Mu_O(max=146.2) Mu_E(max=146.2) | Lam_O(max=483.97) Lam_E(max=967.95)

[Projection Start] Batch: 512, Constraints: 34
  [Outer 01/20] Loss (KL=0.0000, Const=3146.3682) | Viol_Order(max=2.00, mean=0.0127) | Viol_Exist(max=2.00, mean=1.1976) | Mu_O(max=1.0) Mu_E(max=1.0) | Lam_O(max=0.00) Lam_E(max=0.00)
  [Outer 10/20] Loss (KL=0.0715, Const=233956.6562) | Viol_Order(max=2.00, mean=0.0121) | Viol_Exist(max=2.00, mean=1.1971) | Mu_O(max=10.6) Mu_E(max=10.6) | Lam_O(max=64.03) Lam_E(max=64.03)
  [Outer 20/20] Loss (KL=1.0250, Const=3462978.2500) | Viol_Order(max=1.00, mean=0.0102) | Viol_Exist(max=2.00, mean=1.1996) | Mu_O(max=146.2) Mu_E(max=146.2) | Lam_O(max=515.99) Lam_E(max=967.95)

[Projection Start] Batch: 512, Constraints: 34
  [Outer 01/20] Loss (KL=0.0000, Const=3145.4058) | Viol_Order(max=4.00, mean=0.0123) | Viol_Exist(max=2.00, mean=1.1978) | Mu_O(max=1.0) Mu_E(max=1.0) | Lam_O(max=0.00) Lam_E(max=0.00)
  [Outer 10/20] Loss (KL=0.0846, Const=233468.5000) | Viol_Order(max=2.00, mean=0.0117) | Viol_Exist(max=2.00, mean=1.1978) | Mu_O(max=10.6) Mu_E(max=10.6) | Lam_O(max=82.12) Lam_E(max=64.03)
  [Outer 20/20] Loss (KL=0.9940, Const=3447793.0000) | Viol_Order(max=2.00, mean=0.0108) | Viol_Exist(max=2.00, mean=1.1980) | Mu_O(max=146.2) Mu_E(max=146.2) | Lam_O(max=483.97) Lam_E(max=967.95)

[Projection Start] Batch: 512, Constraints: 34
  [Outer 01/20] Loss (KL=0.0000, Const=3134.8618) | Viol_Order(max=2.00, mean=0.0125) | Viol_Exist(max=2.00, mean=1.1970) | Mu_O(max=1.0) Mu_E(max=1.0) | Lam_O(max=0.00) Lam_E(max=0.00)
  [Outer 10/20] Loss (KL=0.1012, Const=233033.6250) | Viol_Order(max=2.00, mean=0.0113) | Viol_Exist(max=2.00, mean=1.1985) | Mu_O(max=10.6) Mu_E(max=10.6) | Lam_O(max=64.03) Lam_E(max=64.03)
  [Outer 20/20] Loss (KL=1.2437, Const=3436285.5000) | Viol_Order(max=2.00, mean=0.0110) | Viol_Exist(max=2.00, mean=1.1981) | Mu_O(max=146.2) Mu_E(max=146.2) | Lam_O(max=768.99) Lam_E(max=967.95)

[Projection Start] Batch: 512, Constraints: 34
  [Outer 01/20] Loss (KL=0.0000, Const=3140.9346) | Viol_Order(max=2.00, mean=0.0124) | Viol_Exist(max=2.00, mean=1.1974) | Mu_O(max=1.0) Mu_E(max=1.0) | Lam_O(max=0.00) Lam_E(max=0.00)
  [Outer 10/20] Loss (KL=0.0535, Const=233545.0312) | Viol_Order(max=2.00, mean=0.0122) | Viol_Exist(max=2.00, mean=1.1975) | Mu_O(max=10.6) Mu_E(max=10.6) | Lam_O(max=64.03) Lam_E(max=64.03)
  [Outer 20/20] Loss (KL=1.5228, Const=3440940.2500) | Viol_Order(max=1.00, mean=0.0105) | Viol_Exist(max=2.00, mean=1.1976) | Mu_O(max=146.2) Mu_E(max=146.2) | Lam_O(max=581.60) Lam_E(max=967.95)

[Projection Start] Batch: 512, Constraints: 34
  [Outer 01/20] Loss (KL=0.0001, Const=3125.6201) | Viol_Order(max=2.00, mean=0.0119) | Viol_Exist(max=2.00, mean=1.1966) | Mu_O(max=1.0) Mu_E(max=1.0) | Lam_O(max=0.00) Lam_E(max=0.00)
  [Outer 10/20] Loss (KL=0.0214, Const=233047.0938) | Viol_Order(max=2.00, mean=0.0116) | Viol_Exist(max=2.00, mean=1.1970) | Mu_O(max=10.6) Mu_E(max=10.6) | Lam_O(max=64.03) Lam_E(max=64.03)
  [Outer 20/20] Loss (KL=1.0331, Const=3437299.7500) | Viol_Order(max=3.00, mean=0.0108) | Viol_Exist(max=2.00, mean=1.1984) | Mu_O(max=146.2) Mu_E(max=146.2) | Lam_O(max=483.97) Lam_E(max=967.95)

[Projection Start] Batch: 512, Constraints: 34
  [Outer 01/20] Loss (KL=0.0002, Const=3135.3665) | Viol_Order(max=3.00, mean=0.0126) | Viol_Exist(max=2.00, mean=1.1968) | Mu_O(max=1.0) Mu_E(max=1.0) | Lam_O(max=0.00) Lam_E(max=0.00)
  [Outer 10/20] Loss (KL=0.1157, Const=232773.0938) | Viol_Order(max=2.00, mean=0.0121) | Viol_Exist(max=2.00, mean=1.1974) | Mu_O(max=10.6) Mu_E(max=10.6) | Lam_O(max=96.04) Lam_E(max=64.03)
  [Outer 20/20] Loss (KL=1.5062, Const=3425354.0000) | Viol_Order(max=2.00, mean=0.0113) | Viol_Exist(max=2.00, mean=1.1957) | Mu_O(max=146.2) Mu_E(max=146.2) | Lam_O(max=855.49) Lam_E(max=967.95)

[Projection Start] Batch: 512, Constraints: 34
  [Outer 01/20] Loss (KL=-0.0000, Const=3118.8418) | Viol_Order(max=2.00, mean=0.0126) | Viol_Exist(max=2.00, mean=1.1953) | Mu_O(max=1.0) Mu_E(max=1.0) | Lam_O(max=0.00) Lam_E(max=0.00)
  [Outer 10/20] Loss (KL=0.0569, Const=232198.3438) | Viol_Order(max=2.00, mean=0.0121) | Viol_Exist(max=2.00, mean=1.1959) | Mu_O(max=10.6) Mu_E(max=10.6) | Lam_O(max=64.03) Lam_E(max=64.03)
  [Outer 20/20] Loss (KL=1.0806, Const=3421626.5000) | Viol_Order(max=1.00, mean=0.0106) | Viol_Exist(max=2.00, mean=1.1965) | Mu_O(max=146.2) Mu_E(max=146.2) | Lam_O(max=483.97) Lam_E(max=967.95)

[Projection Start] Batch: 512, Constraints: 34
  [Outer 01/20] Loss (KL=0.0000, Const=3111.5591) | Viol_Order(max=2.00, mean=0.0123) | Viol_Exist(max=2.00, mean=1.1951) | Mu_O(max=1.0) Mu_E(max=1.0) | Lam_O(max=0.00) Lam_E(max=0.00)
  [Outer 10/20] Loss (KL=0.1003, Const=230890.0938) | Viol_Order(max=2.00, mean=0.0116) | Viol_Exist(max=2.00, mean=1.1954) | Mu_O(max=10.6) Mu_E(max=10.6) | Lam_O(max=64.03) Lam_E(max=64.03)
  [Outer 20/20] Loss (KL=1.0236, Const=3409963.7500) | Viol_Order(max=1.00, mean=0.0113) | Viol_Exist(max=2.00, mean=1.1961) | Mu_O(max=146.2) Mu_E(max=146.2) | Lam_O(max=515.99) Lam_E(max=967.95)

[Projection Start] Batch: 512, Constraints: 34
  [Outer 01/20] Loss (KL=0.0000, Const=3116.7971) | Viol_Order(max=2.00, mean=0.0126) | Viol_Exist(max=2.00, mean=1.1955) | Mu_O(max=1.0) Mu_E(max=1.0) | Lam_O(max=0.00) Lam_E(max=0.00)
  [Outer 10/20] Loss (KL=0.0915, Const=231754.7500) | Viol_Order(max=2.00, mean=0.0121) | Viol_Exist(max=2.00, mean=1.1962) | Mu_O(max=10.6) Mu_E(max=10.6) | Lam_O(max=64.03) Lam_E(max=64.03)
  [Outer 20/20] Loss (KL=0.9081, Const=3417385.7500) | Viol_Order(max=1.00, mean=0.0105) | Viol_Exist(max=2.00, mean=1.1971) | Mu_O(max=146.2) Mu_E(max=146.2) | Lam_O(max=581.60) Lam_E(max=967.95)

[Projection Start] Batch: 512, Constraints: 34
  [Outer 01/20] Loss (KL=0.0000, Const=3120.0159) | Viol_Order(max=2.00, mean=0.0117) | Viol_Exist(max=2.00, mean=1.1965) | Mu_O(max=1.0) Mu_E(max=1.0) | Lam_O(max=0.00) Lam_E(max=0.00)
  [Outer 10/20] Loss (KL=0.0496, Const=232099.9688) | Viol_Order(max=2.00, mean=0.0114) | Viol_Exist(max=2.00, mean=1.1962) | Mu_O(max=10.6) Mu_E(max=10.6) | Lam_O(max=64.03) Lam_E(max=64.03)
  [Outer 20/20] Loss (KL=0.8261, Const=3432755.7500) | Viol_Order(max=2.00, mean=0.0105) | Viol_Exist(max=2.00, mean=1.1969) | Mu_O(max=146.2) Mu_E(max=146.2) | Lam_O(max=651.26) Lam_E(max=967.95)

[Projection Start] Batch: 512, Constraints: 34
  [Outer 01/20] Loss (KL=0.0000, Const=3122.0071) | Viol_Order(max=3.00, mean=0.0123) | Viol_Exist(max=2.00, mean=1.1959) | Mu_O(max=1.0) Mu_E(max=1.0) | Lam_O(max=0.00) Lam_E(max=0.00)
  [Outer 10/20] Loss (KL=0.0474, Const=231988.4219) | Viol_Order(max=3.00, mean=0.0121) | Viol_Exist(max=2.00, mean=1.1957) | Mu_O(max=10.6) Mu_E(max=10.6) | Lam_O(max=96.04) Lam_E(max=64.03)
  [Outer 20/20] Loss (KL=1.1021, Const=3423949.5000) | Viol_Order(max=1.00, mean=0.0108) | Viol_Exist(max=2.00, mean=1.1965) | Mu_O(max=146.2) Mu_E(max=146.2) | Lam_O(max=540.38) Lam_E(max=967.95)

[Projection Start] Batch: 512, Constraints: 34
  [Outer 01/20] Loss (KL=0.0000, Const=3118.5596) | Viol_Order(max=3.00, mean=0.0122) | Viol_Exist(max=2.00, mean=1.1960) | Mu_O(max=1.0) Mu_E(max=1.0) | Lam_O(max=0.00) Lam_E(max=0.00)
  [Outer 10/20] Loss (KL=0.0518, Const=232241.9375) | Viol_Order(max=3.00, mean=0.0119) | Viol_Exist(max=2.00, mean=1.1967) | Mu_O(max=10.6) Mu_E(max=10.6) | Lam_O(max=64.03) Lam_E(max=64.03)
  [Outer 20/20] Loss (KL=0.9324, Const=3436428.2500) | Viol_Order(max=1.00, mean=0.0110) | Viol_Exist(max=2.00, mean=1.1966) | Mu_O(max=146.2) Mu_E(max=146.2) | Lam_O(max=702.45) Lam_E(max=967.95)

[Projection Start] Batch: 512, Constraints: 34
  [Outer 01/20] Loss (KL=0.0000, Const=3110.2542) | Viol_Order(max=2.00, mean=0.0122) | Viol_Exist(max=2.00, mean=1.1954) | Mu_O(max=1.0) Mu_E(max=1.0) | Lam_O(max=0.00) Lam_E(max=0.00)
  [Outer 10/20] Loss (KL=0.0963, Const=230981.8750) | Viol_Order(max=2.00, mean=0.0117) | Viol_Exist(max=2.00, mean=1.1956) | Mu_O(max=10.6) Mu_E(max=10.6) | Lam_O(max=64.03) Lam_E(max=64.03)
  [Outer 20/20] Loss (KL=0.6208, Const=3417360.5000) | Viol_Order(max=2.00, mean=0.0118) | Viol_Exist(max=2.00, mean=1.1949) | Mu_O(max=146.2) Mu_E(max=146.2) | Lam_O(max=507.83) Lam_E(max=967.95)

[Projection Start] Batch: 512, Constraints: 34
  [Outer 01/20] Loss (KL=0.0000, Const=3114.1733) | Viol_Order(max=3.00, mean=0.0128) | Viol_Exist(max=2.00, mean=1.1949) | Mu_O(max=1.0) Mu_E(max=1.0) | Lam_O(max=0.00) Lam_E(max=0.00)
  [Outer 10/20] Loss (KL=0.0542, Const=231536.7656) | Viol_Order(max=2.00, mean=0.0120) | Viol_Exist(max=2.00, mean=1.1960) | Mu_O(max=10.6) Mu_E(max=10.6) | Lam_O(max=96.04) Lam_E(max=64.03)
  [Outer 20/20] Loss (KL=1.3335, Const=3415409.5000) | Viol_Order(max=1.00, mean=0.0110) | Viol_Exist(max=2.00, mean=1.1966) | Mu_O(max=146.2) Mu_E(max=146.2) | Lam_O(max=540.38) Lam_E(max=967.95)

[Projection Start] Batch: 512, Constraints: 34
  [Outer 01/20] Loss (KL=0.0000, Const=3117.0044) | Viol_Order(max=3.00, mean=0.0118) | Viol_Exist(max=2.00, mean=1.1965) | Mu_O(max=1.0) Mu_E(max=1.0) | Lam_O(max=0.00) Lam_E(max=0.00)
  [Outer 10/20] Loss (KL=0.0428, Const=231615.7969) | Viol_Order(max=3.00, mean=0.0116) | Viol_Exist(max=2.00, mean=1.1964) | Mu_O(max=10.6) Mu_E(max=10.6) | Lam_O(max=96.04) Lam_E(max=64.03)
  [Outer 20/20] Loss (KL=2.0035, Const=3415379.0000) | Viol_Order(max=2.00, mean=0.0111) | Viol_Exist(max=2.00, mean=1.1968) | Mu_O(max=146.2) Mu_E(max=146.2) | Lam_O(max=581.60) Lam_E(max=967.95)

[Projection Start] Batch: 512, Constraints: 34
  [Outer 01/20] Loss (KL=0.0005, Const=3122.9473) | Viol_Order(max=2.00, mean=0.0126) | Viol_Exist(max=2.00, mean=1.1959) | Mu_O(max=1.0) Mu_E(max=1.0) | Lam_O(max=0.00) Lam_E(max=0.00)
  [Outer 10/20] Loss (KL=0.0419, Const=232513.5156) | Viol_Order(max=2.00, mean=0.0122) | Viol_Exist(max=2.00, mean=1.1961) | Mu_O(max=10.6) Mu_E(max=10.6) | Lam_O(max=64.03) Lam_E(max=64.03)
  [Outer 20/20] Loss (KL=1.3631, Const=3421797.0000) | Viol_Order(max=2.00, mean=0.0105) | Viol_Exist(max=2.00, mean=1.1966) | Mu_O(max=146.2) Mu_E(max=146.2) | Lam_O(max=611.89) Lam_E(max=967.95)

[Projection Start] Batch: 512, Constraints: 34
  [Outer 01/20] Loss (KL=0.0002, Const=3108.0796) | Viol_Order(max=3.00, mean=0.0119) | Viol_Exist(max=2.00, mean=1.1952) | Mu_O(max=1.0) Mu_E(max=1.0) | Lam_O(max=0.00) Lam_E(max=0.00)
  [Outer 10/20] Loss (KL=0.1191, Const=230953.0312) | Viol_Order(max=2.00, mean=0.0113) | Viol_Exist(max=2.00, mean=1.1954) | Mu_O(max=10.6) Mu_E(max=10.6) | Lam_O(max=73.07) Lam_E(max=64.03)
  [Outer 20/20] Loss (KL=0.9047, Const=3417799.5000) | Viol_Order(max=2.00, mean=0.0115) | Viol_Exist(max=2.00, mean=1.1951) | Mu_O(max=146.2) Mu_E(max=146.2) | Lam_O(max=515.99) Lam_E(max=967.95)

[Projection Start] Batch: 512, Constraints: 34
  [Outer 01/20] Loss (KL=0.0000, Const=3118.0781) | Viol_Order(max=3.00, mean=0.0130) | Viol_Exist(max=2.00, mean=1.1945) | Mu_O(max=1.0) Mu_E(max=1.0) | Lam_O(max=0.00) Lam_E(max=0.00)
  [Outer 10/20] Loss (KL=0.0984, Const=231559.6250) | Viol_Order(max=2.00, mean=0.0121) | Viol_Exist(max=2.00, mean=1.1957) | Mu_O(max=10.6) Mu_E(max=10.6) | Lam_O(max=96.04) Lam_E(max=64.03)
  [Outer 20/20] Loss (KL=1.2459, Const=3408671.2500) | Viol_Order(max=1.00, mean=0.0107) | Viol_Exist(max=2.00, mean=1.1965) | Mu_O(max=146.2) Mu_E(max=146.2) | Lam_O(max=581.60) Lam_E(max=967.95)

[Projection Start] Batch: 512, Constraints: 34
  [Outer 01/20] Loss (KL=0.0000, Const=3118.3528) | Viol_Order(max=3.00, mean=0.0122) | Viol_Exist(max=2.00, mean=1.1957) | Mu_O(max=1.0) Mu_E(max=1.0) | Lam_O(max=0.00) Lam_E(max=0.00)
  [Outer 10/20] Loss (KL=0.0390, Const=232104.5000) | Viol_Order(max=3.00, mean=0.0121) | Viol_Exist(max=2.00, mean=1.1958) | Mu_O(max=10.6) Mu_E(max=10.6) | Lam_O(max=96.04) Lam_E(max=64.03)
  [Outer 20/20] Loss (KL=1.6545, Const=3412208.5000) | Viol_Order(max=2.00, mean=0.0111) | Viol_Exist(max=2.00, mean=1.1953) | Mu_O(max=146.2) Mu_E(max=146.2) | Lam_O(max=583.00) Lam_E(max=967.95)

[Projection Start] Batch: 512, Constraints: 34
  [Outer 01/20] Loss (KL=0.0000, Const=3108.8032) | Viol_Order(max=2.00, mean=0.0125) | Viol_Exist(max=2.00, mean=1.1945) | Mu_O(max=1.0) Mu_E(max=1.0) | Lam_O(max=0.00) Lam_E(max=0.00)
  [Outer 10/20] Loss (KL=0.0324, Const=231722.6875) | Viol_Order(max=2.00, mean=0.0122) | Viol_Exist(max=2.00, mean=1.1947) | Mu_O(max=10.6) Mu_E(max=10.6) | Lam_O(max=64.03) Lam_E(max=64.03)
  [Outer 20/20] Loss (KL=1.1132, Const=3423063.5000) | Viol_Order(max=2.00, mean=0.0106) | Viol_Exist(max=2.00, mean=1.1963) | Mu_O(max=146.2) Mu_E(max=146.2) | Lam_O(max=855.49) Lam_E(max=967.95)

[Projection Start] Batch: 512, Constraints: 34
  [Outer 01/20] Loss (KL=0.0001, Const=3130.2188) | Viol_Order(max=4.00, mean=0.0126) | Viol_Exist(max=2.00, mean=1.1961) | Mu_O(max=1.0) Mu_E(max=1.0) | Lam_O(max=0.00) Lam_E(max=0.00)
  [Outer 10/20] Loss (KL=0.0492, Const=232738.7969) | Viol_Order(max=2.00, mean=0.0120) | Viol_Exist(max=2.00, mean=1.1961) | Mu_O(max=10.6) Mu_E(max=10.6) | Lam_O(max=128.06) Lam_E(max=64.03)
  [Outer 20/20] Loss (KL=0.6731, Const=3446748.2500) | Viol_Order(max=1.00, mean=0.0099) | Viol_Exist(max=2.00, mean=1.1973) | Mu_O(max=146.2) Mu_E(max=146.2) | Lam_O(max=645.63) Lam_E(max=967.95)

[Projection Start] Batch: 512, Constraints: 34
  [Outer 01/20] Loss (KL=0.0000, Const=3119.4331) | Viol_Order(max=3.00, mean=0.0118) | Viol_Exist(max=2.00, mean=1.1961) | Mu_O(max=1.0) Mu_E(max=1.0) | Lam_O(max=0.00) Lam_E(max=0.00)
  [Outer 10/20] Loss (KL=0.0501, Const=232416.3125) | Viol_Order(max=3.00, mean=0.0117) | Viol_Exist(max=2.00, mean=1.1959) | Mu_O(max=10.6) Mu_E(max=10.6) | Lam_O(max=96.04) Lam_E(max=64.03)
  [Outer 20/20] Loss (KL=1.0854, Const=3435966.2500) | Viol_Order(max=1.00, mean=0.0101) | Viol_Exist(max=2.00, mean=1.1969) | Mu_O(max=146.2) Mu_E(max=146.2) | Lam_O(max=611.89) Lam_E(max=967.95)

[Projection Start] Batch: 512, Constraints: 34
  [Outer 01/20] Loss (KL=0.0000, Const=3127.2319) | Viol_Order(max=4.00, mean=0.0120) | Viol_Exist(max=2.00, mean=1.1961) | Mu_O(max=1.0) Mu_E(max=1.0) | Lam_O(max=0.00) Lam_E(max=0.00)
  [Outer 10/20] Loss (KL=0.0465, Const=232592.1250) | Viol_Order(max=2.00, mean=0.0115) | Viol_Exist(max=2.00, mean=1.1961) | Mu_O(max=10.6) Mu_E(max=10.6) | Lam_O(max=111.75) Lam_E(max=64.03)
  [Outer 20/20] Loss (KL=0.6924, Const=3437808.7500) | Viol_Order(max=2.00, mean=0.0101) | Viol_Exist(max=2.00, mean=1.1963) | Mu_O(max=146.2) Mu_E(max=146.2) | Lam_O(max=629.31) Lam_E(max=967.95)

[Projection Start] Batch: 512, Constraints: 34
  [Outer 01/20] Loss (KL=0.0000, Const=3105.5269) | Viol_Order(max=2.00, mean=0.0117) | Viol_Exist(max=2.00, mean=1.1949) | Mu_O(max=1.0) Mu_E(max=1.0) | Lam_O(max=0.00) Lam_E(max=0.00)
  [Outer 10/20] Loss (KL=0.0259, Const=231315.7656) | Viol_Order(max=2.00, mean=0.0112) | Viol_Exist(max=2.00, mean=1.1953) | Mu_O(max=10.6) Mu_E(max=10.6) | Lam_O(max=64.03) Lam_E(max=64.03)
  [Outer 20/20] Loss (KL=1.1348, Const=3424601.5000) | Viol_Order(max=2.00, mean=0.0099) | Viol_Exist(max=2.00, mean=1.1959) | Mu_O(max=146.2) Mu_E(max=146.2) | Lam_O(max=702.45) Lam_E(max=967.95)

[Projection Start] Batch: 512, Constraints: 34
  [Outer 01/20] Loss (KL=0.0000, Const=3107.1880) | Viol_Order(max=2.00, mean=0.0115) | Viol_Exist(max=2.00, mean=1.1951) | Mu_O(max=1.0) Mu_E(max=1.0) | Lam_O(max=0.00) Lam_E(max=0.00)
  [Outer 10/20] Loss (KL=0.0231, Const=231427.5000) | Viol_Order(max=2.00, mean=0.0111) | Viol_Exist(max=2.00, mean=1.1953) | Mu_O(max=10.6) Mu_E(max=10.6) | Lam_O(max=64.03) Lam_E(max=64.03)
  [Outer 20/20] Loss (KL=0.7354, Const=3428574.7500) | Viol_Order(max=1.00, mean=0.0098) | Viol_Exist(max=2.00, mean=1.1957) | Mu_O(max=146.2) Mu_E(max=146.2) | Lam_O(max=540.38) Lam_E(max=967.95)

[Projection Start] Batch: 512, Constraints: 34
  [Outer 01/20] Loss (KL=0.0000, Const=3104.5161) | Viol_Order(max=2.00, mean=0.0110) | Viol_Exist(max=2.00, mean=1.1955) | Mu_O(max=1.0) Mu_E(max=1.0) | Lam_O(max=0.00) Lam_E(max=0.00)
  [Outer 10/20] Loss (KL=0.0487, Const=231261.1562) | Viol_Order(max=2.00, mean=0.0109) | Viol_Exist(max=2.00, mean=1.1955) | Mu_O(max=10.6) Mu_E(max=10.6) | Lam_O(max=64.03) Lam_E(max=64.03)
  [Outer 20/20] Loss (KL=0.6115, Const=3424596.5000) | Viol_Order(max=1.00, mean=0.0104) | Viol_Exist(max=2.00, mean=1.1953) | Mu_O(max=146.2) Mu_E(max=146.2) | Lam_O(max=702.45) Lam_E(max=967.95)

[Projection Start] Batch: 512, Constraints: 34
  [Outer 01/20] Loss (KL=0.0000, Const=3103.4956) | Viol_Order(max=2.00, mean=0.0115) | Viol_Exist(max=2.00, mean=1.1949) | Mu_O(max=1.0) Mu_E(max=1.0) | Lam_O(max=0.00) Lam_E(max=0.00)
  [Outer 10/20] Loss (KL=0.0246, Const=231255.7500) | Viol_Order(max=2.00, mean=0.0113) | Viol_Exist(max=2.00, mean=1.1953) | Mu_O(max=10.6) Mu_E(max=10.6) | Lam_O(max=64.03) Lam_E(max=64.03)
  [Outer 20/20] Loss (KL=1.1211, Const=3422150.0000) | Viol_Order(max=2.00, mean=0.0108) | Viol_Exist(max=2.00, mean=1.1944) | Mu_O(max=146.2) Mu_E(max=146.2) | Lam_O(max=702.45) Lam_E(max=967.95)

[Projection Start] Batch: 512, Constraints: 34
  [Outer 01/20] Loss (KL=0.0000, Const=3095.9453) | Viol_Order(max=2.00, mean=0.0114) | Viol_Exist(max=2.00, mean=1.1942) | Mu_O(max=1.0) Mu_E(max=1.0) | Lam_O(max=0.00) Lam_E(max=0.00)
  [Outer 10/20] Loss (KL=0.0429, Const=230644.5000) | Viol_Order(max=2.00, mean=0.0108) | Viol_Exist(max=2.00, mean=1.1947) | Mu_O(max=10.6) Mu_E(max=10.6) | Lam_O(max=64.03) Lam_E(max=64.03)
  [Outer 20/20] Loss (KL=0.5323, Const=3413726.7500) | Viol_Order(max=3.00, mean=0.0106) | Viol_Exist(max=2.00, mean=1.1954) | Mu_O(max=146.2) Mu_E(max=146.2) | Lam_O(max=702.45) Lam_E(max=967.95)

[Projection Start] Batch: 512, Constraints: 34
  [Outer 01/20] Loss (KL=0.0000, Const=3107.2424) | Viol_Order(max=3.00, mean=0.0116) | Viol_Exist(max=2.00, mean=1.1947) | Mu_O(max=1.0) Mu_E(max=1.0) | Lam_O(max=0.00) Lam_E(max=0.00)
  [Outer 10/20] Loss (KL=0.0181, Const=231783.5625) | Viol_Order(max=3.00, mean=0.0116) | Viol_Exist(max=2.00, mean=1.1947) | Mu_O(max=10.6) Mu_E(max=10.6) | Lam_O(max=96.04) Lam_E(max=64.03)
  [Outer 20/20] Loss (KL=0.8670, Const=3424672.5000) | Viol_Order(max=2.00, mean=0.0104) | Viol_Exist(max=2.00, mean=1.1957) | Mu_O(max=146.2) Mu_E(max=146.2) | Lam_O(max=651.26) Lam_E(max=967.95)

[Projection Start] Batch: 512, Constraints: 34
  [Outer 01/20] Loss (KL=0.0000, Const=3113.5947) | Viol_Order(max=2.00, mean=0.0118) | Viol_Exist(max=2.00, mean=1.1955) | Mu_O(max=1.0) Mu_E(max=1.0) | Lam_O(max=0.00) Lam_E(max=0.00)
  [Outer 10/20] Loss (KL=0.0403, Const=231778.1875) | Viol_Order(max=2.00, mean=0.0112) | Viol_Exist(max=2.00, mean=1.1962) | Mu_O(max=10.6) Mu_E(max=10.6) | Lam_O(max=64.03) Lam_E(max=64.03)
  [Outer 20/20] Loss (KL=0.9787, Const=3423070.7500) | Viol_Order(max=3.00, mean=0.0109) | Viol_Exist(max=2.00, mean=1.1950) | Mu_O(max=146.2) Mu_E(max=146.2) | Lam_O(max=651.26) Lam_E(max=967.95)

[Projection Start] Batch: 512, Constraints: 34
  [Outer 01/20] Loss (KL=0.0000, Const=3110.3281) | Viol_Order(max=3.00, mean=0.0127) | Viol_Exist(max=2.00, mean=1.1937) | Mu_O(max=1.0) Mu_E(max=1.0) | Lam_O(max=0.00) Lam_E(max=0.00)
  [Outer 10/20] Loss (KL=0.0781, Const=230921.1562) | Viol_Order(max=2.00, mean=0.0119) | Viol_Exist(max=2.00, mean=1.1945) | Mu_O(max=10.6) Mu_E(max=10.6) | Lam_O(max=64.03) Lam_E(max=64.03)
  [Outer 20/20] Loss (KL=0.5874, Const=3412966.0000) | Viol_Order(max=3.00, mean=0.0111) | Viol_Exist(max=2.00, mean=1.1945) | Mu_O(max=146.2) Mu_E(max=146.2) | Lam_O(max=581.60) Lam_E(max=967.95)

[Projection Start] Batch: 512, Constraints: 34
  [Outer 01/20] Loss (KL=0.0000, Const=3104.3574) | Viol_Order(max=3.00, mean=0.0119) | Viol_Exist(max=2.00, mean=1.1942) | Mu_O(max=1.0) Mu_E(max=1.0) | Lam_O(max=0.00) Lam_E(max=0.00)
  [Outer 10/20] Loss (KL=0.0259, Const=231043.8750) | Viol_Order(max=2.00, mean=0.0116) | Viol_Exist(max=2.00, mean=1.1946) | Mu_O(max=10.6) Mu_E(max=10.6) | Lam_O(max=64.03) Lam_E(max=64.03)
  [Outer 20/20] Loss (KL=0.7660, Const=3418274.5000) | Viol_Order(max=3.00, mean=0.0105) | Viol_Exist(max=2.00, mean=1.1957) | Mu_O(max=146.2) Mu_E(max=146.2) | Lam_O(max=526.59) Lam_E(max=967.95)

[Projection Start] Batch: 512, Constraints: 34
  [Outer 01/20] Loss (KL=0.0000, Const=3104.9521) | Viol_Order(max=2.00, mean=0.0109) | Viol_Exist(max=2.00, mean=1.1954) | Mu_O(max=1.0) Mu_E(max=1.0) | Lam_O(max=0.00) Lam_E(max=0.00)
  [Outer 10/20] Loss (KL=0.0286, Const=231484.8750) | Viol_Order(max=2.00, mean=0.0108) | Viol_Exist(max=2.00, mean=1.1954) | Mu_O(max=10.6) Mu_E(max=10.6) | Lam_O(max=64.03) Lam_E(max=64.03)
  [Outer 20/20] Loss (KL=0.6289, Const=3435135.0000) | Viol_Order(max=1.00, mean=0.0100) | Viol_Exist(max=2.00, mean=1.1961) | Mu_O(max=146.2) Mu_E(max=146.2) | Lam_O(max=483.97) Lam_E(max=967.95)

[Projection Start] Batch: 512, Constraints: 34
  [Outer 01/20] Loss (KL=0.0000, Const=3104.4556) | Viol_Order(max=1.00, mean=0.0105) | Viol_Exist(max=2.00, mean=1.1961) | Mu_O(max=1.0) Mu_E(max=1.0) | Lam_O(max=0.00) Lam_E(max=0.00)
  [Outer 10/20] Loss (KL=0.0281, Const=231461.2969) | Viol_Order(max=1.00, mean=0.0107) | Viol_Exist(max=2.00, mean=1.1961) | Mu_O(max=10.6) Mu_E(max=10.6) | Lam_O(max=32.01) Lam_E(max=64.03)
  [Outer 20/20] Loss (KL=1.2788, Const=3432371.5000) | Viol_Order(max=2.00, mean=0.0103) | Viol_Exist(max=2.00, mean=1.1962) | Mu_O(max=146.2) Mu_E(max=146.2) | Lam_O(max=483.97) Lam_E(max=967.95)

[Projection Start] Batch: 512, Constraints: 34
  [Outer 01/20] Loss (KL=0.0003, Const=3110.0908) | Viol_Order(max=2.00, mean=0.0106) | Viol_Exist(max=2.00, mean=1.1960) | Mu_O(max=1.0) Mu_E(max=1.0) | Lam_O(max=0.00) Lam_E(max=0.00)
  [Outer 10/20] Loss (KL=0.0112, Const=231871.0625) | Viol_Order(max=2.00, mean=0.0106) | Viol_Exist(max=2.00, mean=1.1960) | Mu_O(max=10.6) Mu_E(max=10.6) | Lam_O(max=64.03) Lam_E(max=64.03)
  [Outer 20/20] Loss (KL=0.7206, Const=3436978.0000) | Viol_Order(max=4.00, mean=0.0108) | Viol_Exist(max=2.00, mean=1.1959) | Mu_O(max=146.2) Mu_E(max=146.2) | Lam_O(max=483.97) Lam_E(max=967.95)

[Projection Start] Batch: 512, Constraints: 34
  [Outer 01/20] Loss (KL=0.0000, Const=3121.3994) | Viol_Order(max=4.00, mean=0.0113) | Viol_Exist(max=2.00, mean=1.1957) | Mu_O(max=1.0) Mu_E(max=1.0) | Lam_O(max=0.00) Lam_E(max=0.00)
  [Outer 10/20] Loss (KL=0.0395, Const=232498.7812) | Viol_Order(max=3.00, mean=0.0111) | Viol_Exist(max=2.00, mean=1.1957) | Mu_O(max=10.6) Mu_E(max=10.6) | Lam_O(max=119.90) Lam_E(max=64.03)
  [Outer 20/20] Loss (KL=1.1091, Const=3433647.5000) | Viol_Order(max=3.00, mean=0.0101) | Viol_Exist(max=2.00, mean=1.1967) | Mu_O(max=146.2) Mu_E(max=146.2) | Lam_O(max=483.97) Lam_E(max=967.95)

[Projection Start] Batch: 512, Constraints: 34
  [Outer 01/20] Loss (KL=0.0001, Const=3129.0991) | Viol_Order(max=4.00, mean=0.0111) | Viol_Exist(max=2.00, mean=1.1962) | Mu_O(max=1.0) Mu_E(max=1.0) | Lam_O(max=0.00) Lam_E(max=0.00)
  [Outer 10/20] Loss (KL=0.0570, Const=232537.3750) | Viol_Order(max=3.00, mean=0.0105) | Viol_Exist(max=2.00, mean=1.1969) | Mu_O(max=10.6) Mu_E(max=10.6) | Lam_O(max=108.80) Lam_E(max=64.03)
  [Outer 20/20] Loss (KL=0.5818, Const=3452816.7500) | Viol_Order(max=1.00, mean=0.0099) | Viol_Exist(max=2.00, mean=1.1978) | Mu_O(max=146.2) Mu_E(max=146.2) | Lam_O(max=570.03) Lam_E(max=967.95)

[Projection Start] Batch: 512, Constraints: 34
  [Outer 01/20] Loss (KL=0.0000, Const=3129.4878) | Viol_Order(max=3.00, mean=0.0105) | Viol_Exist(max=2.00, mean=1.1976) | Mu_O(max=1.0) Mu_E(max=1.0) | Lam_O(max=0.00) Lam_E(max=0.00)
  [Outer 10/20] Loss (KL=0.0214, Const=233158.6406) | Viol_Order(max=2.00, mean=0.0103) | Viol_Exist(max=2.00, mean=1.1976) | Mu_O(max=10.6) Mu_E(max=10.6) | Lam_O(max=71.57) Lam_E(max=64.03)
  [Outer 20/20] Loss (KL=1.0093, Const=3444839.5000) | Viol_Order(max=2.00, mean=0.0104) | Viol_Exist(max=2.00, mean=1.1969) | Mu_O(max=146.2) Mu_E(max=146.2) | Lam_O(max=651.26) Lam_E(max=967.95)

[Projection Start] Batch: 512, Constraints: 34
  [Outer 01/20] Loss (KL=0.0000, Const=3122.1973) | Viol_Order(max=2.00, mean=0.0115) | Viol_Exist(max=2.00, mean=1.1961) | Mu_O(max=1.0) Mu_E(max=1.0) | Lam_O(max=0.00) Lam_E(max=0.00)
  [Outer 10/20] Loss (KL=0.0837, Const=231771.3750) | Viol_Order(max=2.00, mean=0.0111) | Viol_Exist(max=2.00, mean=1.1963) | Mu_O(max=10.6) Mu_E(max=10.6) | Lam_O(max=64.03) Lam_E(max=64.03)
  [Outer 20/20] Loss (KL=1.0537, Const=3428533.2500) | Viol_Order(max=2.00, mean=0.0102) | Viol_Exist(max=2.00, mean=1.1966) | Mu_O(max=146.2) Mu_E(max=146.2) | Lam_O(max=483.97) Lam_E(max=967.95)

[Projection Start] Batch: 512, Constraints: 34
  [Outer 01/20] Loss (KL=0.0000, Const=3123.4558) | Viol_Order(max=3.00, mean=0.0114) | Viol_Exist(max=2.00, mean=1.1958) | Mu_O(max=1.0) Mu_E(max=1.0) | Lam_O(max=0.00) Lam_E(max=0.00)
  [Outer 10/20] Loss (KL=0.0458, Const=232564.5156) | Viol_Order(max=2.00, mean=0.0110) | Viol_Exist(max=2.00, mean=1.1962) | Mu_O(max=10.6) Mu_E(max=10.6) | Lam_O(max=87.89) Lam_E(max=64.03)
  [Outer 20/20] Loss (KL=1.5162, Const=3425776.2500) | Viol_Order(max=2.00, mean=0.0109) | Viol_Exist(max=2.00, mean=1.1954) | Mu_O(max=146.2) Mu_E(max=146.2) | Lam_O(max=540.38) Lam_E(max=967.95)

[Projection Start] Batch: 512, Constraints: 34
  [Outer 01/20] Loss (KL=0.0001, Const=3109.0142) | Viol_Order(max=2.00, mean=0.0113) | Viol_Exist(max=2.00, mean=1.1951) | Mu_O(max=1.0) Mu_E(max=1.0) | Lam_O(max=0.00) Lam_E(max=0.00)
  [Outer 10/20] Loss (KL=0.0205, Const=231466.5156) | Viol_Order(max=3.00, mean=0.0117) | Viol_Exist(max=2.00, mean=1.1948) | Mu_O(max=10.6) Mu_E(max=10.6) | Lam_O(max=64.03) Lam_E(max=64.03)
  [Outer 20/20] Loss (KL=1.3130, Const=3417855.5000) | Viol_Order(max=3.00, mean=0.0117) | Viol_Exist(max=2.00, mean=1.1947) | Mu_O(max=146.2) Mu_E(max=146.2) | Lam_O(max=483.97) Lam_E(max=967.95)

[Projection Start] Batch: 512, Constraints: 34
  [Outer 01/20] Loss (KL=0.0000, Const=3123.3359) | Viol_Order(max=3.00, mean=0.0125) | Viol_Exist(max=2.00, mean=1.1947) | Mu_O(max=1.0) Mu_E(max=1.0) | Lam_O(max=0.00) Lam_E(max=0.00)
  [Outer 10/20] Loss (KL=0.0490, Const=232575.2031) | Viol_Order(max=3.00, mean=0.0121) | Viol_Exist(max=2.00, mean=1.1955) | Mu_O(max=10.6) Mu_E(max=10.6) | Lam_O(max=96.04) Lam_E(max=64.03)
  [Outer 20/20] Loss (KL=1.4056, Const=3435283.5000) | Viol_Order(max=1.00, mean=0.0105) | Viol_Exist(max=2.00, mean=1.1963) | Mu_O(max=146.2) Mu_E(max=146.2) | Lam_O(max=534.57) Lam_E(max=967.95)

[Projection Start] Batch: 512, Constraints: 34
  [Outer 01/20] Loss (KL=0.0000, Const=3126.9675) | Viol_Order(max=2.00, mean=0.0117) | Viol_Exist(max=2.00, mean=1.1963) | Mu_O(max=1.0) Mu_E(max=1.0) | Lam_O(max=0.00) Lam_E(max=0.00)
  [Outer 10/20] Loss (KL=0.0390, Const=233080.9062) | Viol_Order(max=2.00, mean=0.0117) | Viol_Exist(max=2.00, mean=1.1967) | Mu_O(max=10.6) Mu_E(max=10.6) | Lam_O(max=64.03) Lam_E(max=64.03)
  [Outer 20/20] Loss (KL=2.2619, Const=3438373.0000) | Viol_Order(max=2.00, mean=0.0112) | Viol_Exist(max=2.00, mean=1.1959) | Mu_O(max=146.2) Mu_E(max=146.2) | Lam_O(max=967.95) Lam_E(max=967.95)

[Projection Start] Batch: 512, Constraints: 34
  [Outer 01/20] Loss (KL=0.0000, Const=3121.6841) | Viol_Order(max=2.00, mean=0.0123) | Viol_Exist(max=2.00, mean=1.1955) | Mu_O(max=1.0) Mu_E(max=1.0) | Lam_O(max=0.00) Lam_E(max=0.00)
  [Outer 10/20] Loss (KL=0.0329, Const=232448.7812) | Viol_Order(max=2.00, mean=0.0123) | Viol_Exist(max=2.00, mean=1.1961) | Mu_O(max=10.6) Mu_E(max=10.6) | Lam_O(max=64.03) Lam_E(max=64.03)
  [Outer 20/20] Loss (KL=1.1326, Const=3432763.5000) | Viol_Order(max=2.00, mean=0.0105) | Viol_Exist(max=2.00, mean=1.1962) | Mu_O(max=146.2) Mu_E(max=146.2) | Lam_O(max=651.26) Lam_E(max=967.95)

[Projection Start] Batch: 512, Constraints: 34
  [Outer 01/20] Loss (KL=0.0000, Const=3110.2886) | Viol_Order(max=2.00, mean=0.0112) | Viol_Exist(max=2.00, mean=1.1955) | Mu_O(max=1.0) Mu_E(max=1.0) | Lam_O(max=0.00) Lam_E(max=0.00)
  [Outer 10/20] Loss (KL=0.0155, Const=232022.9688) | Viol_Order(max=2.00, mean=0.0111) | Viol_Exist(max=2.00, mean=1.1955) | Mu_O(max=10.6) Mu_E(max=10.6) | Lam_O(max=64.03) Lam_E(max=64.03)
  [Outer 20/20] Loss (KL=0.6142, Const=3443521.0000) | Viol_Order(max=2.00, mean=0.0109) | Viol_Exist(max=2.00, mean=1.1959) | Mu_O(max=146.2) Mu_E(max=146.2) | Lam_O(max=651.26) Lam_E(max=967.95)

[Projection Start] Batch: 512, Constraints: 34
  [Outer 01/20] Loss (KL=-0.0000, Const=3118.9609) | Viol_Order(max=2.00, mean=0.0116) | Viol_Exist(max=2.00, mean=1.1952) | Mu_O(max=1.0) Mu_E(max=1.0) | Lam_O(max=0.00) Lam_E(max=0.00)
  [Outer 10/20] Loss (KL=0.0364, Const=232036.0469) | Viol_Order(max=2.00, mean=0.0116) | Viol_Exist(max=2.00, mean=1.1950) | Mu_O(max=10.6) Mu_E(max=10.6) | Lam_O(max=64.03) Lam_E(max=64.03)
  [Outer 20/20] Loss (KL=1.7327, Const=3432856.0000) | Viol_Order(max=2.00, mean=0.0117) | Viol_Exist(max=2.00, mean=1.1954) | Mu_O(max=146.2) Mu_E(max=146.2) | Lam_O(max=743.04) Lam_E(max=967.95)

[Projection Start] Batch: 512, Constraints: 34
  [Outer 01/20] Loss (KL=0.0000, Const=3121.1633) | Viol_Order(max=2.00, mean=0.0121) | Viol_Exist(max=2.00, mean=1.1950) | Mu_O(max=1.0) Mu_E(max=1.0) | Lam_O(max=0.00) Lam_E(max=0.00)
  [Outer 10/20] Loss (KL=0.0210, Const=232680.1094) | Viol_Order(max=2.00, mean=0.0121) | Viol_Exist(max=2.00, mean=1.1950) | Mu_O(max=10.6) Mu_E(max=10.6) | Lam_O(max=64.03) Lam_E(max=64.03)
  [Outer 20/20] Loss (KL=1.2573, Const=3433261.5000) | Viol_Order(max=1.00, mean=0.0107) | Viol_Exist(max=2.00, mean=1.1962) | Mu_O(max=146.2) Mu_E(max=146.2) | Lam_O(max=526.59) Lam_E(max=967.95)

[Projection Start] Batch: 512, Constraints: 34
  [Outer 01/20] Loss (KL=0.0000, Const=3121.6680) | Viol_Order(max=2.00, mean=0.0115) | Viol_Exist(max=2.00, mean=1.1955) | Mu_O(max=1.0) Mu_E(max=1.0) | Lam_O(max=0.00) Lam_E(max=0.00)
  [Outer 10/20] Loss (KL=0.0355, Const=232288.7031) | Viol_Order(max=2.00, mean=0.0114) | Viol_Exist(max=2.00, mean=1.1957) | Mu_O(max=10.6) Mu_E(max=10.6) | Lam_O(max=64.03) Lam_E(max=64.03)
  [Outer 20/20] Loss (KL=0.7839, Const=3436197.5000) | Viol_Order(max=3.00, mean=0.0126) | Viol_Exist(max=2.00, mean=1.1944) | Mu_O(max=146.2) Mu_E(max=146.2) | Lam_O(max=967.95) Lam_E(max=967.95)
[DEBUG][shape] time torch.Size([512, 15])
[DEBUG][shape] mask torch.Size([512, 15])
[DEBUG][shape] tau  torch.Size([512, 15])
[DEBUG][shape] cond1 torch.Size([512, 15])
[DEBUG][shape] unpadded_length torch.Size([512]) 14
[DEBUG][shape] content_token torch.Size([512, 31])
po_matrix shape: torch.Size([512, 9, 9]) sum0: 20.0
tau before cond_encoder: torch.Size([512, 14]) time: torch.Size([512, 14])
tau after  cond_encoder: torch.Size([512, 14]) time: torch.Size([512, 14])

[Projection Start] Batch: 512, Constraints: 32
  [Outer 01/20] Loss (KL=1.9303, Const=6574.4976) | Viol_Order(max=2.00, mean=0.0013) | Viol_Exist(max=2.00, mean=1.8154) | Mu_O(max=1.0) Mu_E(max=1.0) | Lam_O(max=0.00) Lam_E(max=0.00)
  [Outer 10/20] Loss (KL=48.0996, Const=109038.5234) | Viol_Order(max=2.00, mean=0.0807) | Viol_Exist(max=2.00, mean=1.0732) | Mu_O(max=10.6) Mu_E(max=10.6) | Lam_O(max=32.01) Lam_E(max=64.03)
  [Outer 20/20] Loss (KL=70.0928, Const=1018074.0000) | Viol_Order(max=2.00, mean=0.0748) | Viol_Exist(max=2.00, mean=1.0781) | Mu_O(max=146.2) Mu_E(max=146.2) | Lam_O(max=483.97) Lam_E(max=967.95)

[Projection Start] Batch: 512, Constraints: 32
  [Outer 01/20] Loss (KL=2.4506, Const=5438.4365) | Viol_Order(max=2.00, mean=0.0049) | Viol_Exist(max=2.00, mean=1.7577) | Mu_O(max=1.0) Mu_E(max=1.0) | Lam_O(max=0.00) Lam_E(max=0.00)
  [Outer 10/20] Loss (KL=46.0558, Const=110407.7031) | Viol_Order(max=2.00, mean=0.0721) | Viol_Exist(max=2.00, mean=1.0813) | Mu_O(max=10.6) Mu_E(max=10.6) | Lam_O(max=32.01) Lam_E(max=64.03)
  [Outer 20/20] Loss (KL=67.6490, Const=1057804.8750) | Viol_Order(max=2.00, mean=0.0696) | Viol_Exist(max=2.00, mean=1.0797) | Mu_O(max=146.2) Mu_E(max=146.2) | Lam_O(max=483.97) Lam_E(max=967.95)

[Projection Start] Batch: 512, Constraints: 32
  [Outer 01/20] Loss (KL=2.5910, Const=4882.9956) | Viol_Order(max=3.00, mean=0.0072) | Viol_Exist(max=2.00, mean=1.7233) | Mu_O(max=1.0) Mu_E(max=1.0) | Lam_O(max=0.00) Lam_E(max=0.00)
  [Outer 10/20] Loss (KL=44.0787, Const=111714.4922) | Viol_Order(max=2.00, mean=0.0714) | Viol_Exist(max=2.00, mean=1.0810) | Mu_O(max=10.6) Mu_E(max=10.6) | Lam_O(max=32.01) Lam_E(max=64.03)
  [Outer 20/20] Loss (KL=65.4788, Const=1075331.3750) | Viol_Order(max=2.00, mean=0.0710) | Viol_Exist(max=2.00, mean=1.0800) | Mu_O(max=146.2) Mu_E(max=146.2) | Lam_O(max=483.97) Lam_E(max=967.95)

[Projection Start] Batch: 512, Constraints: 32
  [Outer 01/20] Loss (KL=2.6738, Const=4666.7446) | Viol_Order(max=3.00, mean=0.0096) | Viol_Exist(max=2.00, mean=1.6855) | Mu_O(max=1.0) Mu_E(max=1.0) | Lam_O(max=0.00) Lam_E(max=0.00)
  [Outer 10/20] Loss (KL=42.1212, Const=112799.6406) | Viol_Order(max=2.00, mean=0.0714) | Viol_Exist(max=2.00, mean=1.0799) | Mu_O(max=10.6) Mu_E(max=10.6) | Lam_O(max=36.41) Lam_E(max=64.03)
  [Outer 20/20] Loss (KL=62.8758, Const=1108907.2500) | Viol_Order(max=2.00, mean=0.0696) | Viol_Exist(max=2.00, mean=1.0781) | Mu_O(max=146.2) Mu_E(max=146.2) | Lam_O(max=487.17) Lam_E(max=967.95)

[Projection Start] Batch: 512, Constraints: 32
  [Outer 01/20] Loss (KL=2.7022, Const=4473.8154) | Viol_Order(max=3.00, mean=0.0121) | Viol_Exist(max=2.00, mean=1.6393) | Mu_O(max=1.0) Mu_E(max=1.0) | Lam_O(max=0.00) Lam_E(max=0.00)
  [Outer 10/20] Loss (KL=40.0125, Const=115003.5469) | Viol_Order(max=2.00, mean=0.0688) | Viol_Exist(max=2.00, mean=1.0837) | Mu_O(max=10.6) Mu_E(max=10.6) | Lam_O(max=34.63) Lam_E(max=64.03)
  [Outer 20/20] Loss (KL=59.9857, Const=1152121.7500) | Viol_Order(max=2.00, mean=0.0656) | Viol_Exist(max=2.00, mean=1.0834) | Mu_O(max=146.2) Mu_E(max=146.2) | Lam_O(max=483.97) Lam_E(max=967.95)

[Projection Start] Batch: 512, Constraints: 32
  [Outer 01/20] Loss (KL=2.6290, Const=4340.5903) | Viol_Order(max=4.00, mean=0.0168) | Viol_Exist(max=2.00, mean=1.6209) | Mu_O(max=1.0) Mu_E(max=1.0) | Lam_O(max=0.00) Lam_E(max=0.00)
  [Outer 10/20] Loss (KL=38.9937, Const=115292.5312) | Viol_Order(max=2.00, mean=0.0691) | Viol_Exist(max=2.00, mean=1.0831) | Mu_O(max=10.6) Mu_E(max=10.6) | Lam_O(max=37.30) Lam_E(max=64.03)
  [Outer 20/20] Loss (KL=59.0375, Const=1141247.0000) | Viol_Order(max=2.00, mean=0.0651) | Viol_Exist(max=2.00, mean=1.0836) | Mu_O(max=146.2) Mu_E(max=146.2) | Lam_O(max=485.97) Lam_E(max=967.95)

[Projection Start] Batch: 512, Constraints: 32
  [Outer 01/20] Loss (KL=2.5124, Const=4235.1562) | Viol_Order(max=4.00, mean=0.0181) | Viol_Exist(max=2.00, mean=1.5909) | Mu_O(max=1.0) Mu_E(max=1.0) | Lam_O(max=0.00) Lam_E(max=0.00)
  [Outer 10/20] Loss (KL=36.5751, Const=118354.1406) | Viol_Order(max=2.00, mean=0.0699) | Viol_Exist(max=2.00, mean=1.0846) | Mu_O(max=10.6) Mu_E(max=10.6) | Lam_O(max=38.20) Lam_E(max=64.03)
  [Outer 20/20] Loss (KL=54.9995, Const=1205760.0000) | Viol_Order(max=2.00, mean=0.0635) | Viol_Exist(max=2.00, mean=1.0879) | Mu_O(max=146.2) Mu_E(max=146.2) | Lam_O(max=490.16) Lam_E(max=967.95)

[Projection Start] Batch: 512, Constraints: 32
  [Outer 01/20] Loss (KL=2.5152, Const=4146.1914) | Viol_Order(max=4.00, mean=0.0217) | Viol_Exist(max=2.00, mean=1.5516) | Mu_O(max=1.0) Mu_E(max=1.0) | Lam_O(max=0.00) Lam_E(max=0.00)
  [Outer 10/20] Loss (KL=34.6384, Const=119560.2109) | Viol_Order(max=2.00, mean=0.0654) | Viol_Exist(max=2.00, mean=1.0878) | Mu_O(max=10.6) Mu_E(max=10.6) | Lam_O(max=34.70) Lam_E(max=64.03)
  [Outer 20/20] Loss (KL=53.1722, Const=1270532.2500) | Viol_Order(max=1.00, mean=0.0607) | Viol_Exist(max=2.00, mean=1.0878) | Mu_O(max=146.2) Mu_E(max=146.2) | Lam_O(max=486.27) Lam_E(max=967.95)

[Projection Start] Batch: 512, Constraints: 32
  [Outer 01/20] Loss (KL=2.4134, Const=4110.0078) | Viol_Order(max=6.00, mean=0.0284) | Viol_Exist(max=2.00, mean=1.5267) | Mu_O(max=1.0) Mu_E(max=1.0) | Lam_O(max=0.00) Lam_E(max=0.00)
  [Outer 10/20] Loss (KL=33.3924, Const=119947.0938) | Viol_Order(max=2.00, mean=0.0672) | Viol_Exist(max=2.00, mean=1.0826) | Mu_O(max=10.6) Mu_E(max=10.6) | Lam_O(max=39.14) Lam_E(max=64.03)
  [Outer 20/20] Loss (KL=50.1654, Const=1258968.2500) | Viol_Order(max=1.00, mean=0.0611) | Viol_Exist(max=2.00, mean=1.0906) | Mu_O(max=146.2) Mu_E(max=146.2) | Lam_O(max=487.17) Lam_E(max=967.95)

[Projection Start] Batch: 512, Constraints: 32
  [Outer 01/20] Loss (KL=2.3396, Const=4066.3206) | Viol_Order(max=4.00, mean=0.0270) | Viol_Exist(max=2.00, mean=1.4910) | Mu_O(max=1.0) Mu_E(max=1.0) | Lam_O(max=0.00) Lam_E(max=0.00)
  [Outer 10/20] Loss (KL=31.0195, Const=124640.4844) | Viol_Order(max=2.00, mean=0.0588) | Viol_Exist(max=2.00, mean=1.0936) | Mu_O(max=10.6) Mu_E(max=10.6) | Lam_O(max=38.20) Lam_E(max=64.03)
  [Outer 20/20] Loss (KL=48.1920, Const=1326367.7500) | Viol_Order(max=2.00, mean=0.0578) | Viol_Exist(max=2.00, mean=1.0982) | Mu_O(max=146.2) Mu_E(max=146.2) | Lam_O(max=490.16) Lam_E(max=967.95)

[Projection Start] Batch: 512, Constraints: 32
  [Outer 01/20] Loss (KL=2.1781, Const=3948.7617) | Viol_Order(max=3.00, mean=0.0304) | Viol_Exist(max=2.00, mean=1.4630) | Mu_O(max=1.0) Mu_E(max=1.0) | Lam_O(max=0.00) Lam_E(max=0.00)
  [Outer 10/20] Loss (KL=29.3956, Const=124972.1484) | Viol_Order(max=2.00, mean=0.0600) | Viol_Exist(max=2.00, mean=1.0924) | Mu_O(max=10.6) Mu_E(max=10.6) | Lam_O(max=33.31) Lam_E(max=64.03)
  [Outer 20/20] Loss (KL=45.3554, Const=1349000.1250) | Viol_Order(max=1.00, mean=0.0595) | Viol_Exist(max=2.00, mean=1.0955) | Mu_O(max=146.2) Mu_E(max=146.2) | Lam_O(max=484.97) Lam_E(max=967.95)

[Projection Start] Batch: 512, Constraints: 32
  [Outer 01/20] Loss (KL=2.0023, Const=3913.2607) | Viol_Order(max=4.00, mean=0.0348) | Viol_Exist(max=2.00, mean=1.4440) | Mu_O(max=1.0) Mu_E(max=1.0) | Lam_O(max=0.00) Lam_E(max=0.00)
  [Outer 10/20] Loss (KL=27.5158, Const=130743.9141) | Viol_Order(max=2.00, mean=0.0596) | Viol_Exist(max=2.00, mean=1.0939) | Mu_O(max=10.6) Mu_E(max=10.6) | Lam_O(max=38.92) Lam_E(max=64.03)
  [Outer 20/20] Loss (KL=42.2603, Const=1455513.0000) | Viol_Order(max=2.00, mean=0.0558) | Viol_Exist(max=2.00, mean=1.1005) | Mu_O(max=146.2) Mu_E(max=146.2) | Lam_O(max=485.66) Lam_E(max=967.95)

[Projection Start] Batch: 512, Constraints: 32
  [Outer 01/20] Loss (KL=1.9355, Const=3885.0972) | Viol_Order(max=4.00, mean=0.0379) | Viol_Exist(max=2.00, mean=1.3753) | Mu_O(max=1.0) Mu_E(max=1.0) | Lam_O(max=0.00) Lam_E(max=0.00)
  [Outer 10/20] Loss (KL=25.4804, Const=132929.7969) | Viol_Order(max=2.00, mean=0.0593) | Viol_Exist(max=2.00, mean=1.0972) | Mu_O(max=10.6) Mu_E(max=10.6) | Lam_O(max=34.31) Lam_E(max=64.03)
  [Outer 20/20] Loss (KL=40.4801, Const=1511611.5000) | Viol_Order(max=1.00, mean=0.0598) | Viol_Exist(max=2.00, mean=1.0961) | Mu_O(max=146.2) Mu_E(max=146.2) | Lam_O(max=486.27) Lam_E(max=967.95)

[Projection Start] Batch: 512, Constraints: 32
  [Outer 01/20] Loss (KL=1.7673, Const=3853.3164) | Viol_Order(max=4.00, mean=0.0425) | Viol_Exist(max=2.00, mean=1.3490) | Mu_O(max=1.0) Mu_E(max=1.0) | Lam_O(max=0.00) Lam_E(max=0.00)
  [Outer 10/20] Loss (KL=23.6466, Const=133866.3750) | Viol_Order(max=2.00, mean=0.0618) | Viol_Exist(max=2.00, mean=1.0958) | Mu_O(max=10.6) Mu_E(max=10.6) | Lam_O(max=37.86) Lam_E(max=64.03)
  [Outer 20/20] Loss (KL=37.0134, Const=1535148.6250) | Viol_Order(max=2.00, mean=0.0562) | Viol_Exist(max=2.00, mean=1.1003) | Mu_O(max=146.2) Mu_E(max=146.2) | Lam_O(max=489.82) Lam_E(max=967.95)

[Projection Start] Batch: 512, Constraints: 32
  [Outer 01/20] Loss (KL=1.6848, Const=3827.4358) | Viol_Order(max=3.00, mean=0.0460) | Viol_Exist(max=2.00, mean=1.2953) | Mu_O(max=1.0) Mu_E(max=1.0) | Lam_O(max=0.00) Lam_E(max=0.00)
  [Outer 10/20] Loss (KL=21.5222, Const=140209.5312) | Viol_Order(max=1.00, mean=0.0560) | Viol_Exist(max=2.00, mean=1.1004) | Mu_O(max=10.6) Mu_E(max=10.6) | Lam_O(max=35.00) Lam_E(max=64.03)
  [Outer 20/20] Loss (KL=33.7851, Const=1655368.1250) | Viol_Order(max=1.00, mean=0.0542) | Viol_Exist(max=2.00, mean=1.1043) | Mu_O(max=146.2) Mu_E(max=146.2) | Lam_O(max=486.27) Lam_E(max=967.95)

[Projection Start] Batch: 512, Constraints: 32
  [Outer 01/20] Loss (KL=1.4915, Const=3849.4963) | Viol_Order(max=4.00, mean=0.0465) | Viol_Exist(max=2.00, mean=1.2966) | Mu_O(max=1.0) Mu_E(max=1.0) | Lam_O(max=0.00) Lam_E(max=0.00)
  [Outer 10/20] Loss (KL=20.4564, Const=143636.5000) | Viol_Order(max=2.00, mean=0.0516) | Viol_Exist(max=2.00, mean=1.1022) | Mu_O(max=10.6) Mu_E(max=10.6) | Lam_O(max=36.00) Lam_E(max=64.03)
  [Outer 20/20] Loss (KL=32.2682, Const=1728343.5000) | Viol_Order(max=2.00, mean=0.0514) | Viol_Exist(max=2.00, mean=1.1080) | Mu_O(max=146.2) Mu_E(max=146.2) | Lam_O(max=487.96) Lam_E(max=967.95)

[Projection Start] Batch: 512, Constraints: 32
  [Outer 01/20] Loss (KL=1.3543, Const=3631.8311) | Viol_Order(max=4.00, mean=0.0561) | Viol_Exist(max=2.00, mean=1.2559) | Mu_O(max=1.0) Mu_E(max=1.0) | Lam_O(max=0.00) Lam_E(max=0.00)
  [Outer 10/20] Loss (KL=17.9997, Const=147379.9062) | Viol_Order(max=2.00, mean=0.0544) | Viol_Exist(max=2.00, mean=1.1060) | Mu_O(max=10.6) Mu_E(max=10.6) | Lam_O(max=41.06) Lam_E(max=64.03)
  [Outer 20/20] Loss (KL=29.1259, Const=1789996.1250) | Viol_Order(max=1.00, mean=0.0513) | Viol_Exist(max=2.00, mean=1.1118) | Mu_O(max=146.2) Mu_E(max=146.2) | Lam_O(max=493.02) Lam_E(max=967.95)

[Projection Start] Batch: 512, Constraints: 32
  [Outer 01/20] Loss (KL=1.2287, Const=3649.3813) | Viol_Order(max=6.00, mean=0.0584) | Viol_Exist(max=2.00, mean=1.2326) | Mu_O(max=1.0) Mu_E(max=1.0) | Lam_O(max=0.00) Lam_E(max=0.00)
  [Outer 10/20] Loss (KL=16.4358, Const=151978.0000) | Viol_Order(max=2.00, mean=0.0554) | Viol_Exist(max=2.00, mean=1.1096) | Mu_O(max=10.6) Mu_E(max=10.6) | Lam_O(max=34.61) Lam_E(max=64.03)
  [Outer 20/20] Loss (KL=26.7941, Const=1857489.1250) | Viol_Order(max=2.00, mean=0.0535) | Viol_Exist(max=2.00, mean=1.1147) | Mu_O(max=146.2) Mu_E(max=146.2) | Lam_O(max=485.66) Lam_E(max=967.95)

[Projection Start] Batch: 512, Constraints: 32
  [Outer 01/20] Loss (KL=1.0707, Const=3566.4060) | Viol_Order(max=4.00, mean=0.0630) | Viol_Exist(max=2.00, mean=1.2195) | Mu_O(max=1.0) Mu_E(max=1.0) | Lam_O(max=0.00) Lam_E(max=0.00)
  [Outer 10/20] Loss (KL=15.0477, Const=152560.3750) | Viol_Order(max=2.00, mean=0.0538) | Viol_Exist(max=2.00, mean=1.1087) | Mu_O(max=10.6) Mu_E(max=10.6) | Lam_O(max=33.70) Lam_E(max=64.03)
  [Outer 20/20] Loss (KL=24.8667, Const=1872113.1250) | Viol_Order(max=2.00, mean=0.0497) | Viol_Exist(max=2.00, mean=1.1198) | Mu_O(max=146.2) Mu_E(max=146.2) | Lam_O(max=484.97) Lam_E(max=967.95)

[Projection Start] Batch: 512, Constraints: 32
  [Outer 01/20] Loss (KL=0.9223, Const=3658.8838) | Viol_Order(max=4.00, mean=0.0670) | Viol_Exist(max=2.00, mean=1.2022) | Mu_O(max=1.0) Mu_E(max=1.0) | Lam_O(max=0.00) Lam_E(max=0.00)
  [Outer 10/20] Loss (KL=12.9394, Const=164856.2500) | Viol_Order(max=1.00, mean=0.0508) | Viol_Exist(max=2.00, mean=1.1158) | Mu_O(max=10.6) Mu_E(max=10.6) | Lam_O(max=35.00) Lam_E(max=64.03)
  [Outer 20/20] Loss (KL=20.9515, Const=2103195.0000) | Viol_Order(max=1.00, mean=0.0499) | Viol_Exist(max=2.00, mean=1.1218) | Mu_O(max=146.2) Mu_E(max=146.2) | Lam_O(max=486.27) Lam_E(max=967.95)

[Projection Start] Batch: 512, Constraints: 32
  [Outer 01/20] Loss (KL=0.7849, Const=3568.9409) | Viol_Order(max=4.00, mean=0.0714) | Viol_Exist(max=2.00, mean=1.1829) | Mu_O(max=1.0) Mu_E(max=1.0) | Lam_O(max=0.00) Lam_E(max=0.00)
  [Outer 10/20] Loss (KL=11.0944, Const=172185.0781) | Viol_Order(max=2.00, mean=0.0485) | Viol_Exist(max=2.00, mean=1.1219) | Mu_O(max=10.6) Mu_E(max=10.6) | Lam_O(max=36.00) Lam_E(max=64.03)
  [Outer 20/20] Loss (KL=18.2178, Const=2270290.7500) | Viol_Order(max=2.00, mean=0.0492) | Viol_Exist(max=2.00, mean=1.1242) | Mu_O(max=146.2) Mu_E(max=146.2) | Lam_O(max=487.96) Lam_E(max=967.95)

[Projection Start] Batch: 512, Constraints: 32
  [Outer 01/20] Loss (KL=0.6000, Const=3466.8257) | Viol_Order(max=4.00, mean=0.0721) | Viol_Exist(max=2.00, mean=1.1649) | Mu_O(max=1.0) Mu_E(max=1.0) | Lam_O(max=0.00) Lam_E(max=0.00)
  [Outer 10/20] Loss (KL=8.6460, Const=182904.3438) | Viol_Order(max=2.00, mean=0.0450) | Viol_Exist(max=2.00, mean=1.1295) | Mu_O(max=10.6) Mu_E(max=10.6) | Lam_O(max=37.07) Lam_E(max=64.03)
  [Outer 20/20] Loss (KL=14.7656, Const=2456172.2500) | Viol_Order(max=2.00, mean=0.0443) | Viol_Exist(max=2.00, mean=1.1304) | Mu_O(max=146.2) Mu_E(max=146.2) | Lam_O(max=489.03) Lam_E(max=967.95)

[Projection Start] Batch: 512, Constraints: 32
  [Outer 01/20] Loss (KL=0.4452, Const=3369.8713) | Viol_Order(max=5.00, mean=0.0645) | Viol_Exist(max=2.00, mean=1.1506) | Mu_O(max=1.0) Mu_E(max=1.0) | Lam_O(max=0.00) Lam_E(max=0.00)
  [Outer 10/20] Loss (KL=7.0535, Const=189663.2031) | Viol_Order(max=2.00, mean=0.0400) | Viol_Exist(max=2.00, mean=1.1340) | Mu_O(max=10.6) Mu_E(max=10.6) | Lam_O(max=37.17) Lam_E(max=64.03)
  [Outer 20/20] Loss (KL=11.4029, Const=2614232.0000) | Viol_Order(max=1.00, mean=0.0430) | Viol_Exist(max=2.00, mean=1.1292) | Mu_O(max=146.2) Mu_E(max=146.2) | Lam_O(max=489.13) Lam_E(max=967.95)

[Projection Start] Batch: 512, Constraints: 32
  [Outer 01/20] Loss (KL=0.2733, Const=3335.1182) | Viol_Order(max=3.00, mean=0.0619) | Viol_Exist(max=2.00, mean=1.1417) | Mu_O(max=1.0) Mu_E(max=1.0) | Lam_O(max=0.00) Lam_E(max=0.00)
  [Outer 10/20] Loss (KL=5.2410, Const=194520.8750) | Viol_Order(max=1.00, mean=0.0396) | Viol_Exist(max=2.00, mean=1.1323) | Mu_O(max=10.6) Mu_E(max=10.6) | Lam_O(max=35.70) Lam_E(max=64.03)
  [Outer 20/20] Loss (KL=8.5354, Const=2720628.0000) | Viol_Order(max=1.00, mean=0.0403) | Viol_Exist(max=2.00, mean=1.1318) | Mu_O(max=146.2) Mu_E(max=146.2) | Lam_O(max=487.66) Lam_E(max=967.95)

[Projection Start] Batch: 512, Constraints: 32
  [Outer 01/20] Loss (KL=0.1136, Const=3276.1492) | Viol_Order(max=3.00, mean=0.0582) | Viol_Exist(max=2.00, mean=1.1315) | Mu_O(max=1.0) Mu_E(max=1.0) | Lam_O(max=0.00) Lam_E(max=0.00)
  [Outer 10/20] Loss (KL=3.3718, Const=207180.1562) | Viol_Order(max=2.00, mean=0.0349) | Viol_Exist(max=2.00, mean=1.1396) | Mu_O(max=10.6) Mu_E(max=10.6) | Lam_O(max=36.00) Lam_E(max=64.03)
  [Outer 20/20] Loss (KL=5.8690, Const=2966435.5000) | Viol_Order(max=3.00, mean=0.0353) | Viol_Exist(max=2.00, mean=1.1389) | Mu_O(max=146.2) Mu_E(max=146.2) | Lam_O(max=487.96) Lam_E(max=967.95)

[Projection Start] Batch: 512, Constraints: 32
  [Outer 01/20] Loss (KL=0.0000, Const=3294.0852) | Viol_Order(max=5.00, mean=0.0526) | Viol_Exist(max=2.00, mean=1.1306) | Mu_O(max=1.0) Mu_E(max=1.0) | Lam_O(max=0.00) Lam_E(max=0.00)
  [Outer 10/20] Loss (KL=1.4112, Const=230248.3594) | Viol_Order(max=2.00, mean=0.0372) | Viol_Exist(max=2.00, mean=1.1414) | Mu_O(max=10.6) Mu_E(max=10.6) | Lam_O(max=82.12) Lam_E(max=64.03)
  [Outer 20/20] Loss (KL=7.2679, Const=3159131.0000) | Viol_Order(max=2.00, mean=0.0228) | Viol_Exist(max=2.00, mean=1.1554) | Mu_O(max=146.2) Mu_E(max=146.2) | Lam_O(max=576.39) Lam_E(max=967.95)

[Projection Start] Batch: 512, Constraints: 32
  [Outer 01/20] Loss (KL=0.0000, Const=3297.5229) | Viol_Order(max=4.00, mean=0.0422) | Viol_Exist(max=2.00, mean=1.1448) | Mu_O(max=1.0) Mu_E(max=1.0) | Lam_O(max=0.00) Lam_E(max=0.00)
  [Outer 10/20] Loss (KL=1.0606, Const=233669.1719) | Viol_Order(max=3.00, mean=0.0306) | Viol_Exist(max=2.00, mean=1.1525) | Mu_O(max=10.6) Mu_E(max=10.6) | Lam_O(max=87.89) Lam_E(max=64.03)
  [Outer 20/20] Loss (KL=4.5916, Const=3299310.0000) | Viol_Order(max=2.00, mean=0.0222) | Viol_Exist(max=2.00, mean=1.1559) | Mu_O(max=146.2) Mu_E(max=146.2) | Lam_O(max=611.89) Lam_E(max=967.95)

[Projection Start] Batch: 512, Constraints: 32
  [Outer 01/20] Loss (KL=0.0002, Const=3242.2866) | Viol_Order(max=4.00, mean=0.0377) | Viol_Exist(max=2.00, mean=1.1468) | Mu_O(max=1.0) Mu_E(max=1.0) | Lam_O(max=0.00) Lam_E(max=0.00)
  [Outer 10/20] Loss (KL=0.9419, Const=232425.2500) | Viol_Order(max=2.00, mean=0.0286) | Viol_Exist(max=2.00, mean=1.1529) | Mu_O(max=10.6) Mu_E(max=10.6) | Lam_O(max=75.56) Lam_E(max=64.03)
  [Outer 20/20] Loss (KL=4.4361, Const=3296865.5000) | Viol_Order(max=2.00, mean=0.0226) | Viol_Exist(max=2.00, mean=1.1553) | Mu_O(max=146.2) Mu_E(max=146.2) | Lam_O(max=558.30) Lam_E(max=967.95)

[Projection Start] Batch: 512, Constraints: 32
  [Outer 01/20] Loss (KL=0.0000, Const=3236.1318) | Viol_Order(max=4.00, mean=0.0346) | Viol_Exist(max=2.00, mean=1.1483) | Mu_O(max=1.0) Mu_E(max=1.0) | Lam_O(max=0.00) Lam_E(max=0.00)
  [Outer 10/20] Loss (KL=0.7750, Const=231958.2812) | Viol_Order(max=2.00, mean=0.0254) | Viol_Exist(max=2.00, mean=1.1539) | Mu_O(max=10.6) Mu_E(max=10.6) | Lam_O(max=96.04) Lam_E(max=64.03)
  [Outer 20/20] Loss (KL=3.2548, Const=3335442.0000) | Viol_Order(max=2.00, mean=0.0195) | Viol_Exist(max=2.00, mean=1.1580) | Mu_O(max=146.2) Mu_E(max=146.2) | Lam_O(max=590.32) Lam_E(max=967.95)

[Projection Start] Batch: 512, Constraints: 32
  [Outer 01/20] Loss (KL=0.0016, Const=3232.1167) | Viol_Order(max=4.00, mean=0.0323) | Viol_Exist(max=2.00, mean=1.1511) | Mu_O(max=1.0) Mu_E(max=1.0) | Lam_O(max=0.00) Lam_E(max=0.00)
  [Outer 10/20] Loss (KL=0.6774, Const=233273.3906) | Viol_Order(max=2.00, mean=0.0252) | Viol_Exist(max=2.00, mean=1.1559) | Mu_O(max=10.6) Mu_E(max=10.6) | Lam_O(max=103.59) Lam_E(max=64.03)
  [Outer 20/20] Loss (KL=3.8402, Const=3329081.0000) | Viol_Order(max=1.00, mean=0.0184) | Viol_Exist(max=2.00, mean=1.1589) | Mu_O(max=146.2) Mu_E(max=146.2) | Lam_O(max=540.38) Lam_E(max=967.95)

[Projection Start] Batch: 512, Constraints: 32
  [Outer 01/20] Loss (KL=0.0000, Const=3206.0601) | Viol_Order(max=4.00, mean=0.0287) | Viol_Exist(max=2.00, mean=1.1537) | Mu_O(max=1.0) Mu_E(max=1.0) | Lam_O(max=0.00) Lam_E(max=0.00)
  [Outer 10/20] Loss (KL=0.6320, Const=232305.0156) | Viol_Order(max=2.00, mean=0.0218) | Viol_Exist(max=2.00, mean=1.1588) | Mu_O(max=10.6) Mu_E(max=10.6) | Lam_O(max=96.04) Lam_E(max=64.03)
  [Outer 20/20] Loss (KL=2.8518, Const=3350923.0000) | Viol_Order(max=2.00, mean=0.0176) | Viol_Exist(max=2.00, mean=1.1596) | Mu_O(max=146.2) Mu_E(max=146.2) | Lam_O(max=581.60) Lam_E(max=967.95)

[Projection Start] Batch: 512, Constraints: 32
  [Outer 01/20] Loss (KL=0.0000, Const=3196.6738) | Viol_Order(max=3.00, mean=0.0278) | Viol_Exist(max=2.00, mean=1.1535) | Mu_O(max=1.0) Mu_E(max=1.0) | Lam_O(max=0.00) Lam_E(max=0.00)
  [Outer 10/20] Loss (KL=0.5845, Const=231945.7656) | Viol_Order(max=3.00, mean=0.0217) | Viol_Exist(max=2.00, mean=1.1581) | Mu_O(max=10.6) Mu_E(max=10.6) | Lam_O(max=96.04) Lam_E(max=64.03)
  [Outer 20/20] Loss (KL=2.6644, Const=3352068.5000) | Viol_Order(max=2.00, mean=0.0176) | Viol_Exist(max=2.00, mean=1.1591) | Mu_O(max=146.2) Mu_E(max=146.2) | Lam_O(max=611.89) Lam_E(max=967.95)

[Projection Start] Batch: 512, Constraints: 32
  [Outer 01/20] Loss (KL=0.0000, Const=3170.5566) | Viol_Order(max=4.00, mean=0.0256) | Viol_Exist(max=2.00, mean=1.1530) | Mu_O(max=1.0) Mu_E(max=1.0) | Lam_O(max=0.00) Lam_E(max=0.00)
  [Outer 10/20] Loss (KL=0.4929, Const=231225.9688) | Viol_Order(max=3.00, mean=0.0204) | Viol_Exist(max=2.00, mean=1.1564) | Mu_O(max=10.6) Mu_E(max=10.6) | Lam_O(max=72.01) Lam_E(max=64.03)
  [Outer 20/20] Loss (KL=2.7546, Const=3355903.7500) | Viol_Order(max=1.00, mean=0.0162) | Viol_Exist(max=2.00, mean=1.1605) | Mu_O(max=146.2) Mu_E(max=146.2) | Lam_O(max=611.89) Lam_E(max=967.95)

[Projection Start] Batch: 512, Constraints: 32
  [Outer 01/20] Loss (KL=0.0000, Const=3147.0591) | Viol_Order(max=3.00, mean=0.0226) | Viol_Exist(max=2.00, mean=1.1553) | Mu_O(max=1.0) Mu_E(max=1.0) | Lam_O(max=0.00) Lam_E(max=0.00)
  [Outer 10/20] Loss (KL=0.2754, Const=231470.2344) | Viol_Order(max=2.00, mean=0.0185) | Viol_Exist(max=2.00, mean=1.1588) | Mu_O(max=10.6) Mu_E(max=10.6) | Lam_O(max=64.03) Lam_E(max=64.03)
  [Outer 20/20] Loss (KL=2.9081, Const=3365923.5000) | Viol_Order(max=2.00, mean=0.0165) | Viol_Exist(max=2.00, mean=1.1585) | Mu_O(max=146.2) Mu_E(max=146.2) | Lam_O(max=581.60) Lam_E(max=967.95)

[Projection Start] Batch: 512, Constraints: 32
  [Outer 01/20] Loss (KL=0.0000, Const=3125.4619) | Viol_Order(max=4.00, mean=0.0232) | Viol_Exist(max=2.00, mean=1.1528) | Mu_O(max=1.0) Mu_E(max=1.0) | Lam_O(max=0.00) Lam_E(max=0.00)
  [Outer 10/20] Loss (KL=0.2918, Const=229840.1719) | Viol_Order(max=3.00, mean=0.0207) | Viol_Exist(max=2.00, mean=1.1542) | Mu_O(max=10.6) Mu_E(max=10.6) | Lam_O(max=64.03) Lam_E(max=64.03)
  [Outer 20/20] Loss (KL=1.8196, Const=3356195.2500) | Viol_Order(max=2.00, mean=0.0162) | Viol_Exist(max=2.00, mean=1.1584) | Mu_O(max=146.2) Mu_E(max=146.2) | Lam_O(max=540.38) Lam_E(max=967.95)

[Projection Start] Batch: 512, Constraints: 32
  [Outer 01/20] Loss (KL=0.0000, Const=3143.3516) | Viol_Order(max=3.00, mean=0.0234) | Viol_Exist(max=2.00, mean=1.1538) | Mu_O(max=1.0) Mu_E(max=1.0) | Lam_O(max=0.00) Lam_E(max=0.00)
  [Outer 10/20] Loss (KL=0.3648, Const=230449.8438) | Viol_Order(max=2.00, mean=0.0195) | Viol_Exist(max=2.00, mean=1.1559) | Mu_O(max=10.6) Mu_E(max=10.6) | Lam_O(max=64.03) Lam_E(max=64.03)
  [Outer 20/20] Loss (KL=2.0518, Const=3346986.5000) | Viol_Order(max=2.00, mean=0.0156) | Viol_Exist(max=2.00, mean=1.1580) | Mu_O(max=146.2) Mu_E(max=146.2) | Lam_O(max=540.38) Lam_E(max=967.95)

[Projection Start] Batch: 512, Constraints: 32
  [Outer 01/20] Loss (KL=0.0000, Const=3120.0083) | Viol_Order(max=2.00, mean=0.0212) | Viol_Exist(max=2.00, mean=1.1542) | Mu_O(max=1.0) Mu_E(max=1.0) | Lam_O(max=0.00) Lam_E(max=0.00)
  [Outer 10/20] Loss (KL=0.2981, Const=229512.4219) | Viol_Order(max=2.00, mean=0.0187) | Viol_Exist(max=2.00, mean=1.1556) | Mu_O(max=10.6) Mu_E(max=10.6) | Lam_O(max=64.03) Lam_E(max=64.03)
  [Outer 20/20] Loss (KL=1.8474, Const=3358031.5000) | Viol_Order(max=2.00, mean=0.0146) | Viol_Exist(max=2.00, mean=1.1599) | Mu_O(max=146.2) Mu_E(max=146.2) | Lam_O(max=581.60) Lam_E(max=967.95)

[Projection Start] Batch: 512, Constraints: 32
  [Outer 01/20] Loss (KL=0.0000, Const=3138.8008) | Viol_Order(max=4.00, mean=0.0204) | Viol_Exist(max=2.00, mean=1.1564) | Mu_O(max=1.0) Mu_E(max=1.0) | Lam_O(max=0.00) Lam_E(max=0.00)
  [Outer 10/20] Loss (KL=0.2416, Const=230703.8281) | Viol_Order(max=3.00, mean=0.0176) | Viol_Exist(max=2.00, mean=1.1586) | Mu_O(max=10.6) Mu_E(max=10.6) | Lam_O(max=76.79) Lam_E(max=64.03)
  [Outer 20/20] Loss (KL=1.9692, Const=3373939.0000) | Viol_Order(max=2.00, mean=0.0146) | Viol_Exist(max=2.00, mean=1.1599) | Mu_O(max=146.2) Mu_E(max=146.2) | Lam_O(max=540.38) Lam_E(max=967.95)

[Projection Start] Batch: 512, Constraints: 32
  [Outer 01/20] Loss (KL=0.0000, Const=3119.2876) | Viol_Order(max=3.00, mean=0.0197) | Viol_Exist(max=2.00, mean=1.1561) | Mu_O(max=1.0) Mu_E(max=1.0) | Lam_O(max=0.00) Lam_E(max=0.00)
  [Outer 10/20] Loss (KL=0.2538, Const=229639.5625) | Viol_Order(max=2.00, mean=0.0165) | Viol_Exist(max=2.00, mean=1.1585) | Mu_O(max=10.6) Mu_E(max=10.6) | Lam_O(max=96.04) Lam_E(max=64.03)
  [Outer 20/20] Loss (KL=1.8368, Const=3367651.5000) | Viol_Order(max=1.00, mean=0.0140) | Viol_Exist(max=2.00, mean=1.1594) | Mu_O(max=146.2) Mu_E(max=146.2) | Lam_O(max=572.39) Lam_E(max=967.95)

[Projection Start] Batch: 512, Constraints: 32
  [Outer 01/20] Loss (KL=0.0000, Const=3125.5415) | Viol_Order(max=3.00, mean=0.0193) | Viol_Exist(max=2.00, mean=1.1562) | Mu_O(max=1.0) Mu_E(max=1.0) | Lam_O(max=0.00) Lam_E(max=0.00)
  [Outer 10/20] Loss (KL=0.1661, Const=231013.0312) | Viol_Order(max=2.00, mean=0.0175) | Viol_Exist(max=2.00, mean=1.1570) | Mu_O(max=10.6) Mu_E(max=10.6) | Lam_O(max=73.07) Lam_E(max=64.03)
  [Outer 20/20] Loss (KL=1.8192, Const=3378374.5000) | Viol_Order(max=2.00, mean=0.0139) | Viol_Exist(max=2.00, mean=1.1604) | Mu_O(max=146.2) Mu_E(max=146.2) | Lam_O(max=558.30) Lam_E(max=967.95)

[Projection Start] Batch: 512, Constraints: 32
  [Outer 01/20] Loss (KL=0.0001, Const=3128.3782) | Viol_Order(max=3.00, mean=0.0188) | Viol_Exist(max=2.00, mean=1.1578) | Mu_O(max=1.0) Mu_E(max=1.0) | Lam_O(max=0.00) Lam_E(max=0.00)
  [Outer 10/20] Loss (KL=0.2325, Const=230781.1250) | Viol_Order(max=3.00, mean=0.0164) | Viol_Exist(max=2.00, mean=1.1587) | Mu_O(max=10.6) Mu_E(max=10.6) | Lam_O(max=96.04) Lam_E(max=64.03)
  [Outer 20/20] Loss (KL=1.8036, Const=3379494.5000) | Viol_Order(max=2.00, mean=0.0134) | Viol_Exist(max=2.00, mean=1.1605) | Mu_O(max=146.2) Mu_E(max=146.2) | Lam_O(max=558.30) Lam_E(max=967.95)

[Projection Start] Batch: 512, Constraints: 32
  [Outer 01/20] Loss (KL=0.0000, Const=3121.1299) | Viol_Order(max=3.00, mean=0.0180) | Viol_Exist(max=2.00, mean=1.1572) | Mu_O(max=1.0) Mu_E(max=1.0) | Lam_O(max=0.00) Lam_E(max=0.00)
  [Outer 10/20] Loss (KL=0.1992, Const=230492.5156) | Viol_Order(max=2.00, mean=0.0157) | Viol_Exist(max=2.00, mean=1.1592) | Mu_O(max=10.6) Mu_E(max=10.6) | Lam_O(max=96.04) Lam_E(max=64.03)
  [Outer 20/20] Loss (KL=1.6089, Const=3386893.0000) | Viol_Order(max=2.00, mean=0.0127) | Viol_Exist(max=2.00, mean=1.1619) | Mu_O(max=146.2) Mu_E(max=146.2) | Lam_O(max=643.90) Lam_E(max=967.95)

[Projection Start] Batch: 512, Constraints: 32
  [Outer 01/20] Loss (KL=0.0000, Const=3125.7434) | Viol_Order(max=4.00, mean=0.0179) | Viol_Exist(max=2.00, mean=1.1583) | Mu_O(max=1.0) Mu_E(max=1.0) | Lam_O(max=0.00) Lam_E(max=0.00)
  [Outer 10/20] Loss (KL=0.2542, Const=230371.9844) | Viol_Order(max=2.00, mean=0.0156) | Viol_Exist(max=2.00, mean=1.1595) | Mu_O(max=10.6) Mu_E(max=10.6) | Lam_O(max=87.89) Lam_E(max=64.03)
  [Outer 20/20] Loss (KL=1.6799, Const=3378236.7500) | Viol_Order(max=1.00, mean=0.0141) | Viol_Exist(max=2.00, mean=1.1586) | Mu_O(max=146.2) Mu_E(max=146.2) | Lam_O(max=581.60) Lam_E(max=967.95)

[Projection Start] Batch: 512, Constraints: 32
  [Outer 01/20] Loss (KL=-0.0000, Const=3107.7920) | Viol_Order(max=3.00, mean=0.0182) | Viol_Exist(max=2.00, mean=1.1562) | Mu_O(max=1.0) Mu_E(max=1.0) | Lam_O(max=0.00) Lam_E(max=0.00)
  [Outer 10/20] Loss (KL=0.2278, Const=229782.5938) | Viol_Order(max=2.00, mean=0.0165) | Viol_Exist(max=2.00, mean=1.1564) | Mu_O(max=10.6) Mu_E(max=10.6) | Lam_O(max=87.89) Lam_E(max=64.03)
  [Outer 20/20] Loss (KL=1.5401, Const=3375704.2500) | Viol_Order(max=1.00, mean=0.0130) | Viol_Exist(max=2.00, mean=1.1601) | Mu_O(max=146.2) Mu_E(max=146.2) | Lam_O(max=515.99) Lam_E(max=967.95)

[Projection Start] Batch: 512, Constraints: 32
  [Outer 01/20] Loss (KL=0.0000, Const=3102.5635) | Viol_Order(max=4.00, mean=0.0173) | Viol_Exist(max=2.00, mean=1.1564) | Mu_O(max=1.0) Mu_E(max=1.0) | Lam_O(max=0.00) Lam_E(max=0.00)
  [Outer 10/20] Loss (KL=0.1583, Const=229168.0625) | Viol_Order(max=2.00, mean=0.0147) | Viol_Exist(max=2.00, mean=1.1580) | Mu_O(max=10.6) Mu_E(max=10.6) | Lam_O(max=67.68) Lam_E(max=64.03)
  [Outer 20/20] Loss (KL=1.7333, Const=3371832.2500) | Viol_Order(max=1.00, mean=0.0124) | Viol_Exist(max=2.00, mean=1.1611) | Mu_O(max=146.2) Mu_E(max=146.2) | Lam_O(max=540.38) Lam_E(max=967.95)

[Projection Start] Batch: 512, Constraints: 32
  [Outer 01/20] Loss (KL=0.0000, Const=3112.7195) | Viol_Order(max=4.00, mean=0.0164) | Viol_Exist(max=2.00, mean=1.1573) | Mu_O(max=1.0) Mu_E(max=1.0) | Lam_O(max=0.00) Lam_E(max=0.00)
  [Outer 10/20] Loss (KL=0.2425, Const=229401.7031) | Viol_Order(max=2.00, mean=0.0138) | Viol_Exist(max=2.00, mean=1.1594) | Mu_O(max=10.6) Mu_E(max=10.6) | Lam_O(max=85.83) Lam_E(max=64.03)
  [Outer 20/20] Loss (KL=1.2202, Const=3385976.5000) | Viol_Order(max=1.00, mean=0.0132) | Viol_Exist(max=2.00, mean=1.1594) | Mu_O(max=146.2) Mu_E(max=146.2) | Lam_O(max=540.38) Lam_E(max=967.95)

[Projection Start] Batch: 512, Constraints: 32
  [Outer 01/20] Loss (KL=0.0000, Const=3113.2717) | Viol_Order(max=4.00, mean=0.0157) | Viol_Exist(max=2.00, mean=1.1584) | Mu_O(max=1.0) Mu_E(max=1.0) | Lam_O(max=0.00) Lam_E(max=0.00)
  [Outer 10/20] Loss (KL=0.1904, Const=230149.5938) | Viol_Order(max=2.00, mean=0.0145) | Viol_Exist(max=2.00, mean=1.1588) | Mu_O(max=10.6) Mu_E(max=10.6) | Lam_O(max=89.54) Lam_E(max=64.03)
  [Outer 20/20] Loss (KL=1.2393, Const=3389827.0000) | Viol_Order(max=1.00, mean=0.0124) | Viol_Exist(max=2.00, mean=1.1605) | Mu_O(max=146.2) Mu_E(max=146.2) | Lam_O(max=532.78) Lam_E(max=967.95)

[Projection Start] Batch: 512, Constraints: 32
  [Outer 01/20] Loss (KL=0.0000, Const=3105.1028) | Viol_Order(max=2.00, mean=0.0152) | Viol_Exist(max=2.00, mean=1.1589) | Mu_O(max=1.0) Mu_E(max=1.0) | Lam_O(max=0.00) Lam_E(max=0.00)
  [Outer 10/20] Loss (KL=0.1251, Const=230454.0000) | Viol_Order(max=2.00, mean=0.0141) | Viol_Exist(max=2.00, mean=1.1595) | Mu_O(max=10.6) Mu_E(max=10.6) | Lam_O(max=64.03) Lam_E(max=64.03)
  [Outer 20/20] Loss (KL=1.6567, Const=3380581.0000) | Viol_Order(max=2.00, mean=0.0128) | Viol_Exist(max=2.00, mean=1.1592) | Mu_O(max=146.2) Mu_E(max=146.2) | Lam_O(max=526.59) Lam_E(max=967.95)

[Projection Start] Batch: 512, Constraints: 32
  [Outer 01/20] Loss (KL=0.0000, Const=3096.1309) | Viol_Order(max=3.00, mean=0.0159) | Viol_Exist(max=2.00, mean=1.1573) | Mu_O(max=1.0) Mu_E(max=1.0) | Lam_O(max=0.00) Lam_E(max=0.00)
  [Outer 10/20] Loss (KL=0.1266, Const=229698.8750) | Viol_Order(max=2.00, mean=0.0146) | Viol_Exist(max=2.00, mean=1.1584) | Mu_O(max=10.6) Mu_E(max=10.6) | Lam_O(max=71.57) Lam_E(max=64.03)
  [Outer 20/20] Loss (KL=1.7265, Const=3367983.7500) | Viol_Order(max=2.00, mean=0.0130) | Viol_Exist(max=2.00, mean=1.1586) | Mu_O(max=146.2) Mu_E(max=146.2) | Lam_O(max=535.50) Lam_E(max=967.95)

[Projection Start] Batch: 512, Constraints: 32
  [Outer 01/20] Loss (KL=0.0000, Const=3089.1877) | Viol_Order(max=4.00, mean=0.0154) | Viol_Exist(max=2.00, mean=1.1573) | Mu_O(max=1.0) Mu_E(max=1.0) | Lam_O(max=0.00) Lam_E(max=0.00)
  [Outer 10/20] Loss (KL=0.1162, Const=229129.9531) | Viol_Order(max=2.00, mean=0.0144) | Viol_Exist(max=2.00, mean=1.1577) | Mu_O(max=10.6) Mu_E(max=10.6) | Lam_O(max=111.75) Lam_E(max=64.03)
  [Outer 20/20] Loss (KL=1.1051, Const=3376109.2500) | Viol_Order(max=1.00, mean=0.0129) | Viol_Exist(max=2.00, mean=1.1575) | Mu_O(max=146.2) Mu_E(max=146.2) | Lam_O(max=659.60) Lam_E(max=967.95)

[Projection Start] Batch: 512, Constraints: 32
  [Outer 01/20] Loss (KL=0.0000, Const=3065.8877) | Viol_Order(max=2.00, mean=0.0154) | Viol_Exist(max=2.00, mean=1.1555) | Mu_O(max=1.0) Mu_E(max=1.0) | Lam_O(max=0.00) Lam_E(max=0.00)
  [Outer 10/20] Loss (KL=0.0788, Const=227852.8125) | Viol_Order(max=2.00, mean=0.0146) | Viol_Exist(max=2.00, mean=1.1559) | Mu_O(max=10.6) Mu_E(max=10.6) | Lam_O(max=64.03) Lam_E(max=64.03)
  [Outer 20/20] Loss (KL=0.9278, Const=3364862.0000) | Viol_Order(max=1.00, mean=0.0128) | Viol_Exist(max=2.00, mean=1.1580) | Mu_O(max=146.2) Mu_E(max=146.2) | Lam_O(max=526.59) Lam_E(max=967.95)

[Projection Start] Batch: 512, Constraints: 32
  [Outer 01/20] Loss (KL=0.0000, Const=3069.9570) | Viol_Order(max=2.00, mean=0.0148) | Viol_Exist(max=2.00, mean=1.1567) | Mu_O(max=1.0) Mu_E(max=1.0) | Lam_O(max=0.00) Lam_E(max=0.00)
  [Outer 10/20] Loss (KL=0.0940, Const=228228.4688) | Viol_Order(max=2.00, mean=0.0139) | Viol_Exist(max=2.00, mean=1.1575) | Mu_O(max=10.6) Mu_E(max=10.6) | Lam_O(max=64.03) Lam_E(max=64.03)
  [Outer 20/20] Loss (KL=1.2015, Const=3361241.0000) | Viol_Order(max=2.00, mean=0.0122) | Viol_Exist(max=2.00, mean=1.1584) | Mu_O(max=146.2) Mu_E(max=146.2) | Lam_O(max=540.38) Lam_E(max=967.95)

[Projection Start] Batch: 512, Constraints: 32
  [Outer 01/20] Loss (KL=0.0000, Const=3068.0596) | Viol_Order(max=2.00, mean=0.0143) | Viol_Exist(max=2.00, mean=1.1566) | Mu_O(max=1.0) Mu_E(max=1.0) | Lam_O(max=0.00) Lam_E(max=0.00)
  [Outer 10/20] Loss (KL=0.0663, Const=227822.0000) | Viol_Order(max=2.00, mean=0.0134) | Viol_Exist(max=2.00, mean=1.1570) | Mu_O(max=10.6) Mu_E(max=10.6) | Lam_O(max=64.03) Lam_E(max=64.03)
  [Outer 20/20] Loss (KL=1.3798, Const=3355772.7500) | Viol_Order(max=2.00, mean=0.0125) | Viol_Exist(max=2.00, mean=1.1561) | Mu_O(max=146.2) Mu_E(max=146.2) | Lam_O(max=558.30) Lam_E(max=967.95)

[Projection Start] Batch: 512, Constraints: 32
  [Outer 01/20] Loss (KL=0.0001, Const=3052.1416) | Viol_Order(max=2.00, mean=0.0144) | Viol_Exist(max=2.00, mean=1.1550) | Mu_O(max=1.0) Mu_E(max=1.0) | Lam_O(max=0.00) Lam_E(max=0.00)
  [Outer 10/20] Loss (KL=0.0964, Const=226616.0156) | Viol_Order(max=2.00, mean=0.0135) | Viol_Exist(max=2.00, mean=1.1556) | Mu_O(max=10.6) Mu_E(max=10.6) | Lam_O(max=64.03) Lam_E(max=64.03)
  [Outer 20/20] Loss (KL=0.8434, Const=3352603.0000) | Viol_Order(max=2.00, mean=0.0130) | Viol_Exist(max=2.00, mean=1.1562) | Mu_O(max=146.2) Mu_E(max=146.2) | Lam_O(max=526.59) Lam_E(max=967.95)

[Projection Start] Batch: 512, Constraints: 32
  [Outer 01/20] Loss (KL=0.0001, Const=3061.2539) | Viol_Order(max=2.00, mean=0.0151) | Viol_Exist(max=2.00, mean=1.1549) | Mu_O(max=1.0) Mu_E(max=1.0) | Lam_O(max=0.00) Lam_E(max=0.00)
  [Outer 10/20] Loss (KL=0.0829, Const=227487.4219) | Viol_Order(max=2.00, mean=0.0142) | Viol_Exist(max=2.00, mean=1.1555) | Mu_O(max=10.6) Mu_E(max=10.6) | Lam_O(max=64.03) Lam_E(max=64.03)
  [Outer 20/20] Loss (KL=1.0742, Const=3348518.2500) | Viol_Order(max=3.00, mean=0.0125) | Viol_Exist(max=2.00, mean=1.1570) | Mu_O(max=146.2) Mu_E(max=146.2) | Lam_O(max=558.30) Lam_E(max=967.95)

[Projection Start] Batch: 512, Constraints: 32
  [Outer 01/20] Loss (KL=0.0004, Const=3069.9546) | Viol_Order(max=3.00, mean=0.0147) | Viol_Exist(max=2.00, mean=1.1556) | Mu_O(max=1.0) Mu_E(max=1.0) | Lam_O(max=0.00) Lam_E(max=0.00)
  [Outer 10/20] Loss (KL=0.1755, Const=227366.0000) | Viol_Order(max=2.00, mean=0.0137) | Viol_Exist(max=2.00, mean=1.1562) | Mu_O(max=10.6) Mu_E(max=10.6) | Lam_O(max=64.03) Lam_E(max=64.03)
  [Outer 20/20] Loss (KL=1.2548, Const=3355286.2500) | Viol_Order(max=2.00, mean=0.0120) | Viol_Exist(max=2.00, mean=1.1575) | Mu_O(max=146.2) Mu_E(max=146.2) | Lam_O(max=526.59) Lam_E(max=967.95)

[Projection Start] Batch: 512, Constraints: 32
  [Outer 01/20] Loss (KL=0.0023, Const=3067.5774) | Viol_Order(max=4.00, mean=0.0142) | Viol_Exist(max=2.00, mean=1.1561) | Mu_O(max=1.0) Mu_E(max=1.0) | Lam_O(max=0.00) Lam_E(max=0.00)
  [Outer 10/20] Loss (KL=0.1477, Const=227368.2500) | Viol_Order(max=2.00, mean=0.0130) | Viol_Exist(max=2.00, mean=1.1568) | Mu_O(max=10.6) Mu_E(max=10.6) | Lam_O(max=64.03) Lam_E(max=64.03)
  [Outer 20/20] Loss (KL=1.5410, Const=3355536.5000) | Viol_Order(max=2.00, mean=0.0131) | Viol_Exist(max=2.00, mean=1.1561) | Mu_O(max=146.2) Mu_E(max=146.2) | Lam_O(max=483.97) Lam_E(max=967.95)

[Projection Start] Batch: 512, Constraints: 32
  [Outer 01/20] Loss (KL=0.0000, Const=3059.1255) | Viol_Order(max=2.00, mean=0.0146) | Viol_Exist(max=2.00, mean=1.1546) | Mu_O(max=1.0) Mu_E(max=1.0) | Lam_O(max=0.00) Lam_E(max=0.00)
  [Outer 10/20] Loss (KL=0.1083, Const=226895.1094) | Viol_Order(max=2.00, mean=0.0134) | Viol_Exist(max=2.00, mean=1.1557) | Mu_O(max=10.6) Mu_E(max=10.6) | Lam_O(max=64.03) Lam_E(max=64.03)
  [Outer 20/20] Loss (KL=1.0772, Const=3336786.0000) | Viol_Order(max=3.00, mean=0.0139) | Viol_Exist(max=2.00, mean=1.1552) | Mu_O(max=146.2) Mu_E(max=146.2) | Lam_O(max=526.59) Lam_E(max=967.95)

[Projection Start] Batch: 512, Constraints: 32
  [Outer 01/20] Loss (KL=0.0000, Const=3061.9048) | Viol_Order(max=3.00, mean=0.0157) | Viol_Exist(max=2.00, mean=1.1540) | Mu_O(max=1.0) Mu_E(max=1.0) | Lam_O(max=0.00) Lam_E(max=0.00)
  [Outer 10/20] Loss (KL=0.1465, Const=226486.9375) | Viol_Order(max=2.00, mean=0.0144) | Viol_Exist(max=2.00, mean=1.1551) | Mu_O(max=10.6) Mu_E(max=10.6) | Lam_O(max=64.03) Lam_E(max=64.03)
  [Outer 20/20] Loss (KL=1.1711, Const=3339310.7500) | Viol_Order(max=1.00, mean=0.0129) | Viol_Exist(max=2.00, mean=1.1565) | Mu_O(max=146.2) Mu_E(max=146.2) | Lam_O(max=611.89) Lam_E(max=967.95)

[Projection Start] Batch: 512, Constraints: 32
  [Outer 01/20] Loss (KL=0.0010, Const=3055.1494) | Viol_Order(max=3.00, mean=0.0153) | Viol_Exist(max=2.00, mean=1.1541) | Mu_O(max=1.0) Mu_E(max=1.0) | Lam_O(max=0.00) Lam_E(max=0.00)
  [Outer 10/20] Loss (KL=0.1602, Const=226066.0938) | Viol_Order(max=2.00, mean=0.0142) | Viol_Exist(max=2.00, mean=1.1545) | Mu_O(max=10.6) Mu_E(max=10.6) | Lam_O(max=81.61) Lam_E(max=64.03)
  [Outer 20/20] Loss (KL=1.2213, Const=3342914.0000) | Viol_Order(max=1.00, mean=0.0131) | Viol_Exist(max=2.00, mean=1.1558) | Mu_O(max=146.2) Mu_E(max=146.2) | Lam_O(max=515.99) Lam_E(max=967.95)

[Projection Start] Batch: 512, Constraints: 32
  [Outer 01/20] Loss (KL=0.0000, Const=3066.4839) | Viol_Order(max=4.00, mean=0.0147) | Viol_Exist(max=2.00, mean=1.1553) | Mu_O(max=1.0) Mu_E(max=1.0) | Lam_O(max=0.00) Lam_E(max=0.00)
  [Outer 10/20] Loss (KL=0.1019, Const=227348.7812) | Viol_Order(max=3.00, mean=0.0138) | Viol_Exist(max=2.00, mean=1.1559) | Mu_O(max=10.6) Mu_E(max=10.6) | Lam_O(max=96.04) Lam_E(max=64.03)
  [Outer 20/20] Loss (KL=0.9988, Const=3348400.5000) | Viol_Order(max=2.00, mean=0.0128) | Viol_Exist(max=2.00, mean=1.1562) | Mu_O(max=146.2) Mu_E(max=146.2) | Lam_O(max=581.60) Lam_E(max=967.95)

[Projection Start] Batch: 512, Constraints: 32
  [Outer 01/20] Loss (KL=0.0000, Const=3064.8354) | Viol_Order(max=4.00, mean=0.0146) | Viol_Exist(max=2.00, mean=1.1549) | Mu_O(max=1.0) Mu_E(max=1.0) | Lam_O(max=0.00) Lam_E(max=0.00)
  [Outer 10/20] Loss (KL=0.1026, Const=227004.6250) | Viol_Order(max=2.00, mean=0.0135) | Viol_Exist(max=2.00, mean=1.1553) | Mu_O(max=10.6) Mu_E(max=10.6) | Lam_O(max=64.03) Lam_E(max=64.03)
  [Outer 20/20] Loss (KL=1.0085, Const=3354496.0000) | Viol_Order(max=2.00, mean=0.0121) | Viol_Exist(max=2.00, mean=1.1568) | Mu_O(max=146.2) Mu_E(max=146.2) | Lam_O(max=515.81) Lam_E(max=967.95)

[Projection Start] Batch: 512, Constraints: 32
  [Outer 01/20] Loss (KL=0.0000, Const=3066.8223) | Viol_Order(max=5.00, mean=0.0142) | Viol_Exist(max=2.00, mean=1.1562) | Mu_O(max=1.0) Mu_E(max=1.0) | Lam_O(max=0.00) Lam_E(max=0.00)
  [Outer 10/20] Loss (KL=0.1041, Const=227421.7969) | Viol_Order(max=2.00, mean=0.0133) | Viol_Exist(max=2.00, mean=1.1568) | Mu_O(max=10.6) Mu_E(max=10.6) | Lam_O(max=135.60) Lam_E(max=64.03)
  [Outer 20/20] Loss (KL=0.6882, Const=3365009.0000) | Viol_Order(max=1.00, mean=0.0113) | Viol_Exist(max=2.00, mean=1.1581) | Mu_O(max=146.2) Mu_E(max=146.2) | Lam_O(max=483.97) Lam_E(max=967.95)

[Projection Start] Batch: 512, Constraints: 32
  [Outer 01/20] Loss (KL=0.0000, Const=3069.5193) | Viol_Order(max=5.00, mean=0.0133) | Viol_Exist(max=2.00, mean=1.1572) | Mu_O(max=1.0) Mu_E(max=1.0) | Lam_O(max=0.00) Lam_E(max=0.00)
  [Outer 10/20] Loss (KL=0.0753, Const=227730.2500) | Viol_Order(max=2.00, mean=0.0126) | Viol_Exist(max=2.00, mean=1.1576) | Mu_O(max=10.6) Mu_E(max=10.6) | Lam_O(max=78.26) Lam_E(max=64.03)
  [Outer 20/20] Loss (KL=0.9299, Const=3369779.5000) | Viol_Order(max=1.00, mean=0.0115) | Viol_Exist(max=2.00, mean=1.1581) | Mu_O(max=146.2) Mu_E(max=146.2) | Lam_O(max=558.30) Lam_E(max=967.95)

[Projection Start] Batch: 512, Constraints: 32
  [Outer 01/20] Loss (KL=0.0000, Const=3051.5437) | Viol_Order(max=2.00, mean=0.0130) | Viol_Exist(max=2.00, mean=1.1566) | Mu_O(max=1.0) Mu_E(max=1.0) | Lam_O(max=0.00) Lam_E(max=0.00)
  [Outer 10/20] Loss (KL=0.0780, Const=226842.2812) | Viol_Order(max=2.00, mean=0.0126) | Viol_Exist(max=2.00, mean=1.1564) | Mu_O(max=10.6) Mu_E(max=10.6) | Lam_O(max=64.03) Lam_E(max=64.03)
  [Outer 20/20] Loss (KL=0.8701, Const=3359049.0000) | Viol_Order(max=1.00, mean=0.0116) | Viol_Exist(max=2.00, mean=1.1564) | Mu_O(max=146.2) Mu_E(max=146.2) | Lam_O(max=540.38) Lam_E(max=967.95)

[Projection Start] Batch: 512, Constraints: 32
  [Outer 01/20] Loss (KL=0.0008, Const=3043.1416) | Viol_Order(max=2.00, mean=0.0134) | Viol_Exist(max=2.00, mean=1.1552) | Mu_O(max=1.0) Mu_E(max=1.0) | Lam_O(max=0.00) Lam_E(max=0.00)
  [Outer 10/20] Loss (KL=0.0975, Const=225939.4844) | Viol_Order(max=2.00, mean=0.0129) | Viol_Exist(max=2.00, mean=1.1552) | Mu_O(max=10.6) Mu_E(max=10.6) | Lam_O(max=64.03) Lam_E(max=64.03)
  [Outer 20/20] Loss (KL=0.6981, Const=3349532.0000) | Viol_Order(max=2.00, mean=0.0127) | Viol_Exist(max=2.00, mean=1.1548) | Mu_O(max=146.2) Mu_E(max=146.2) | Lam_O(max=540.38) Lam_E(max=967.95)

[Projection Start] Batch: 512, Constraints: 32
  [Outer 01/20] Loss (KL=-0.0000, Const=3038.7500) | Viol_Order(max=2.00, mean=0.0138) | Viol_Exist(max=2.00, mean=1.1543) | Mu_O(max=1.0) Mu_E(max=1.0) | Lam_O(max=0.00) Lam_E(max=0.00)
  [Outer 10/20] Loss (KL=0.0689, Const=225716.3281) | Viol_Order(max=2.00, mean=0.0129) | Viol_Exist(max=2.00, mean=1.1548) | Mu_O(max=10.6) Mu_E(max=10.6) | Lam_O(max=64.03) Lam_E(max=64.03)
  [Outer 20/20] Loss (KL=1.0949, Const=3332518.5000) | Viol_Order(max=1.00, mean=0.0128) | Viol_Exist(max=2.00, mean=1.1544) | Mu_O(max=146.2) Mu_E(max=146.2) | Lam_O(max=558.30) Lam_E(max=967.95)

[Projection Start] Batch: 512, Constraints: 32
  [Outer 01/20] Loss (KL=0.0000, Const=3031.9463) | Viol_Order(max=2.00, mean=0.0141) | Viol_Exist(max=2.00, mean=1.1534) | Mu_O(max=1.0) Mu_E(max=1.0) | Lam_O(max=0.00) Lam_E(max=0.00)
  [Outer 10/20] Loss (KL=0.0617, Const=225539.1562) | Viol_Order(max=2.00, mean=0.0137) | Viol_Exist(max=2.00, mean=1.1534) | Mu_O(max=10.6) Mu_E(max=10.6) | Lam_O(max=64.03) Lam_E(max=64.03)
  [Outer 20/20] Loss (KL=0.8006, Const=3329370.2500) | Viol_Order(max=2.00, mean=0.0128) | Viol_Exist(max=2.00, mean=1.1544) | Mu_O(max=146.2) Mu_E(max=146.2) | Lam_O(max=611.89) Lam_E(max=967.95)

[Projection Start] Batch: 512, Constraints: 32
  [Outer 01/20] Loss (KL=0.0000, Const=3039.1260) | Viol_Order(max=2.00, mean=0.0139) | Viol_Exist(max=2.00, mean=1.1542) | Mu_O(max=1.0) Mu_E(max=1.0) | Lam_O(max=0.00) Lam_E(max=0.00)
  [Outer 10/20] Loss (KL=0.0381, Const=226337.7344) | Viol_Order(max=2.00, mean=0.0137) | Viol_Exist(max=2.00, mean=1.1544) | Mu_O(max=10.6) Mu_E(max=10.6) | Lam_O(max=64.03) Lam_E(max=64.03)
  [Outer 20/20] Loss (KL=1.0365, Const=3339766.0000) | Viol_Order(max=2.00, mean=0.0123) | Viol_Exist(max=2.00, mean=1.1544) | Mu_O(max=146.2) Mu_E(max=146.2) | Lam_O(max=581.60) Lam_E(max=967.95)

[Projection Start] Batch: 512, Constraints: 32
  [Outer 01/20] Loss (KL=0.0000, Const=3018.1562) | Viol_Order(max=2.00, mean=0.0135) | Viol_Exist(max=2.00, mean=1.1528) | Mu_O(max=1.0) Mu_E(max=1.0) | Lam_O(max=0.00) Lam_E(max=0.00)
  [Outer 10/20] Loss (KL=0.0348, Const=224712.0312) | Viol_Order(max=1.00, mean=0.0132) | Viol_Exist(max=2.00, mean=1.1533) | Mu_O(max=10.6) Mu_E(max=10.6) | Lam_O(max=32.01) Lam_E(max=64.03)
  [Outer 20/20] Loss (KL=1.1484, Const=3324863.5000) | Viol_Order(max=1.00, mean=0.0120) | Viol_Exist(max=2.00, mean=1.1550) | Mu_O(max=146.2) Mu_E(max=146.2) | Lam_O(max=483.97) Lam_E(max=967.95)

[Projection Start] Batch: 512, Constraints: 32
  [Outer 01/20] Loss (KL=0.0000, Const=3033.1736) | Viol_Order(max=2.00, mean=0.0134) | Viol_Exist(max=2.00, mean=1.1542) | Mu_O(max=1.0) Mu_E(max=1.0) | Lam_O(max=0.00) Lam_E(max=0.00)
  [Outer 10/20] Loss (KL=0.0108, Const=226167.1250) | Viol_Order(max=2.00, mean=0.0132) | Viol_Exist(max=2.00, mean=1.1542) | Mu_O(max=10.6) Mu_E(max=10.6) | Lam_O(max=64.03) Lam_E(max=64.03)
  [Outer 20/20] Loss (KL=1.2617, Const=3339902.5000) | Viol_Order(max=2.00, mean=0.0120) | Viol_Exist(max=2.00, mean=1.1551) | Mu_O(max=146.2) Mu_E(max=146.2) | Lam_O(max=540.38) Lam_E(max=967.95)

[Projection Start] Batch: 512, Constraints: 32
  [Outer 01/20] Loss (KL=0.0000, Const=3030.2358) | Viol_Order(max=2.00, mean=0.0135) | Viol_Exist(max=2.00, mean=1.1539) | Mu_O(max=1.0) Mu_E(max=1.0) | Lam_O(max=0.00) Lam_E(max=0.00)
  [Outer 10/20] Loss (KL=0.0176, Const=225946.8281) | Viol_Order(max=2.00, mean=0.0135) | Viol_Exist(max=2.00, mean=1.1539) | Mu_O(max=10.6) Mu_E(max=10.6) | Lam_O(max=64.03) Lam_E(max=64.03)
  [Outer 20/20] Loss (KL=0.8507, Const=3335673.0000) | Viol_Order(max=2.00, mean=0.0120) | Viol_Exist(max=2.00, mean=1.1552) | Mu_O(max=146.2) Mu_E(max=146.2) | Lam_O(max=581.60) Lam_E(max=967.95)

[Projection Start] Batch: 512, Constraints: 32
  [Outer 01/20] Loss (KL=0.0000, Const=3035.9558) | Viol_Order(max=2.00, mean=0.0135) | Viol_Exist(max=2.00, mean=1.1546) | Mu_O(max=1.0) Mu_E(max=1.0) | Lam_O(max=0.00) Lam_E(max=0.00)
  [Outer 10/20] Loss (KL=0.0445, Const=225859.5312) | Viol_Order(max=2.00, mean=0.0132) | Viol_Exist(max=2.00, mean=1.1548) | Mu_O(max=10.6) Mu_E(max=10.6) | Lam_O(max=64.03) Lam_E(max=64.03)
  [Outer 20/20] Loss (KL=0.9051, Const=3345096.0000) | Viol_Order(max=3.00, mean=0.0125) | Viol_Exist(max=2.00, mean=1.1556) | Mu_O(max=146.2) Mu_E(max=146.2) | Lam_O(max=540.38) Lam_E(max=967.95)

[Projection Start] Batch: 512, Constraints: 32
  [Outer 01/20] Loss (KL=0.0000, Const=3034.8457) | Viol_Order(max=3.00, mean=0.0134) | Viol_Exist(max=2.00, mean=1.1543) | Mu_O(max=1.0) Mu_E(max=1.0) | Lam_O(max=0.00) Lam_E(max=0.00)
  [Outer 10/20] Loss (KL=0.0580, Const=225417.3281) | Viol_Order(max=3.00, mean=0.0128) | Viol_Exist(max=2.00, mean=1.1548) | Mu_O(max=10.6) Mu_E(max=10.6) | Lam_O(max=64.03) Lam_E(max=64.03)
  [Outer 20/20] Loss (KL=0.7320, Const=3339974.2500) | Viol_Order(max=3.00, mean=0.0125) | Viol_Exist(max=2.00, mean=1.1554) | Mu_O(max=146.2) Mu_E(max=146.2) | Lam_O(max=581.60) Lam_E(max=967.95)

[Projection Start] Batch: 512, Constraints: 32
  [Outer 01/20] Loss (KL=0.0000, Const=3040.7700) | Viol_Order(max=3.00, mean=0.0131) | Viol_Exist(max=2.00, mean=1.1549) | Mu_O(max=1.0) Mu_E(max=1.0) | Lam_O(max=0.00) Lam_E(max=0.00)
  [Outer 10/20] Loss (KL=0.0577, Const=226244.4219) | Viol_Order(max=2.00, mean=0.0128) | Viol_Exist(max=2.00, mean=1.1552) | Mu_O(max=10.6) Mu_E(max=10.6) | Lam_O(max=87.89) Lam_E(max=64.03)
  [Outer 20/20] Loss (KL=0.6729, Const=3354252.2500) | Viol_Order(max=1.00, mean=0.0114) | Viol_Exist(max=2.00, mean=1.1568) | Mu_O(max=146.2) Mu_E(max=146.2) | Lam_O(max=651.26) Lam_E(max=967.95)

[Projection Start] Batch: 512, Constraints: 32
  [Outer 01/20] Loss (KL=0.0000, Const=3030.6431) | Viol_Order(max=2.00, mean=0.0121) | Viol_Exist(max=2.00, mean=1.1559) | Mu_O(max=1.0) Mu_E(max=1.0) | Lam_O(max=0.00) Lam_E(max=0.00)
  [Outer 10/20] Loss (KL=0.0326, Const=225741.6250) | Viol_Order(max=1.00, mean=0.0117) | Viol_Exist(max=2.00, mean=1.1564) | Mu_O(max=10.6) Mu_E(max=10.6) | Lam_O(max=64.03) Lam_E(max=64.03)
  [Outer 20/20] Loss (KL=0.7583, Const=3348550.5000) | Viol_Order(max=2.00, mean=0.0120) | Viol_Exist(max=2.00, mean=1.1563) | Mu_O(max=146.2) Mu_E(max=146.2) | Lam_O(max=483.97) Lam_E(max=967.95)

[Projection Start] Batch: 512, Constraints: 32
  [Outer 01/20] Loss (KL=0.0000, Const=3035.7576) | Viol_Order(max=2.00, mean=0.0126) | Viol_Exist(max=2.00, mean=1.1556) | Mu_O(max=1.0) Mu_E(max=1.0) | Lam_O(max=0.00) Lam_E(max=0.00)
  [Outer 10/20] Loss (KL=0.0289, Const=225997.3438) | Viol_Order(max=1.00, mean=0.0122) | Viol_Exist(max=2.00, mean=1.1559) | Mu_O(max=10.6) Mu_E(max=10.6) | Lam_O(max=64.03) Lam_E(max=64.03)
  [Outer 20/20] Loss (KL=1.0165, Const=3342160.5000) | Viol_Order(max=2.00, mean=0.0117) | Viol_Exist(max=2.00, mean=1.1566) | Mu_O(max=146.2) Mu_E(max=146.2) | Lam_O(max=483.97) Lam_E(max=967.95)

[Projection Start] Batch: 512, Constraints: 32
  [Outer 01/20] Loss (KL=0.0000, Const=3041.1045) | Viol_Order(max=2.00, mean=0.0128) | Viol_Exist(max=2.00, mean=1.1561) | Mu_O(max=1.0) Mu_E(max=1.0) | Lam_O(max=0.00) Lam_E(max=0.00)
  [Outer 10/20] Loss (KL=0.0682, Const=226140.0938) | Viol_Order(max=2.00, mean=0.0118) | Viol_Exist(max=2.00, mean=1.1571) | Mu_O(max=10.6) Mu_E(max=10.6) | Lam_O(max=64.03) Lam_E(max=64.03)
  [Outer 20/20] Loss (KL=0.6435, Const=3349799.0000) | Viol_Order(max=2.00, mean=0.0123) | Viol_Exist(max=2.00, mean=1.1558) | Mu_O(max=146.2) Mu_E(max=146.2) | Lam_O(max=483.97) Lam_E(max=967.95)

[Projection Start] Batch: 512, Constraints: 32
  [Outer 01/20] Loss (KL=0.0000, Const=3039.3013) | Viol_Order(max=2.00, mean=0.0131) | Viol_Exist(max=2.00, mean=1.1556) | Mu_O(max=1.0) Mu_E(max=1.0) | Lam_O(max=0.00) Lam_E(max=0.00)
  [Outer 10/20] Loss (KL=0.0724, Const=226135.1250) | Viol_Order(max=2.00, mean=0.0123) | Viol_Exist(max=2.00, mean=1.1558) | Mu_O(max=10.6) Mu_E(max=10.6) | Lam_O(max=64.03) Lam_E(max=64.03)
  [Outer 20/20] Loss (KL=0.7142, Const=3351919.5000) | Viol_Order(max=1.00, mean=0.0121) | Viol_Exist(max=2.00, mean=1.1557) | Mu_O(max=146.2) Mu_E(max=146.2) | Lam_O(max=526.59) Lam_E(max=967.95)

[Projection Start] Batch: 512, Constraints: 32
  [Outer 01/20] Loss (KL=0.0000, Const=3030.0637) | Viol_Order(max=2.00, mean=0.0131) | Viol_Exist(max=2.00, mean=1.1544) | Mu_O(max=1.0) Mu_E(max=1.0) | Lam_O(max=0.00) Lam_E(max=0.00)
  [Outer 10/20] Loss (KL=0.0494, Const=225525.6094) | Viol_Order(max=2.00, mean=0.0128) | Viol_Exist(max=2.00, mean=1.1550) | Mu_O(max=10.6) Mu_E(max=10.6) | Lam_O(max=64.03) Lam_E(max=64.03)
  [Outer 20/20] Loss (KL=0.7373, Const=3344740.0000) | Viol_Order(max=3.00, mean=0.0118) | Viol_Exist(max=2.00, mean=1.1559) | Mu_O(max=146.2) Mu_E(max=146.2) | Lam_O(max=483.97) Lam_E(max=967.95)

[Projection Start] Batch: 512, Constraints: 32
  [Outer 01/20] Loss (KL=0.0000, Const=3037.3989) | Viol_Order(max=3.00, mean=0.0125) | Viol_Exist(max=2.00, mean=1.1557) | Mu_O(max=1.0) Mu_E(max=1.0) | Lam_O(max=0.00) Lam_E(max=0.00)
  [Outer 10/20] Loss (KL=0.0295, Const=226035.8594) | Viol_Order(max=2.00, mean=0.0121) | Viol_Exist(max=2.00, mean=1.1559) | Mu_O(max=10.6) Mu_E(max=10.6) | Lam_O(max=64.03) Lam_E(max=64.03)
  [Outer 20/20] Loss (KL=0.5052, Const=3355354.0000) | Viol_Order(max=1.00, mean=0.0115) | Viol_Exist(max=2.00, mean=1.1565) | Mu_O(max=146.2) Mu_E(max=146.2) | Lam_O(max=702.45) Lam_E(max=967.95)

[Projection Start] Batch: 512, Constraints: 32
  [Outer 01/20] Loss (KL=0.0000, Const=3039.7827) | Viol_Order(max=3.00, mean=0.0130) | Viol_Exist(max=2.00, mean=1.1552) | Mu_O(max=1.0) Mu_E(max=1.0) | Lam_O(max=0.00) Lam_E(max=0.00)
  [Outer 10/20] Loss (KL=0.0973, Const=225703.0938) | Viol_Order(max=2.00, mean=0.0123) | Viol_Exist(max=2.00, mean=1.1556) | Mu_O(max=10.6) Mu_E(max=10.6) | Lam_O(max=64.03) Lam_E(max=64.03)
  [Outer 20/20] Loss (KL=0.9948, Const=3339728.5000) | Viol_Order(max=2.00, mean=0.0125) | Viol_Exist(max=2.00, mean=1.1555) | Mu_O(max=146.2) Mu_E(max=146.2) | Lam_O(max=483.97) Lam_E(max=967.95)

[Projection Start] Batch: 512, Constraints: 32
  [Outer 01/20] Loss (KL=0.0000, Const=3032.6621) | Viol_Order(max=2.00, mean=0.0134) | Viol_Exist(max=2.00, mean=1.1541) | Mu_O(max=1.0) Mu_E(max=1.0) | Lam_O(max=0.00) Lam_E(max=0.00)
  [Outer 10/20] Loss (KL=0.0493, Const=225826.8125) | Viol_Order(max=2.00, mean=0.0129) | Viol_Exist(max=2.00, mean=1.1547) | Mu_O(max=10.6) Mu_E(max=10.6) | Lam_O(max=64.03) Lam_E(max=64.03)
  [Outer 20/20] Loss (KL=1.0642, Const=3337803.0000) | Viol_Order(max=1.00, mean=0.0117) | Viol_Exist(max=2.00, mean=1.1566) | Mu_O(max=146.2) Mu_E(max=146.2) | Lam_O(max=581.60) Lam_E(max=967.95)

[Projection Start] Batch: 512, Constraints: 32
  [Outer 01/20] Loss (KL=0.0000, Const=3052.1841) | Viol_Order(max=3.00, mean=0.0131) | Viol_Exist(max=2.00, mean=1.1560) | Mu_O(max=1.0) Mu_E(max=1.0) | Lam_O(max=0.00) Lam_E(max=0.00)
  [Outer 10/20] Loss (KL=0.0904, Const=226473.9219) | Viol_Order(max=2.00, mean=0.0126) | Viol_Exist(max=2.00, mean=1.1565) | Mu_O(max=10.6) Mu_E(max=10.6) | Lam_O(max=64.03) Lam_E(max=64.03)
  [Outer 20/20] Loss (KL=0.6069, Const=3358058.5000) | Viol_Order(max=2.00, mean=0.0117) | Viol_Exist(max=2.00, mean=1.1573) | Mu_O(max=146.2) Mu_E(max=146.2) | Lam_O(max=540.38) Lam_E(max=967.95)

[Projection Start] Batch: 512, Constraints: 32
  [Outer 01/20] Loss (KL=0.0000, Const=3051.3647) | Viol_Order(max=2.00, mean=0.0129) | Viol_Exist(max=2.00, mean=1.1559) | Mu_O(max=1.0) Mu_E(max=1.0) | Lam_O(max=0.00) Lam_E(max=0.00)
  [Outer 10/20] Loss (KL=0.0830, Const=226760.3438) | Viol_Order(max=2.00, mean=0.0121) | Viol_Exist(max=2.00, mean=1.1567) | Mu_O(max=10.6) Mu_E(max=10.6) | Lam_O(max=64.03) Lam_E(max=64.03)
  [Outer 20/20] Loss (KL=1.3826, Const=3340633.2500) | Viol_Order(max=2.00, mean=0.0129) | Viol_Exist(max=2.00, mean=1.1556) | Mu_O(max=146.2) Mu_E(max=146.2) | Lam_O(max=483.97) Lam_E(max=967.95)

[Projection Start] Batch: 512, Constraints: 32
  [Outer 01/20] Loss (KL=0.0000, Const=3059.0264) | Viol_Order(max=2.00, mean=0.0139) | Viol_Exist(max=2.00, mean=1.1554) | Mu_O(max=1.0) Mu_E(max=1.0) | Lam_O(max=0.00) Lam_E(max=0.00)
  [Outer 10/20] Loss (KL=0.0521, Const=227599.5000) | Viol_Order(max=2.00, mean=0.0134) | Viol_Exist(max=2.00, mean=1.1556) | Mu_O(max=10.6) Mu_E(max=10.6) | Lam_O(max=64.03) Lam_E(max=64.03)
  [Outer 20/20] Loss (KL=1.3961, Const=3350583.0000) | Viol_Order(max=3.00, mean=0.0131) | Viol_Exist(max=2.00, mean=1.1563) | Mu_O(max=146.2) Mu_E(max=146.2) | Lam_O(max=581.60) Lam_E(max=967.95)

[Projection Start] Batch: 512, Constraints: 32
  [Outer 01/20] Loss (KL=0.0000, Const=3066.5342) | Viol_Order(max=3.00, mean=0.0145) | Viol_Exist(max=2.00, mean=1.1552) | Mu_O(max=1.0) Mu_E(max=1.0) | Lam_O(max=0.00) Lam_E(max=0.00)
  [Outer 10/20] Loss (KL=0.0717, Const=227771.8750) | Viol_Order(max=2.00, mean=0.0137) | Viol_Exist(max=2.00, mean=1.1556) | Mu_O(max=10.6) Mu_E(max=10.6) | Lam_O(max=64.03) Lam_E(max=64.03)
  [Outer 20/20] Loss (KL=0.6392, Const=3370493.5000) | Viol_Order(max=1.00, mean=0.0114) | Viol_Exist(max=2.00, mean=1.1585) | Mu_O(max=146.2) Mu_E(max=146.2) | Lam_O(max=540.38) Lam_E(max=967.95)

[Projection Start] Batch: 512, Constraints: 32
  [Outer 01/20] Loss (KL=0.0000, Const=3069.6082) | Viol_Order(max=2.00, mean=0.0137) | Viol_Exist(max=2.00, mean=1.1569) | Mu_O(max=1.0) Mu_E(max=1.0) | Lam_O(max=0.00) Lam_E(max=0.00)
  [Outer 10/20] Loss (KL=0.0316, Const=228390.0781) | Viol_Order(max=2.00, mean=0.0134) | Viol_Exist(max=2.00, mean=1.1572) | Mu_O(max=10.6) Mu_E(max=10.6) | Lam_O(max=64.03) Lam_E(max=64.03)
  [Outer 20/20] Loss (KL=1.0836, Const=3363299.7500) | Viol_Order(max=2.00, mean=0.0122) | Viol_Exist(max=2.00, mean=1.1577) | Mu_O(max=146.2) Mu_E(max=146.2) | Lam_O(max=483.97) Lam_E(max=967.95)

[Projection Start] Batch: 512, Constraints: 32
  [Outer 01/20] Loss (KL=0.0001, Const=3066.1362) | Viol_Order(max=2.00, mean=0.0137) | Viol_Exist(max=2.00, mean=1.1568) | Mu_O(max=1.0) Mu_E(max=1.0) | Lam_O(max=0.00) Lam_E(max=0.00)
  [Outer 10/20] Loss (KL=0.0662, Const=227676.3281) | Viol_Order(max=2.00, mean=0.0133) | Viol_Exist(max=2.00, mean=1.1569) | Mu_O(max=10.6) Mu_E(max=10.6) | Lam_O(max=64.03) Lam_E(max=64.03)
  [Outer 20/20] Loss (KL=1.0505, Const=3363545.5000) | Viol_Order(max=2.00, mean=0.0120) | Viol_Exist(max=2.00, mean=1.1579) | Mu_O(max=146.2) Mu_E(max=146.2) | Lam_O(max=581.60) Lam_E(max=967.95)

[Projection Start] Batch: 512, Constraints: 32
  [Outer 01/20] Loss (KL=0.0000, Const=3075.2053) | Viol_Order(max=3.00, mean=0.0136) | Viol_Exist(max=2.00, mean=1.1573) | Mu_O(max=1.0) Mu_E(max=1.0) | Lam_O(max=0.00) Lam_E(max=0.00)
  [Outer 10/20] Loss (KL=0.0767, Const=228589.7500) | Viol_Order(max=3.00, mean=0.0129) | Viol_Exist(max=2.00, mean=1.1576) | Mu_O(max=10.6) Mu_E(max=10.6) | Lam_O(max=96.04) Lam_E(max=64.03)
  [Outer 20/20] Loss (KL=0.7945, Const=3376778.0000) | Viol_Order(max=1.00, mean=0.0114) | Viol_Exist(max=2.00, mean=1.1581) | Mu_O(max=146.2) Mu_E(max=146.2) | Lam_O(max=638.00) Lam_E(max=967.95)

[Projection Start] Batch: 512, Constraints: 32
  [Outer 01/20] Loss (KL=0.0000, Const=3059.9111) | Viol_Order(max=2.00, mean=0.0134) | Viol_Exist(max=2.00, mean=1.1567) | Mu_O(max=1.0) Mu_E(max=1.0) | Lam_O(max=0.00) Lam_E(max=0.00)
  [Outer 10/20] Loss (KL=0.0703, Const=227640.6719) | Viol_Order(max=2.00, mean=0.0125) | Viol_Exist(max=2.00, mean=1.1577) | Mu_O(max=10.6) Mu_E(max=10.6) | Lam_O(max=64.03) Lam_E(max=64.03)
  [Outer 20/20] Loss (KL=0.6592, Const=3372108.5000) | Viol_Order(max=1.00, mean=0.0114) | Viol_Exist(max=2.00, mean=1.1578) | Mu_O(max=146.2) Mu_E(max=146.2) | Lam_O(max=651.26) Lam_E(max=967.95)

[Projection Start] Batch: 512, Constraints: 32
  [Outer 01/20] Loss (KL=0.0000, Const=3064.4570) | Viol_Order(max=2.00, mean=0.0128) | Viol_Exist(max=2.00, mean=1.1578) | Mu_O(max=1.0) Mu_E(max=1.0) | Lam_O(max=0.00) Lam_E(max=0.00)
  [Outer 10/20] Loss (KL=0.0847, Const=227874.3750) | Viol_Order(max=2.00, mean=0.0124) | Viol_Exist(max=2.00, mean=1.1583) | Mu_O(max=10.6) Mu_E(max=10.6) | Lam_O(max=64.03) Lam_E(max=64.03)
  [Outer 20/20] Loss (KL=0.8867, Const=3365781.0000) | Viol_Order(max=2.00, mean=0.0117) | Viol_Exist(max=2.00, mean=1.1574) | Mu_O(max=146.2) Mu_E(max=146.2) | Lam_O(max=483.97) Lam_E(max=967.95)

[Projection Start] Batch: 512, Constraints: 32
  [Outer 01/20] Loss (KL=0.0000, Const=3061.5640) | Viol_Order(max=3.00, mean=0.0131) | Viol_Exist(max=2.00, mean=1.1569) | Mu_O(max=1.0) Mu_E(max=1.0) | Lam_O(max=0.00) Lam_E(max=0.00)
  [Outer 10/20] Loss (KL=0.0564, Const=227939.6875) | Viol_Order(max=2.00, mean=0.0127) | Viol_Exist(max=2.00, mean=1.1577) | Mu_O(max=10.6) Mu_E(max=10.6) | Lam_O(max=87.89) Lam_E(max=64.03)
  [Outer 20/20] Loss (KL=1.0681, Const=3357497.5000) | Viol_Order(max=2.00, mean=0.0124) | Viol_Exist(max=2.00, mean=1.1571) | Mu_O(max=146.2) Mu_E(max=146.2) | Lam_O(max=582.16) Lam_E(max=967.95)

[Projection Start] Batch: 512, Constraints: 32
  [Outer 01/20] Loss (KL=0.0001, Const=3059.4006) | Viol_Order(max=2.00, mean=0.0129) | Viol_Exist(max=2.00, mean=1.1570) | Mu_O(max=1.0) Mu_E(max=1.0) | Lam_O(max=0.00) Lam_E(max=0.00)
  [Outer 10/20] Loss (KL=0.0793, Const=227343.2031) | Viol_Order(max=3.00, mean=0.0128) | Viol_Exist(max=2.00, mean=1.1567) | Mu_O(max=10.6) Mu_E(max=10.6) | Lam_O(max=64.03) Lam_E(max=64.03)
  [Outer 20/20] Loss (KL=1.7032, Const=3349358.0000) | Viol_Order(max=3.00, mean=0.0118) | Viol_Exist(max=2.00, mean=1.1580) | Mu_O(max=146.2) Mu_E(max=146.2) | Lam_O(max=611.89) Lam_E(max=967.95)

[Projection Start] Batch: 512, Constraints: 32
  [Outer 01/20] Loss (KL=0.0000, Const=3070.4866) | Viol_Order(max=3.00, mean=0.0135) | Viol_Exist(max=2.00, mean=1.1569) | Mu_O(max=1.0) Mu_E(max=1.0) | Lam_O(max=0.00) Lam_E(max=0.00)
  [Outer 10/20] Loss (KL=0.0659, Const=228321.3438) | Viol_Order(max=3.00, mean=0.0132) | Viol_Exist(max=2.00, mean=1.1572) | Mu_O(max=10.6) Mu_E(max=10.6) | Lam_O(max=96.04) Lam_E(max=64.03)
  [Outer 20/20] Loss (KL=1.3171, Const=3357781.5000) | Viol_Order(max=2.00, mean=0.0112) | Viol_Exist(max=2.00, mean=1.1585) | Mu_O(max=146.2) Mu_E(max=146.2) | Lam_O(max=507.83) Lam_E(max=967.95)

[Projection Start] Batch: 512, Constraints: 32
  [Outer 01/20] Loss (KL=0.0000, Const=3072.4072) | Viol_Order(max=4.00, mean=0.0132) | Viol_Exist(max=2.00, mean=1.1568) | Mu_O(max=1.0) Mu_E(max=1.0) | Lam_O(max=0.00) Lam_E(max=0.00)
  [Outer 10/20] Loss (KL=0.1002, Const=227936.2188) | Viol_Order(max=2.00, mean=0.0125) | Viol_Exist(max=2.00, mean=1.1570) | Mu_O(max=10.6) Mu_E(max=10.6) | Lam_O(max=82.12) Lam_E(max=64.03)
  [Outer 20/20] Loss (KL=1.3584, Const=3362773.2500) | Viol_Order(max=1.00, mean=0.0110) | Viol_Exist(max=2.00, mean=1.1581) | Mu_O(max=146.2) Mu_E(max=146.2) | Lam_O(max=574.53) Lam_E(max=967.95)

[Projection Start] Batch: 512, Constraints: 32
  [Outer 01/20] Loss (KL=0.0000, Const=3064.0537) | Viol_Order(max=2.00, mean=0.0129) | Viol_Exist(max=2.00, mean=1.1570) | Mu_O(max=1.0) Mu_E(max=1.0) | Lam_O(max=0.00) Lam_E(max=0.00)
  [Outer 10/20] Loss (KL=0.0575, Const=227581.9688) | Viol_Order(max=2.00, mean=0.0121) | Viol_Exist(max=2.00, mean=1.1570) | Mu_O(max=10.6) Mu_E(max=10.6) | Lam_O(max=64.03) Lam_E(max=64.03)
  [Outer 20/20] Loss (KL=0.7087, Const=3375177.5000) | Viol_Order(max=1.00, mean=0.0106) | Viol_Exist(max=2.00, mean=1.1589) | Mu_O(max=146.2) Mu_E(max=146.2) | Lam_O(max=768.99) Lam_E(max=967.95)

[Projection Start] Batch: 512, Constraints: 32
  [Outer 01/20] Loss (KL=0.0022, Const=3064.8459) | Viol_Order(max=3.00, mean=0.0118) | Viol_Exist(max=2.00, mean=1.1582) | Mu_O(max=1.0) Mu_E(max=1.0) | Lam_O(max=0.00) Lam_E(max=0.00)
  [Outer 10/20] Loss (KL=0.0378, Const=228022.0625) | Viol_Order(max=2.00, mean=0.0114) | Viol_Exist(max=2.00, mean=1.1582) | Mu_O(max=10.6) Mu_E(max=10.6) | Lam_O(max=81.61) Lam_E(max=64.03)
  [Outer 20/20] Loss (KL=0.8563, Const=3378669.5000) | Viol_Order(max=1.00, mean=0.0108) | Viol_Exist(max=2.00, mean=1.1581) | Mu_O(max=146.2) Mu_E(max=146.2) | Lam_O(max=483.97) Lam_E(max=967.95)

[Projection Start] Batch: 512, Constraints: 32
  [Outer 01/20] Loss (KL=0.0000, Const=3057.3237) | Viol_Order(max=3.00, mean=0.0124) | Viol_Exist(max=2.00, mean=1.1572) | Mu_O(max=1.0) Mu_E(max=1.0) | Lam_O(max=0.00) Lam_E(max=0.00)
  [Outer 10/20] Loss (KL=0.0363, Const=227625.6250) | Viol_Order(max=2.00, mean=0.0121) | Viol_Exist(max=2.00, mean=1.1572) | Mu_O(max=10.6) Mu_E(max=10.6) | Lam_O(max=81.61) Lam_E(max=64.03)
  [Outer 20/20] Loss (KL=0.7309, Const=3370312.0000) | Viol_Order(max=3.00, mean=0.0109) | Viol_Exist(max=2.00, mean=1.1585) | Mu_O(max=146.2) Mu_E(max=146.2) | Lam_O(max=483.97) Lam_E(max=967.95)

[Projection Start] Batch: 512, Constraints: 32
  [Outer 01/20] Loss (KL=0.0000, Const=3067.8135) | Viol_Order(max=3.00, mean=0.0118) | Viol_Exist(max=2.00, mean=1.1583) | Mu_O(max=1.0) Mu_E(max=1.0) | Lam_O(max=0.00) Lam_E(max=0.00)
  [Outer 10/20] Loss (KL=0.0289, Const=228510.7812) | Viol_Order(max=3.00, mean=0.0115) | Viol_Exist(max=2.00, mean=1.1585) | Mu_O(max=10.6) Mu_E(max=10.6) | Lam_O(max=96.04) Lam_E(max=64.03)
  [Outer 20/20] Loss (KL=1.7848, Const=3371012.5000) | Viol_Order(max=1.00, mean=0.0113) | Viol_Exist(max=2.00, mean=1.1575) | Mu_O(max=146.2) Mu_E(max=146.2) | Lam_O(max=483.97) Lam_E(max=967.95)

[Projection Start] Batch: 512, Constraints: 32
  [Outer 01/20] Loss (KL=0.0000, Const=3062.6484) | Viol_Order(max=3.00, mean=0.0127) | Viol_Exist(max=2.00, mean=1.1569) | Mu_O(max=1.0) Mu_E(max=1.0) | Lam_O(max=0.00) Lam_E(max=0.00)
  [Outer 10/20] Loss (KL=0.0421, Const=228011.1719) | Viol_Order(max=2.00, mean=0.0123) | Viol_Exist(max=2.00, mean=1.1572) | Mu_O(max=10.6) Mu_E(max=10.6) | Lam_O(max=96.04) Lam_E(max=64.03)
  [Outer 20/20] Loss (KL=0.7263, Const=3372738.2500) | Viol_Order(max=2.00, mean=0.0109) | Viol_Exist(max=2.00, mean=1.1588) | Mu_O(max=146.2) Mu_E(max=146.2) | Lam_O(max=483.97) Lam_E(max=967.95)

[Projection Start] Batch: 512, Constraints: 32
  [Outer 01/20] Loss (KL=0.0000, Const=3064.7725) | Viol_Order(max=2.00, mean=0.0129) | Viol_Exist(max=2.00, mean=1.1567) | Mu_O(max=1.0) Mu_E(max=1.0) | Lam_O(max=0.00) Lam_E(max=0.00)
  [Outer 10/20] Loss (KL=0.0629, Const=227823.0625) | Viol_Order(max=1.00, mean=0.0120) | Viol_Exist(max=2.00, mean=1.1573) | Mu_O(max=10.6) Mu_E(max=10.6) | Lam_O(max=64.03) Lam_E(max=64.03)
  [Outer 20/20] Loss (KL=1.3161, Const=3372961.5000) | Viol_Order(max=2.00, mean=0.0112) | Viol_Exist(max=2.00, mean=1.1581) | Mu_O(max=146.2) Mu_E(max=146.2) | Lam_O(max=496.73) Lam_E(max=967.95)

[Projection Start] Batch: 512, Constraints: 32
  [Outer 01/20] Loss (KL=0.0000, Const=3067.9097) | Viol_Order(max=2.00, mean=0.0124) | Viol_Exist(max=2.00, mean=1.1577) | Mu_O(max=1.0) Mu_E(max=1.0) | Lam_O(max=0.00) Lam_E(max=0.00)
  [Outer 10/20] Loss (KL=0.0502, Const=228094.8750) | Viol_Order(max=2.00, mean=0.0120) | Viol_Exist(max=2.00, mean=1.1573) | Mu_O(max=10.6) Mu_E(max=10.6) | Lam_O(max=64.03) Lam_E(max=64.03)
  [Outer 20/20] Loss (KL=0.9889, Const=3368907.0000) | Viol_Order(max=2.00, mean=0.0107) | Viol_Exist(max=2.00, mean=1.1584) | Mu_O(max=146.2) Mu_E(max=146.2) | Lam_O(max=483.97) Lam_E(max=967.95)

[Projection Start] Batch: 512, Constraints: 32
  [Outer 01/20] Loss (KL=0.0000, Const=3064.4451) | Viol_Order(max=3.00, mean=0.0122) | Viol_Exist(max=2.00, mean=1.1575) | Mu_O(max=1.0) Mu_E(max=1.0) | Lam_O(max=0.00) Lam_E(max=0.00)
  [Outer 10/20] Loss (KL=0.0316, Const=228253.1562) | Viol_Order(max=3.00, mean=0.0119) | Viol_Exist(max=2.00, mean=1.1577) | Mu_O(max=10.6) Mu_E(max=10.6) | Lam_O(max=96.04) Lam_E(max=64.03)
  [Outer 20/20] Loss (KL=0.8945, Const=3372163.5000) | Viol_Order(max=2.00, mean=0.0114) | Viol_Exist(max=2.00, mean=1.1575) | Mu_O(max=146.2) Mu_E(max=146.2) | Lam_O(max=702.45) Lam_E(max=967.95)

[Projection Start] Batch: 512, Constraints: 32
  [Outer 01/20] Loss (KL=0.0000, Const=3059.1753) | Viol_Order(max=2.00, mean=0.0125) | Viol_Exist(max=2.00, mean=1.1568) | Mu_O(max=1.0) Mu_E(max=1.0) | Lam_O(max=0.00) Lam_E(max=0.00)
  [Outer 10/20] Loss (KL=0.0346, Const=227829.2344) | Viol_Order(max=2.00, mean=0.0120) | Viol_Exist(max=2.00, mean=1.1572) | Mu_O(max=10.6) Mu_E(max=10.6) | Lam_O(max=64.03) Lam_E(max=64.03)
  [Outer 20/20] Loss (KL=1.5044, Const=3363500.0000) | Viol_Order(max=2.00, mean=0.0114) | Viol_Exist(max=2.00, mean=1.1567) | Mu_O(max=146.2) Mu_E(max=146.2) | Lam_O(max=702.45) Lam_E(max=967.95)

[Projection Start] Batch: 512, Constraints: 32
  [Outer 01/20] Loss (KL=0.0001, Const=3056.1528) | Viol_Order(max=2.00, mean=0.0125) | Viol_Exist(max=2.00, mean=1.1564) | Mu_O(max=1.0) Mu_E(max=1.0) | Lam_O(max=0.00) Lam_E(max=0.00)
  [Outer 10/20] Loss (KL=0.0411, Const=227617.3125) | Viol_Order(max=2.00, mean=0.0121) | Viol_Exist(max=2.00, mean=1.1568) | Mu_O(max=10.6) Mu_E(max=10.6) | Lam_O(max=64.03) Lam_E(max=64.03)
  [Outer 20/20] Loss (KL=0.7441, Const=3372158.5000) | Viol_Order(max=1.00, mean=0.0113) | Viol_Exist(max=2.00, mean=1.1570) | Mu_O(max=146.2) Mu_E(max=146.2) | Lam_O(max=656.53) Lam_E(max=967.95)

[Projection Start] Batch: 512, Constraints: 32
  [Outer 01/20] Loss (KL=0.0000, Const=3056.7939) | Viol_Order(max=2.00, mean=0.0127) | Viol_Exist(max=2.00, mean=1.1563) | Mu_O(max=1.0) Mu_E(max=1.0) | Lam_O(max=0.00) Lam_E(max=0.00)
  [Outer 10/20] Loss (KL=0.0767, Const=227415.8281) | Viol_Order(max=2.00, mean=0.0123) | Viol_Exist(max=2.00, mean=1.1567) | Mu_O(max=10.6) Mu_E(max=10.6) | Lam_O(max=64.03) Lam_E(max=64.03)
  [Outer 20/20] Loss (KL=0.9595, Const=3364350.2500) | Viol_Order(max=1.00, mean=0.0116) | Viol_Exist(max=2.00, mean=1.1566) | Mu_O(max=146.2) Mu_E(max=146.2) | Lam_O(max=581.60) Lam_E(max=967.95)

[Projection Start] Batch: 512, Constraints: 32
  [Outer 01/20] Loss (KL=0.0000, Const=3061.0085) | Viol_Order(max=4.00, mean=0.0128) | Viol_Exist(max=2.00, mean=1.1561) | Mu_O(max=1.0) Mu_E(max=1.0) | Lam_O(max=0.00) Lam_E(max=0.00)
  [Outer 10/20] Loss (KL=0.0353, Const=227840.9062) | Viol_Order(max=4.00, mean=0.0125) | Viol_Exist(max=2.00, mean=1.1563) | Mu_O(max=10.6) Mu_E(max=10.6) | Lam_O(max=128.06) Lam_E(max=64.03)
  [Outer 20/20] Loss (KL=1.0778, Const=3367936.7500) | Viol_Order(max=2.00, mean=0.0118) | Viol_Exist(max=2.00, mean=1.1572) | Mu_O(max=146.2) Mu_E(max=146.2) | Lam_O(max=967.95) Lam_E(max=967.95)

[Projection Start] Batch: 512, Constraints: 32
  [Outer 01/20] Loss (KL=0.0000, Const=3058.6194) | Viol_Order(max=2.00, mean=0.0130) | Viol_Exist(max=2.00, mean=1.1564) | Mu_O(max=1.0) Mu_E(max=1.0) | Lam_O(max=0.00) Lam_E(max=0.00)
  [Outer 10/20] Loss (KL=0.0359, Const=227949.6250) | Viol_Order(max=2.00, mean=0.0127) | Viol_Exist(max=2.00, mean=1.1566) | Mu_O(max=10.6) Mu_E(max=10.6) | Lam_O(max=64.03) Lam_E(max=64.03)
  [Outer 20/20] Loss (KL=0.8915, Const=3371460.2500) | Viol_Order(max=1.00, mean=0.0118) | Viol_Exist(max=2.00, mean=1.1572) | Mu_O(max=146.2) Mu_E(max=146.2) | Lam_O(max=483.97) Lam_E(max=967.95)

[Projection Start] Batch: 512, Constraints: 32
  [Outer 01/20] Loss (KL=-0.0000, Const=3062.9661) | Viol_Order(max=2.00, mean=0.0129) | Viol_Exist(max=2.00, mean=1.1570) | Mu_O(max=1.0) Mu_E(max=1.0) | Lam_O(max=0.00) Lam_E(max=0.00)
  [Outer 10/20] Loss (KL=0.0196, Const=228322.4844) | Viol_Order(max=2.00, mean=0.0128) | Viol_Exist(max=2.00, mean=1.1570) | Mu_O(max=10.6) Mu_E(max=10.6) | Lam_O(max=64.03) Lam_E(max=64.03)
  [Outer 20/20] Loss (KL=1.3293, Const=3373406.5000) | Viol_Order(max=2.00, mean=0.0117) | Viol_Exist(max=2.00, mean=1.1579) | Mu_O(max=146.2) Mu_E(max=146.2) | Lam_O(max=483.97) Lam_E(max=967.95)

[Projection Start] Batch: 512, Constraints: 32
  [Outer 01/20] Loss (KL=0.0000, Const=3064.4211) | Viol_Order(max=2.00, mean=0.0124) | Viol_Exist(max=2.00, mean=1.1577) | Mu_O(max=1.0) Mu_E(max=1.0) | Lam_O(max=0.00) Lam_E(max=0.00)
  [Outer 10/20] Loss (KL=0.0178, Const=228520.5625) | Viol_Order(max=2.00, mean=0.0123) | Viol_Exist(max=2.00, mean=1.1577) | Mu_O(max=10.6) Mu_E(max=10.6) | Lam_O(max=64.03) Lam_E(max=64.03)
  [Outer 20/20] Loss (KL=0.2704, Const=3395079.0000) | Viol_Order(max=2.00, mean=0.0117) | Viol_Exist(max=2.00, mean=1.1584) | Mu_O(max=146.2) Mu_E(max=146.2) | Lam_O(max=483.97) Lam_E(max=967.95)

[Projection Start] Batch: 512, Constraints: 32
  [Outer 01/20] Loss (KL=0.0000, Const=3072.8262) | Viol_Order(max=3.00, mean=0.0125) | Viol_Exist(max=2.00, mean=1.1579) | Mu_O(max=1.0) Mu_E(max=1.0) | Lam_O(max=0.00) Lam_E(max=0.00)
  [Outer 10/20] Loss (KL=0.0124, Const=228641.7812) | Viol_Order(max=3.00, mean=0.0125) | Viol_Exist(max=2.00, mean=1.1579) | Mu_O(max=10.6) Mu_E(max=10.6) | Lam_O(max=64.03) Lam_E(max=64.03)
  [Outer 20/20] Loss (KL=0.5960, Const=3394942.2500) | Viol_Order(max=2.00, mean=0.0114) | Viol_Exist(max=2.00, mean=1.1591) | Mu_O(max=146.2) Mu_E(max=146.2) | Lam_O(max=611.89) Lam_E(max=967.95)

[Projection Start] Batch: 512, Constraints: 32
  [Outer 01/20] Loss (KL=0.0000, Const=3075.3132) | Viol_Order(max=2.00, mean=0.0124) | Viol_Exist(max=2.00, mean=1.1583) | Mu_O(max=1.0) Mu_E(max=1.0) | Lam_O(max=0.00) Lam_E(max=0.00)
  [Outer 10/20] Loss (KL=0.0286, Const=228941.9219) | Viol_Order(max=2.00, mean=0.0125) | Viol_Exist(max=2.00, mean=1.1580) | Mu_O(max=10.6) Mu_E(max=10.6) | Lam_O(max=64.03) Lam_E(max=64.03)
  [Outer 20/20] Loss (KL=0.5968, Const=3394836.5000) | Viol_Order(max=1.00, mean=0.0118) | Viol_Exist(max=2.00, mean=1.1583) | Mu_O(max=146.2) Mu_E(max=146.2) | Lam_O(max=526.59) Lam_E(max=967.95)

[Projection Start] Batch: 512, Constraints: 32
  [Outer 01/20] Loss (KL=0.0000, Const=3076.1245) | Viol_Order(max=2.00, mean=0.0128) | Viol_Exist(max=2.00, mean=1.1578) | Mu_O(max=1.0) Mu_E(max=1.0) | Lam_O(max=0.00) Lam_E(max=0.00)
  [Outer 10/20] Loss (KL=0.0127, Const=229386.5156) | Viol_Order(max=2.00, mean=0.0128) | Viol_Exist(max=2.00, mean=1.1578) | Mu_O(max=10.6) Mu_E(max=10.6) | Lam_O(max=64.03) Lam_E(max=64.03)
  [Outer 20/20] Loss (KL=0.9363, Const=3390846.5000) | Viol_Order(max=2.00, mean=0.0115) | Viol_Exist(max=2.00, mean=1.1586) | Mu_O(max=146.2) Mu_E(max=146.2) | Lam_O(max=483.97) Lam_E(max=967.95)

[Projection Start] Batch: 512, Constraints: 32
  [Outer 01/20] Loss (KL=0.0000, Const=3072.7390) | Viol_Order(max=2.00, mean=0.0130) | Viol_Exist(max=2.00, mean=1.1573) | Mu_O(max=1.0) Mu_E(max=1.0) | Lam_O(max=0.00) Lam_E(max=0.00)
  [Outer 10/20] Loss (KL=0.0446, Const=228532.3125) | Viol_Order(max=2.00, mean=0.0127) | Viol_Exist(max=2.00, mean=1.1576) | Mu_O(max=10.6) Mu_E(max=10.6) | Lam_O(max=64.03) Lam_E(max=64.03)
  [Outer 20/20] Loss (KL=0.6053, Const=3390746.2500) | Viol_Order(max=2.00, mean=0.0119) | Viol_Exist(max=2.00, mean=1.1584) | Mu_O(max=146.2) Mu_E(max=146.2) | Lam_O(max=702.45) Lam_E(max=967.95)

[Projection Start] Batch: 512, Constraints: 32
  [Outer 01/20] Loss (KL=0.0001, Const=3070.8423) | Viol_Order(max=2.00, mean=0.0129) | Viol_Exist(max=2.00, mean=1.1572) | Mu_O(max=1.0) Mu_E(max=1.0) | Lam_O(max=0.00) Lam_E(max=0.00)
  [Outer 10/20] Loss (KL=0.0476, Const=228641.2812) | Viol_Order(max=2.00, mean=0.0128) | Viol_Exist(max=2.00, mean=1.1570) | Mu_O(max=10.6) Mu_E(max=10.6) | Lam_O(max=64.03) Lam_E(max=64.03)
  [Outer 20/20] Loss (KL=0.9810, Const=3386473.7500) | Viol_Order(max=1.00, mean=0.0117) | Viol_Exist(max=2.00, mean=1.1581) | Mu_O(max=146.2) Mu_E(max=146.2) | Lam_O(max=855.49) Lam_E(max=967.95)

[Projection Start] Batch: 512, Constraints: 32
  [Outer 01/20] Loss (KL=0.0000, Const=3068.8765) | Viol_Order(max=2.00, mean=0.0128) | Viol_Exist(max=2.00, mean=1.1575) | Mu_O(max=1.0) Mu_E(max=1.0) | Lam_O(max=0.00) Lam_E(max=0.00)
  [Outer 10/20] Loss (KL=0.0383, Const=228423.6875) | Viol_Order(max=2.00, mean=0.0125) | Viol_Exist(max=2.00, mean=1.1573) | Mu_O(max=10.6) Mu_E(max=10.6) | Lam_O(max=64.03) Lam_E(max=64.03)
  [Outer 20/20] Loss (KL=0.8874, Const=3376244.5000) | Viol_Order(max=3.00, mean=0.0118) | Viol_Exist(max=2.00, mean=1.1578) | Mu_O(max=146.2) Mu_E(max=146.2) | Lam_O(max=501.56) Lam_E(max=967.95)

[Projection Start] Batch: 512, Constraints: 32
  [Outer 01/20] Loss (KL=0.0000, Const=3065.5229) | Viol_Order(max=3.00, mean=0.0130) | Viol_Exist(max=2.00, mean=1.1565) | Mu_O(max=1.0) Mu_E(max=1.0) | Lam_O(max=0.00) Lam_E(max=0.00)
  [Outer 10/20] Loss (KL=0.0564, Const=228213.3125) | Viol_Order(max=2.00, mean=0.0125) | Viol_Exist(max=2.00, mean=1.1569) | Mu_O(max=10.6) Mu_E(max=10.6) | Lam_O(max=81.61) Lam_E(max=64.03)
  [Outer 20/20] Loss (KL=1.1422, Const=3381365.0000) | Viol_Order(max=2.00, mean=0.0112) | Viol_Exist(max=2.00, mean=1.1585) | Mu_O(max=146.2) Mu_E(max=146.2) | Lam_O(max=702.45) Lam_E(max=967.95)

[Projection Start] Batch: 512, Constraints: 32
  [Outer 01/20] Loss (KL=0.0000, Const=3080.3132) | Viol_Order(max=2.00, mean=0.0134) | Viol_Exist(max=2.00, mean=1.1575) | Mu_O(max=1.0) Mu_E(max=1.0) | Lam_O(max=0.00) Lam_E(max=0.00)
  [Outer 10/20] Loss (KL=0.0946, Const=228730.0000) | Viol_Order(max=2.00, mean=0.0127) | Viol_Exist(max=2.00, mean=1.1576) | Mu_O(max=10.6) Mu_E(max=10.6) | Lam_O(max=64.03) Lam_E(max=64.03)
  [Outer 20/20] Loss (KL=1.4935, Const=3372388.0000) | Viol_Order(max=2.00, mean=0.0121) | Viol_Exist(max=2.00, mean=1.1570) | Mu_O(max=146.2) Mu_E(max=146.2) | Lam_O(max=483.97) Lam_E(max=967.95)

[Projection Start] Batch: 512, Constraints: 32
  [Outer 01/20] Loss (KL=0.0000, Const=3065.4912) | Viol_Order(max=2.00, mean=0.0134) | Viol_Exist(max=2.00, mean=1.1556) | Mu_O(max=1.0) Mu_E(max=1.0) | Lam_O(max=0.00) Lam_E(max=0.00)
  [Outer 10/20] Loss (KL=0.0292, Const=228288.2188) | Viol_Order(max=2.00, mean=0.0129) | Viol_Exist(max=2.00, mean=1.1562) | Mu_O(max=10.6) Mu_E(max=10.6) | Lam_O(max=64.03) Lam_E(max=64.03)
  [Outer 20/20] Loss (KL=0.9947, Const=3374833.0000) | Viol_Order(max=2.00, mean=0.0115) | Viol_Exist(max=2.00, mean=1.1575) | Mu_O(max=146.2) Mu_E(max=146.2) | Lam_O(max=483.97) Lam_E(max=967.95)

[Projection Start] Batch: 512, Constraints: 32
  [Outer 01/20] Loss (KL=0.0000, Const=3068.6953) | Viol_Order(max=2.00, mean=0.0130) | Viol_Exist(max=2.00, mean=1.1567) | Mu_O(max=1.0) Mu_E(max=1.0) | Lam_O(max=0.00) Lam_E(max=0.00)
  [Outer 10/20] Loss (KL=0.0156, Const=228877.9062) | Viol_Order(max=2.00, mean=0.0130) | Viol_Exist(max=2.00, mean=1.1567) | Mu_O(max=10.6) Mu_E(max=10.6) | Lam_O(max=64.03) Lam_E(max=64.03)
  [Outer 20/20] Loss (KL=1.0447, Const=3376007.5000) | Viol_Order(max=2.00, mean=0.0120) | Viol_Exist(max=2.00, mean=1.1574) | Mu_O(max=146.2) Mu_E(max=146.2) | Lam_O(max=499.43) Lam_E(max=967.95)

[Projection Start] Batch: 512, Constraints: 32
  [Outer 01/20] Loss (KL=0.0000, Const=3076.5063) | Viol_Order(max=4.00, mean=0.0130) | Viol_Exist(max=2.00, mean=1.1570) | Mu_O(max=1.0) Mu_E(max=1.0) | Lam_O(max=0.00) Lam_E(max=0.00)
  [Outer 10/20] Loss (KL=0.0528, Const=228451.1875) | Viol_Order(max=2.00, mean=0.0129) | Viol_Exist(max=2.00, mean=1.1565) | Mu_O(max=10.6) Mu_E(max=10.6) | Lam_O(max=82.12) Lam_E(max=64.03)
  [Outer 20/20] Loss (KL=0.9686, Const=3372746.7500) | Viol_Order(max=2.00, mean=0.0122) | Viol_Exist(max=2.00, mean=1.1572) | Mu_O(max=146.2) Mu_E(max=146.2) | Lam_O(max=629.97) Lam_E(max=967.95)

[Projection Start] Batch: 512, Constraints: 32
  [Outer 01/20] Loss (KL=0.0000, Const=3073.7390) | Viol_Order(max=2.00, mean=0.0132) | Viol_Exist(max=2.00, mean=1.1567) | Mu_O(max=1.0) Mu_E(max=1.0) | Lam_O(max=0.00) Lam_E(max=0.00)
  [Outer 10/20] Loss (KL=0.0077, Const=229321.1094) | Viol_Order(max=2.00, mean=0.0134) | Viol_Exist(max=2.00, mean=1.1566) | Mu_O(max=10.6) Mu_E(max=10.6) | Lam_O(max=64.03) Lam_E(max=64.03)
  [Outer 20/20] Loss (KL=1.7664, Const=3373453.0000) | Viol_Order(max=2.00, mean=0.0126) | Viol_Exist(max=2.00, mean=1.1569) | Mu_O(max=146.2) Mu_E(max=146.2) | Lam_O(max=768.99) Lam_E(max=967.95)

[Projection Start] Batch: 512, Constraints: 32
  [Outer 01/20] Loss (KL=0.0000, Const=3086.1355) | Viol_Order(max=3.00, mean=0.0138) | Viol_Exist(max=2.00, mean=1.1566) | Mu_O(max=1.0) Mu_E(max=1.0) | Lam_O(max=0.00) Lam_E(max=0.00)
  [Outer 10/20] Loss (KL=0.0667, Const=229486.4688) | Viol_Order(max=3.00, mean=0.0137) | Viol_Exist(max=2.00, mean=1.1569) | Mu_O(max=10.6) Mu_E(max=10.6) | Lam_O(max=96.04) Lam_E(max=64.03)
  [Outer 20/20] Loss (KL=1.3980, Const=3374765.0000) | Viol_Order(max=1.00, mean=0.0121) | Viol_Exist(max=2.00, mean=1.1578) | Mu_O(max=146.2) Mu_E(max=146.2) | Lam_O(max=651.26) Lam_E(max=967.95)

[Projection Start] Batch: 512, Constraints: 32
  [Outer 01/20] Loss (KL=0.0000, Const=3076.9609) | Viol_Order(max=2.00, mean=0.0132) | Viol_Exist(max=2.00, mean=1.1572) | Mu_O(max=1.0) Mu_E(max=1.0) | Lam_O(max=0.00) Lam_E(max=0.00)
  [Outer 10/20] Loss (KL=0.0393, Const=229271.9531) | Viol_Order(max=2.00, mean=0.0134) | Viol_Exist(max=2.00, mean=1.1569) | Mu_O(max=10.6) Mu_E(max=10.6) | Lam_O(max=64.03) Lam_E(max=64.03)
  [Outer 20/20] Loss (KL=1.6024, Const=3370035.0000) | Viol_Order(max=2.00, mean=0.0129) | Viol_Exist(max=2.00, mean=1.1567) | Mu_O(max=146.2) Mu_E(max=146.2) | Lam_O(max=483.97) Lam_E(max=967.95)

[Projection Start] Batch: 512, Constraints: 32
  [Outer 01/20] Loss (KL=0.0000, Const=3069.8022) | Viol_Order(max=2.00, mean=0.0144) | Viol_Exist(max=2.00, mean=1.1555) | Mu_O(max=1.0) Mu_E(max=1.0) | Lam_O(max=0.00) Lam_E(max=0.00)
  [Outer 10/20] Loss (KL=0.0171, Const=228624.0000) | Viol_Order(max=2.00, mean=0.0142) | Viol_Exist(max=2.00, mean=1.1553) | Mu_O(max=10.6) Mu_E(max=10.6) | Lam_O(max=64.03) Lam_E(max=64.03)
  [Outer 20/20] Loss (KL=1.0856, Const=3374318.2500) | Viol_Order(max=2.00, mean=0.0125) | Viol_Exist(max=2.00, mean=1.1569) | Mu_O(max=146.2) Mu_E(max=146.2) | Lam_O(max=855.49) Lam_E(max=967.95)

[Projection Start] Batch: 512, Constraints: 32
  [Outer 01/20] Loss (KL=0.0000, Const=3073.7964) | Viol_Order(max=2.00, mean=0.0139) | Viol_Exist(max=2.00, mean=1.1559) | Mu_O(max=1.0) Mu_E(max=1.0) | Lam_O(max=0.00) Lam_E(max=0.00)
  [Outer 10/20] Loss (KL=0.0129, Const=229196.7500) | Viol_Order(max=2.00, mean=0.0139) | Viol_Exist(max=2.00, mean=1.1560) | Mu_O(max=10.6) Mu_E(max=10.6) | Lam_O(max=64.03) Lam_E(max=64.03)
  [Outer 20/20] Loss (KL=1.3067, Const=3377592.0000) | Viol_Order(max=2.00, mean=0.0129) | Viol_Exist(max=2.00, mean=1.1568) | Mu_O(max=146.2) Mu_E(max=146.2) | Lam_O(max=768.99) Lam_E(max=967.95)

[Projection Start] Batch: 512, Constraints: 32
  [Outer 01/20] Loss (KL=0.0000, Const=3071.5376) | Viol_Order(max=2.00, mean=0.0140) | Viol_Exist(max=2.00, mean=1.1561) | Mu_O(max=1.0) Mu_E(max=1.0) | Lam_O(max=0.00) Lam_E(max=0.00)
  [Outer 10/20] Loss (KL=0.0326, Const=228900.0938) | Viol_Order(max=2.00, mean=0.0140) | Viol_Exist(max=2.00, mean=1.1562) | Mu_O(max=10.6) Mu_E(max=10.6) | Lam_O(max=64.03) Lam_E(max=64.03)
  [Outer 20/20] Loss (KL=1.0686, Const=3374396.5000) | Viol_Order(max=2.00, mean=0.0142) | Viol_Exist(max=2.00, mean=1.1553) | Mu_O(max=146.2) Mu_E(max=146.2) | Lam_O(max=967.95) Lam_E(max=967.95)
[DEBUG][shape] time torch.Size([512, 14])
[DEBUG][shape] mask torch.Size([512, 14])
[DEBUG][shape] tau  torch.Size([512, 14])
[DEBUG][shape] cond1 torch.Size([512, 14])
[DEBUG][shape] unpadded_length torch.Size([512]) 13
[DEBUG][shape] content_token torch.Size([512, 29])
po_matrix shape: torch.Size([171, 9, 9]) sum0: 18.0
tau before cond_encoder: torch.Size([171, 12]) time: torch.Size([171, 12])
tau after  cond_encoder: torch.Size([171, 12]) time: torch.Size([171, 12])

[Projection Start] Batch: 171, Constraints: 33
  [Outer 01/20] Loss (KL=1.8035, Const=2114.3113) | Viol_Order(max=1.00, mean=0.0014) | Viol_Exist(max=2.00, mean=1.8331) | Mu_O(max=1.0) Mu_E(max=1.0) | Lam_O(max=0.00) Lam_E(max=0.00)
  [Outer 10/20] Loss (KL=47.0425, Const=35899.5469) | Viol_Order(max=2.00, mean=0.0790) | Viol_Exist(max=2.00, mean=1.1313) | Mu_O(max=8.2) Mu_E(max=10.6) | Lam_O(max=25.16) Lam_E(max=64.03)
  [Outer 20/20] Loss (KL=68.0762, Const=339987.9688) | Viol_Order(max=1.00, mean=0.0631) | Viol_Exist(max=2.00, mean=1.1278) | Mu_O(max=112.5) Mu_E(max=146.2) | Lam_O(max=371.52) Lam_E(max=967.95)

[Projection Start] Batch: 171, Constraints: 33
  [Outer 01/20] Loss (KL=2.3259, Const=1662.5264) | Viol_Order(max=2.00, mean=0.0050) | Viol_Exist(max=2.00, mean=1.7787) | Mu_O(max=1.0) Mu_E(max=1.0) | Lam_O(max=0.00) Lam_E(max=0.00)
  [Outer 10/20] Loss (KL=45.6655, Const=35550.7969) | Viol_Order(max=2.00, mean=0.0705) | Viol_Exist(max=2.00, mean=1.1318) | Mu_O(max=8.2) Mu_E(max=10.6) | Lam_O(max=26.16) Lam_E(max=64.03)
  [Outer 20/20] Loss (KL=66.3716, Const=351800.9688) | Viol_Order(max=1.00, mean=0.0652) | Viol_Exist(max=2.00, mean=1.1260) | Mu_O(max=112.5) Mu_E(max=146.2) | Lam_O(max=373.82) Lam_E(max=967.95)

[Projection Start] Batch: 171, Constraints: 33
  [Outer 01/20] Loss (KL=2.5499, Const=1572.8478) | Viol_Order(max=3.00, mean=0.0069) | Viol_Exist(max=2.00, mean=1.7370) | Mu_O(max=1.0) Mu_E(max=1.0) | Lam_O(max=0.00) Lam_E(max=0.00)
  [Outer 10/20] Loss (KL=42.9733, Const=36400.8281) | Viol_Order(max=2.00, mean=0.0666) | Viol_Exist(max=2.00, mean=1.1324) | Mu_O(max=10.6) Mu_E(max=10.6) | Lam_O(max=32.01) Lam_E(max=64.03)
  [Outer 20/20] Loss (KL=63.4412, Const=370977.8125) | Viol_Order(max=1.00, mean=0.0617) | Viol_Exist(max=2.00, mean=1.1318) | Mu_O(max=112.5) Mu_E(max=146.2) | Lam_O(max=376.70) Lam_E(max=967.95)

[Projection Start] Batch: 171, Constraints: 33
  [Outer 01/20] Loss (KL=2.5007, Const=1457.2355) | Viol_Order(max=3.00, mean=0.0096) | Viol_Exist(max=2.00, mean=1.7145) | Mu_O(max=1.0) Mu_E(max=1.0) | Lam_O(max=0.00) Lam_E(max=0.00)
  [Outer 10/20] Loss (KL=41.9203, Const=36502.6250) | Viol_Order(max=1.00, mean=0.0592) | Viol_Exist(max=2.00, mean=1.1260) | Mu_O(max=10.6) Mu_E(max=10.6) | Lam_O(max=35.00) Lam_E(max=64.03)
  [Outer 20/20] Loss (KL=60.9401, Const=368172.7500) | Viol_Order(max=1.00, mean=0.0576) | Viol_Exist(max=2.00, mean=1.1311) | Mu_O(max=146.2) Mu_E(max=146.2) | Lam_O(max=486.96) Lam_E(max=967.95)

[Projection Start] Batch: 171, Constraints: 33
  [Outer 01/20] Loss (KL=2.7358, Const=1428.8970) | Viol_Order(max=3.00, mean=0.0099) | Viol_Exist(max=2.00, mean=1.6775) | Mu_O(max=1.0) Mu_E(max=1.0) | Lam_O(max=0.00) Lam_E(max=0.00)
  [Outer 10/20] Loss (KL=40.1068, Const=37336.1562) | Viol_Order(max=2.00, mean=0.0620) | Viol_Exist(max=2.00, mean=1.1386) | Mu_O(max=10.6) Mu_E(max=10.6) | Lam_O(max=32.01) Lam_E(max=64.03)
  [Outer 20/20] Loss (KL=60.3255, Const=374601.5938) | Viol_Order(max=1.00, mean=0.0636) | Viol_Exist(max=2.00, mean=1.1343) | Mu_O(max=146.2) Mu_E(max=146.2) | Lam_O(max=483.97) Lam_E(max=967.95)

[Projection Start] Batch: 171, Constraints: 33
  [Outer 01/20] Loss (KL=2.6498, Const=1330.7382) | Viol_Order(max=2.00, mean=0.0154) | Viol_Exist(max=2.00, mean=1.6209) | Mu_O(max=1.0) Mu_E(max=1.0) | Lam_O(max=0.00) Lam_E(max=0.00)
  [Outer 10/20] Loss (KL=37.7597, Const=37659.5625) | Viol_Order(max=2.00, mean=0.0562) | Viol_Exist(max=2.00, mean=1.1329) | Mu_O(max=10.6) Mu_E(max=10.6) | Lam_O(max=34.31) Lam_E(max=64.03)
  [Outer 20/20] Loss (KL=55.7842, Const=394024.0000) | Viol_Order(max=1.00, mean=0.0514) | Viol_Exist(max=2.00, mean=1.1391) | Mu_O(max=146.2) Mu_E(max=146.2) | Lam_O(max=486.27) Lam_E(max=967.95)

[Projection Start] Batch: 171, Constraints: 33
  [Outer 01/20] Loss (KL=2.4296, Const=1372.1702) | Viol_Order(max=3.00, mean=0.0147) | Viol_Exist(max=2.00, mean=1.6302) | Mu_O(max=1.0) Mu_E(max=1.0) | Lam_O(max=0.00) Lam_E(max=0.00)
  [Outer 10/20] Loss (KL=36.3798, Const=37870.6602) | Viol_Order(max=2.00, mean=0.0558) | Viol_Exist(max=2.00, mean=1.1333) | Mu_O(max=10.6) Mu_E(max=10.6) | Lam_O(max=33.70) Lam_E(max=64.03)
  [Outer 20/20] Loss (KL=54.3955, Const=405265.0625) | Viol_Order(max=1.00, mean=0.0510) | Viol_Exist(max=2.00, mean=1.1407) | Mu_O(max=146.2) Mu_E(max=146.2) | Lam_O(max=485.66) Lam_E(max=967.95)

[Projection Start] Batch: 171, Constraints: 33
  [Outer 01/20] Loss (KL=2.1945, Const=1295.0471) | Viol_Order(max=7.00, mean=0.0142) | Viol_Exist(max=2.00, mean=1.6238) | Mu_O(max=1.0) Mu_E(max=1.0) | Lam_O(max=0.00) Lam_E(max=0.00)
  [Outer 10/20] Loss (KL=35.0137, Const=37670.2891) | Viol_Order(max=2.00, mean=0.0569) | Viol_Exist(max=2.00, mean=1.1349) | Mu_O(max=10.6) Mu_E(max=10.6) | Lam_O(max=36.07) Lam_E(max=64.03)
  [Outer 20/20] Loss (KL=52.2378, Const=397144.3125) | Viol_Order(max=1.00, mean=0.0539) | Viol_Exist(max=2.00, mean=1.1326) | Mu_O(max=146.2) Mu_E(max=146.2) | Lam_O(max=485.97) Lam_E(max=967.95)

[Projection Start] Batch: 171, Constraints: 33
  [Outer 01/20] Loss (KL=2.0942, Const=1336.0042) | Viol_Order(max=3.00, mean=0.0183) | Viol_Exist(max=2.00, mean=1.5949) | Mu_O(max=1.0) Mu_E(max=1.0) | Lam_O(max=0.00) Lam_E(max=0.00)
  [Outer 10/20] Loss (KL=32.4059, Const=39546.1836) | Viol_Order(max=2.00, mean=0.0585) | Viol_Exist(max=2.00, mean=1.1442) | Mu_O(max=10.6) Mu_E(max=10.6) | Lam_O(max=33.31) Lam_E(max=64.03)
  [Outer 20/20] Loss (KL=47.9095, Const=420918.6250) | Viol_Order(max=1.00, mean=0.0556) | Viol_Exist(max=2.00, mean=1.1416) | Mu_O(max=146.2) Mu_E(max=146.2) | Lam_O(max=485.27) Lam_E(max=967.95)

[Projection Start] Batch: 171, Constraints: 33
  [Outer 01/20] Loss (KL=2.1060, Const=1278.8627) | Viol_Order(max=6.00, mean=0.0220) | Viol_Exist(max=2.00, mean=1.5455) | Mu_O(max=1.0) Mu_E(max=1.0) | Lam_O(max=0.00) Lam_E(max=0.00)
  [Outer 10/20] Loss (KL=30.4336, Const=39355.3242) | Viol_Order(max=2.00, mean=0.0592) | Viol_Exist(max=2.00, mean=1.1366) | Mu_O(max=10.6) Mu_E(max=10.6) | Lam_O(max=33.31) Lam_E(max=64.03)
  [Outer 20/20] Loss (KL=45.8087, Const=411071.0938) | Viol_Order(max=1.00, mean=0.0565) | Viol_Exist(max=2.00, mean=1.1389) | Mu_O(max=146.2) Mu_E(max=146.2) | Lam_O(max=485.27) Lam_E(max=967.95)

[Projection Start] Batch: 171, Constraints: 33
  [Outer 01/20] Loss (KL=2.1005, Const=1295.7772) | Viol_Order(max=4.00, mean=0.0271) | Viol_Exist(max=2.00, mean=1.4946) | Mu_O(max=1.0) Mu_E(max=1.0) | Lam_O(max=0.00) Lam_E(max=0.00)
  [Outer 10/20] Loss (KL=28.2044, Const=40717.4961) | Viol_Order(max=2.00, mean=0.0615) | Viol_Exist(max=2.00, mean=1.1423) | Mu_O(max=10.6) Mu_E(max=10.6) | Lam_O(max=35.31) Lam_E(max=64.03)
  [Outer 20/20] Loss (KL=42.7158, Const=457200.0000) | Viol_Order(max=1.00, mean=0.0572) | Viol_Exist(max=2.00, mean=1.1476) | Mu_O(max=146.2) Mu_E(max=146.2) | Lam_O(max=487.27) Lam_E(max=967.95)

[Projection Start] Batch: 171, Constraints: 33
  [Outer 01/20] Loss (KL=1.9251, Const=1247.9661) | Viol_Order(max=4.00, mean=0.0324) | Viol_Exist(max=2.00, mean=1.4654) | Mu_O(max=1.0) Mu_E(max=1.0) | Lam_O(max=0.00) Lam_E(max=0.00)
  [Outer 10/20] Loss (KL=26.7840, Const=41993.1172) | Viol_Order(max=2.00, mean=0.0537) | Viol_Exist(max=2.00, mean=1.1444) | Mu_O(max=10.6) Mu_E(max=10.6) | Lam_O(max=38.20) Lam_E(max=64.03)
  [Outer 20/20] Loss (KL=40.0191, Const=469751.3750) | Viol_Order(max=1.00, mean=0.0542) | Viol_Exist(max=2.00, mean=1.1441) | Mu_O(max=146.2) Mu_E(max=146.2) | Lam_O(max=485.27) Lam_E(max=967.95)

[Projection Start] Batch: 171, Constraints: 33
  [Outer 01/20] Loss (KL=1.7541, Const=1299.1342) | Viol_Order(max=4.00, mean=0.0326) | Viol_Exist(max=2.00, mean=1.4476) | Mu_O(max=1.0) Mu_E(max=1.0) | Lam_O(max=0.00) Lam_E(max=0.00)
  [Outer 10/20] Loss (KL=25.3531, Const=43214.7578) | Viol_Order(max=2.00, mean=0.0579) | Viol_Exist(max=2.00, mean=1.1396) | Mu_O(max=10.6) Mu_E(max=10.6) | Lam_O(max=33.01) Lam_E(max=64.03)
  [Outer 20/20] Loss (KL=39.8976, Const=486106.5000) | Viol_Order(max=1.00, mean=0.0535) | Viol_Exist(max=2.00, mean=1.1522) | Mu_O(max=146.2) Mu_E(max=146.2) | Lam_O(max=484.97) Lam_E(max=967.95)

[Projection Start] Batch: 171, Constraints: 33
  [Outer 01/20] Loss (KL=1.6186, Const=1193.3695) | Viol_Order(max=4.00, mean=0.0429) | Viol_Exist(max=2.00, mean=1.3819) | Mu_O(max=1.0) Mu_E(max=1.0) | Lam_O(max=0.00) Lam_E(max=0.00)
  [Outer 10/20] Loss (KL=23.8761, Const=43913.4766) | Viol_Order(max=1.00, mean=0.0493) | Viol_Exist(max=2.00, mean=1.1497) | Mu_O(max=10.6) Mu_E(max=10.6) | Lam_O(max=33.01) Lam_E(max=64.03)
  [Outer 20/20] Loss (KL=36.8642, Const=518974.0625) | Viol_Order(max=1.00, mean=0.0470) | Viol_Exist(max=2.00, mean=1.1629) | Mu_O(max=146.2) Mu_E(max=146.2) | Lam_O(max=483.97) Lam_E(max=967.95)

[Projection Start] Batch: 171, Constraints: 33
  [Outer 01/20] Loss (KL=1.5719, Const=1234.0836) | Viol_Order(max=4.00, mean=0.0452) | Viol_Exist(max=2.00, mean=1.3518) | Mu_O(max=1.0) Mu_E(max=1.0) | Lam_O(max=0.00) Lam_E(max=0.00)
  [Outer 10/20] Loss (KL=20.9367, Const=44847.8945) | Viol_Order(max=1.00, mean=0.0556) | Viol_Exist(max=2.00, mean=1.1444) | Mu_O(max=10.6) Mu_E(max=10.6) | Lam_O(max=34.31) Lam_E(max=64.03)
  [Outer 20/20] Loss (KL=32.0472, Const=531214.0000) | Viol_Order(max=1.00, mean=0.0459) | Viol_Exist(max=2.00, mean=1.1547) | Mu_O(max=146.2) Mu_E(max=146.2) | Lam_O(max=486.27) Lam_E(max=967.95)

[Projection Start] Batch: 171, Constraints: 33
  [Outer 01/20] Loss (KL=1.3675, Const=1202.4285) | Viol_Order(max=4.00, mean=0.0452) | Viol_Exist(max=2.00, mean=1.3312) | Mu_O(max=1.0) Mu_E(max=1.0) | Lam_O(max=0.00) Lam_E(max=0.00)
  [Outer 10/20] Loss (KL=19.2551, Const=45698.3047) | Viol_Order(max=2.00, mean=0.0493) | Viol_Exist(max=2.00, mean=1.1570) | Mu_O(max=10.6) Mu_E(max=10.6) | Lam_O(max=33.92) Lam_E(max=64.03)
  [Outer 20/20] Loss (KL=30.6271, Const=546525.7500) | Viol_Order(max=1.00, mean=0.0466) | Viol_Exist(max=2.00, mean=1.1536) | Mu_O(max=146.2) Mu_E(max=146.2) | Lam_O(max=484.97) Lam_E(max=967.95)

[Projection Start] Batch: 171, Constraints: 33
  [Outer 01/20] Loss (KL=1.2493, Const=1183.5623) | Viol_Order(max=3.00, mean=0.0482) | Viol_Exist(max=2.00, mean=1.3055) | Mu_O(max=1.0) Mu_E(max=1.0) | Lam_O(max=0.00) Lam_E(max=0.00)
  [Outer 10/20] Loss (KL=17.9491, Const=48211.5820) | Viol_Order(max=2.00, mean=0.0445) | Viol_Exist(max=2.00, mean=1.1611) | Mu_O(max=10.6) Mu_E(max=10.6) | Lam_O(max=34.31) Lam_E(max=64.03)
  [Outer 20/20] Loss (KL=28.8154, Const=599163.7500) | Viol_Order(max=2.00, mean=0.0432) | Viol_Exist(max=2.00, mean=1.1629) | Mu_O(max=146.2) Mu_E(max=146.2) | Lam_O(max=486.27) Lam_E(max=967.95)

[Projection Start] Batch: 171, Constraints: 33
  [Outer 01/20] Loss (KL=1.1950, Const=1213.7400) | Viol_Order(max=3.00, mean=0.0560) | Viol_Exist(max=2.00, mean=1.2772) | Mu_O(max=1.0) Mu_E(max=1.0) | Lam_O(max=0.00) Lam_E(max=0.00)
  [Outer 10/20] Loss (KL=16.0785, Const=49872.7852) | Viol_Order(max=2.00, mean=0.0464) | Viol_Exist(max=2.00, mean=1.1623) | Mu_O(max=10.6) Mu_E(max=10.6) | Lam_O(max=32.01) Lam_E(max=64.03)
  [Outer 20/20] Loss (KL=25.0975, Const=619370.3125) | Viol_Order(max=1.00, mean=0.0471) | Viol_Exist(max=2.00, mean=1.1659) | Mu_O(max=146.2) Mu_E(max=146.2) | Lam_O(max=483.97) Lam_E(max=967.95)

[Projection Start] Batch: 171, Constraints: 33
  [Outer 01/20] Loss (KL=0.9883, Const=1178.5840) | Viol_Order(max=4.00, mean=0.0567) | Viol_Exist(max=2.00, mean=1.2621) | Mu_O(max=1.0) Mu_E(max=1.0) | Lam_O(max=0.00) Lam_E(max=0.00)
  [Outer 10/20] Loss (KL=14.3417, Const=50106.7578) | Viol_Order(max=1.00, mean=0.0461) | Viol_Exist(max=2.00, mean=1.1646) | Mu_O(max=10.6) Mu_E(max=10.6) | Lam_O(max=34.31) Lam_E(max=64.03)
  [Outer 20/20] Loss (KL=22.0778, Const=633813.2500) | Viol_Order(max=1.00, mean=0.0478) | Viol_Exist(max=2.00, mean=1.1676) | Mu_O(max=146.2) Mu_E(max=146.2) | Lam_O(max=486.27) Lam_E(max=967.95)

[Projection Start] Batch: 171, Constraints: 33
  [Outer 01/20] Loss (KL=0.8233, Const=1135.7734) | Viol_Order(max=4.00, mean=0.0640) | Viol_Exist(max=2.00, mean=1.2396) | Mu_O(max=1.0) Mu_E(max=1.0) | Lam_O(max=0.00) Lam_E(max=0.00)
  [Outer 10/20] Loss (KL=11.4350, Const=53708.2578) | Viol_Order(max=1.00, mean=0.0463) | Viol_Exist(max=2.00, mean=1.1676) | Mu_O(max=10.6) Mu_E(max=10.6) | Lam_O(max=34.31) Lam_E(max=64.03)
  [Outer 20/20] Loss (KL=19.1251, Const=697186.7500) | Viol_Order(max=1.00, mean=0.0427) | Viol_Exist(max=2.00, mean=1.1785) | Mu_O(max=146.2) Mu_E(max=146.2) | Lam_O(max=486.27) Lam_E(max=967.95)

[Projection Start] Batch: 171, Constraints: 33
  [Outer 01/20] Loss (KL=0.7006, Const=1170.5859) | Viol_Order(max=4.00, mean=0.0732) | Viol_Exist(max=2.00, mean=1.2295) | Mu_O(max=1.0) Mu_E(max=1.0) | Lam_O(max=0.00) Lam_E(max=0.00)
  [Outer 10/20] Loss (KL=10.7019, Const=55782.5781) | Viol_Order(max=1.00, mean=0.0477) | Viol_Exist(max=2.00, mean=1.1639) | Mu_O(max=10.6) Mu_E(max=10.6) | Lam_O(max=35.00) Lam_E(max=64.03)
  [Outer 20/20] Loss (KL=17.4187, Const=736873.8750) | Viol_Order(max=2.00, mean=0.0450) | Viol_Exist(max=2.00, mean=1.1767) | Mu_O(max=146.2) Mu_E(max=146.2) | Lam_O(max=486.96) Lam_E(max=967.95)

[Projection Start] Batch: 171, Constraints: 33
  [Outer 01/20] Loss (KL=0.5822, Const=1115.0812) | Viol_Order(max=3.00, mean=0.0666) | Viol_Exist(max=2.00, mean=1.2114) | Mu_O(max=1.0) Mu_E(max=1.0) | Lam_O(max=0.00) Lam_E(max=0.00)
  [Outer 10/20] Loss (KL=8.3612, Const=59460.9648) | Viol_Order(max=1.00, mean=0.0420) | Viol_Exist(max=2.00, mean=1.1781) | Mu_O(max=10.6) Mu_E(max=10.6) | Lam_O(max=36.00) Lam_E(max=64.03)
  [Outer 20/20] Loss (KL=13.8676, Const=798975.0000) | Viol_Order(max=1.00, mean=0.0379) | Viol_Exist(max=2.00, mean=1.1820) | Mu_O(max=146.2) Mu_E(max=146.2) | Lam_O(max=487.96) Lam_E(max=967.95)

[Projection Start] Batch: 171, Constraints: 33
  [Outer 01/20] Loss (KL=0.3796, Const=1077.2904) | Viol_Order(max=3.00, mean=0.0638) | Viol_Exist(max=2.00, mean=1.2002) | Mu_O(max=1.0) Mu_E(max=1.0) | Lam_O(max=0.00) Lam_E(max=0.00)
  [Outer 10/20] Loss (KL=6.6768, Const=61272.4297) | Viol_Order(max=1.00, mean=0.0406) | Viol_Exist(max=2.00, mean=1.1774) | Mu_O(max=10.6) Mu_E(max=10.6) | Lam_O(max=35.70) Lam_E(max=64.03)
  [Outer 20/20] Loss (KL=11.2000, Const=837535.5000) | Viol_Order(max=1.00, mean=0.0374) | Viol_Exist(max=2.00, mean=1.1822) | Mu_O(max=146.2) Mu_E(max=146.2) | Lam_O(max=487.66) Lam_E(max=967.95)

[Projection Start] Batch: 171, Constraints: 33
  [Outer 01/20] Loss (KL=0.2373, Const=1041.9281) | Viol_Order(max=2.00, mean=0.0532) | Viol_Exist(max=2.00, mean=1.1811) | Mu_O(max=1.0) Mu_E(max=1.0) | Lam_O(max=0.00) Lam_E(max=0.00)
  [Outer 10/20] Loss (KL=4.2083, Const=63515.3984) | Viol_Order(max=1.00, mean=0.0335) | Viol_Exist(max=2.00, mean=1.1831) | Mu_O(max=10.6) Mu_E(max=10.6) | Lam_O(max=36.00) Lam_E(max=64.03)
  [Outer 20/20] Loss (KL=6.8167, Const=896620.1250) | Viol_Order(max=1.00, mean=0.0340) | Viol_Exist(max=2.00, mean=1.1827) | Mu_O(max=146.2) Mu_E(max=146.2) | Lam_O(max=484.97) Lam_E(max=967.95)

[Projection Start] Batch: 171, Constraints: 33
  [Outer 01/20] Loss (KL=0.0991, Const=1064.9849) | Viol_Order(max=4.00, mean=0.0615) | Viol_Exist(max=2.00, mean=1.1838) | Mu_O(max=1.0) Mu_E(max=1.0) | Lam_O(max=0.00) Lam_E(max=0.00)
  [Outer 10/20] Loss (KL=3.6988, Const=65609.7891) | Viol_Order(max=2.00, mean=0.0326) | Viol_Exist(max=2.00, mean=1.1836) | Mu_O(max=10.6) Mu_E(max=10.6) | Lam_O(max=34.31) Lam_E(max=64.03)
  [Outer 20/20] Loss (KL=5.9727, Const=938161.5000) | Viol_Order(max=2.00, mean=0.0315) | Viol_Exist(max=2.00, mean=1.1852) | Mu_O(max=146.2) Mu_E(max=146.2) | Lam_O(max=486.27) Lam_E(max=967.95)

[Projection Start] Batch: 171, Constraints: 33
  [Outer 01/20] Loss (KL=0.0000, Const=1036.6885) | Viol_Order(max=4.00, mean=0.0487) | Viol_Exist(max=2.00, mean=1.1749) | Mu_O(max=1.0) Mu_E(max=1.0) | Lam_O(max=0.00) Lam_E(max=0.00)
  [Outer 10/20] Loss (KL=1.0655, Const=73314.6953) | Viol_Order(max=2.00, mean=0.0363) | Viol_Exist(max=2.00, mean=1.1834) | Mu_O(max=10.6) Mu_E(max=10.6) | Lam_O(max=87.89) Lam_E(max=64.03)
  [Outer 20/20] Loss (KL=7.1371, Const=1004142.5000) | Viol_Order(max=2.00, mean=0.0209) | Viol_Exist(max=2.00, mean=1.2049) | Mu_O(max=146.2) Mu_E(max=146.2) | Lam_O(max=550.45) Lam_E(max=967.95)

[Projection Start] Batch: 171, Constraints: 33
  [Outer 01/20] Loss (KL=0.0000, Const=1055.3828) | Viol_Order(max=3.00, mean=0.0395) | Viol_Exist(max=2.00, mean=1.1921) | Mu_O(max=1.0) Mu_E(max=1.0) | Lam_O(max=0.00) Lam_E(max=0.00)
  [Outer 10/20] Loss (KL=1.0004, Const=75334.5312) | Viol_Order(max=3.00, mean=0.0292) | Viol_Exist(max=2.00, mean=1.2006) | Mu_O(max=10.6) Mu_E(max=10.6) | Lam_O(max=96.04) Lam_E(max=64.03)
  [Outer 20/20] Loss (KL=4.9703, Const=1053271.8750) | Viol_Order(max=2.00, mean=0.0200) | Viol_Exist(max=2.00, mean=1.2054) | Mu_O(max=146.2) Mu_E(max=146.2) | Lam_O(max=581.60) Lam_E(max=967.95)

[Projection Start] Batch: 171, Constraints: 33
  [Outer 01/20] Loss (KL=0.0000, Const=1052.2084) | Viol_Order(max=3.00, mean=0.0356) | Viol_Exist(max=2.00, mean=1.1956) | Mu_O(max=1.0) Mu_E(max=1.0) | Lam_O(max=0.00) Lam_E(max=0.00)
  [Outer 10/20] Loss (KL=0.7955, Const=75446.0547) | Viol_Order(max=2.00, mean=0.0264) | Viol_Exist(max=2.00, mean=1.2008) | Mu_O(max=10.6) Mu_E(max=10.6) | Lam_O(max=64.03) Lam_E(max=64.03)
  [Outer 20/20] Loss (KL=6.0569, Const=1057832.2500) | Viol_Order(max=2.00, mean=0.0179) | Viol_Exist(max=2.00, mean=1.2038) | Mu_O(max=146.2) Mu_E(max=146.2) | Lam_O(max=526.59) Lam_E(max=967.95)

[Projection Start] Batch: 171, Constraints: 33
  [Outer 01/20] Loss (KL=0.0000, Const=1039.3064) | Viol_Order(max=4.00, mean=0.0333) | Viol_Exist(max=2.00, mean=1.1955) | Mu_O(max=1.0) Mu_E(max=1.0) | Lam_O(max=0.00) Lam_E(max=0.00)
  [Outer 10/20] Loss (KL=0.8728, Const=73545.4453) | Viol_Order(max=2.00, mean=0.0211) | Viol_Exist(max=2.00, mean=1.2026) | Mu_O(max=10.6) Mu_E(max=10.6) | Lam_O(max=64.03) Lam_E(max=64.03)
  [Outer 20/20] Loss (KL=3.7397, Const=1048640.2500) | Viol_Order(max=2.00, mean=0.0191) | Viol_Exist(max=2.00, mean=1.2022) | Mu_O(max=146.2) Mu_E(max=146.2) | Lam_O(max=540.38) Lam_E(max=967.95)

[Projection Start] Batch: 171, Constraints: 33
  [Outer 01/20] Loss (KL=0.0000, Const=1036.7706) | Viol_Order(max=4.00, mean=0.0310) | Viol_Exist(max=2.00, mean=1.1958) | Mu_O(max=1.0) Mu_E(max=1.0) | Lam_O(max=0.00) Lam_E(max=0.00)
  [Outer 10/20] Loss (KL=0.4481, Const=75226.5625) | Viol_Order(max=2.00, mean=0.0252) | Viol_Exist(max=2.00, mean=1.1997) | Mu_O(max=10.6) Mu_E(max=10.6) | Lam_O(max=96.04) Lam_E(max=64.03)
  [Outer 20/20] Loss (KL=3.9898, Const=1059706.0000) | Viol_Order(max=2.00, mean=0.0168) | Viol_Exist(max=2.00, mean=1.2050) | Mu_O(max=146.2) Mu_E(max=146.2) | Lam_O(max=558.30) Lam_E(max=967.95)

[Projection Start] Batch: 171, Constraints: 33
  [Outer 01/20] Loss (KL=0.0000, Const=1010.9354) | Viol_Order(max=2.00, mean=0.0259) | Viol_Exist(max=2.00, mean=1.1969) | Mu_O(max=1.0) Mu_E(max=1.0) | Lam_O(max=0.00) Lam_E(max=0.00)
  [Outer 10/20] Loss (KL=0.3751, Const=73981.8516) | Viol_Order(max=2.00, mean=0.0220) | Viol_Exist(max=2.00, mean=1.1979) | Mu_O(max=10.6) Mu_E(max=10.6) | Lam_O(max=64.03) Lam_E(max=64.03)
  [Outer 20/20] Loss (KL=3.3450, Const=1057952.0000) | Viol_Order(max=1.00, mean=0.0135) | Viol_Exist(max=2.00, mean=1.2073) | Mu_O(max=146.2) Mu_E(max=146.2) | Lam_O(max=526.59) Lam_E(max=967.95)

[Projection Start] Batch: 171, Constraints: 33
  [Outer 01/20] Loss (KL=0.0008, Const=1029.9120) | Viol_Order(max=2.00, mean=0.0225) | Viol_Exist(max=2.00, mean=1.2061) | Mu_O(max=1.0) Mu_E(max=1.0) | Lam_O(max=0.00) Lam_E(max=0.00)
  [Outer 10/20] Loss (KL=0.5540, Const=74931.0000) | Viol_Order(max=2.00, mean=0.0186) | Viol_Exist(max=2.00, mean=1.2061) | Mu_O(max=10.6) Mu_E(max=10.6) | Lam_O(max=64.03) Lam_E(max=64.03)
  [Outer 20/20] Loss (KL=2.8801, Const=1083588.6250) | Viol_Order(max=1.00, mean=0.0147) | Viol_Exist(max=2.00, mean=1.2054) | Mu_O(max=146.2) Mu_E(max=146.2) | Lam_O(max=558.30) Lam_E(max=967.95)

[Projection Start] Batch: 171, Constraints: 33
  [Outer 01/20] Loss (KL=0.0000, Const=1003.5328) | Viol_Order(max=2.00, mean=0.0234) | Viol_Exist(max=2.00, mean=1.1974) | Mu_O(max=1.0) Mu_E(max=1.0) | Lam_O(max=0.00) Lam_E(max=0.00)
  [Outer 10/20] Loss (KL=0.5433, Const=73053.6328) | Viol_Order(max=2.00, mean=0.0167) | Viol_Exist(max=2.00, mean=1.2029) | Mu_O(max=10.6) Mu_E(max=10.6) | Lam_O(max=64.03) Lam_E(max=64.03)
  [Outer 20/20] Loss (KL=2.3961, Const=1054948.0000) | Viol_Order(max=2.00, mean=0.0175) | Viol_Exist(max=2.00, mean=1.1985) | Mu_O(max=146.2) Mu_E(max=146.2) | Lam_O(max=526.59) Lam_E(max=967.95)

[Projection Start] Batch: 171, Constraints: 33
  [Outer 01/20] Loss (KL=0.0000, Const=990.8239) | Viol_Order(max=2.00, mean=0.0243) | Viol_Exist(max=2.00, mean=1.1948) | Mu_O(max=1.0) Mu_E(max=1.0) | Lam_O(max=0.00) Lam_E(max=0.00)
  [Outer 10/20] Loss (KL=0.4011, Const=72600.6406) | Viol_Order(max=2.00, mean=0.0195) | Viol_Exist(max=2.00, mean=1.1994) | Mu_O(max=10.6) Mu_E(max=10.6) | Lam_O(max=64.03) Lam_E(max=64.03)
  [Outer 20/20] Loss (KL=2.0218, Const=1053535.8750) | Viol_Order(max=2.00, mean=0.0156) | Viol_Exist(max=2.00, mean=1.2002) | Mu_O(max=146.2) Mu_E(max=146.2) | Lam_O(max=581.60) Lam_E(max=967.95)

[Projection Start] Batch: 171, Constraints: 33
  [Outer 01/20] Loss (KL=0.0000, Const=988.0776) | Viol_Order(max=2.00, mean=0.0220) | Viol_Exist(max=2.00, mean=1.1976) | Mu_O(max=1.0) Mu_E(max=1.0) | Lam_O(max=0.00) Lam_E(max=0.00)
  [Outer 10/20] Loss (KL=0.3008, Const=72849.7812) | Viol_Order(max=2.00, mean=0.0197) | Viol_Exist(max=2.00, mean=1.1999) | Mu_O(max=10.6) Mu_E(max=10.6) | Lam_O(max=64.03) Lam_E(max=64.03)
  [Outer 20/20] Loss (KL=2.4127, Const=1055623.5000) | Viol_Order(max=1.00, mean=0.0151) | Viol_Exist(max=2.00, mean=1.2001) | Mu_O(max=146.2) Mu_E(max=146.2) | Lam_O(max=540.38) Lam_E(max=967.95)

[Projection Start] Batch: 171, Constraints: 33
  [Outer 01/20] Loss (KL=0.0000, Const=991.2783) | Viol_Order(max=3.00, mean=0.0222) | Viol_Exist(max=2.00, mean=1.1979) | Mu_O(max=1.0) Mu_E(max=1.0) | Lam_O(max=0.00) Lam_E(max=0.00)
  [Outer 10/20] Loss (KL=0.3597, Const=72951.1328) | Viol_Order(max=2.00, mean=0.0202) | Viol_Exist(max=2.00, mean=1.1979) | Mu_O(max=10.6) Mu_E(max=10.6) | Lam_O(max=64.92) Lam_E(max=64.03)
  [Outer 20/20] Loss (KL=2.5359, Const=1059209.0000) | Viol_Order(max=1.00, mean=0.0142) | Viol_Exist(max=2.00, mean=1.2040) | Mu_O(max=146.2) Mu_E(max=146.2) | Lam_O(max=558.30) Lam_E(max=967.95)

[Projection Start] Batch: 171, Constraints: 33
  [Outer 01/20] Loss (KL=0.0000, Const=990.5970) | Viol_Order(max=3.00, mean=0.0204) | Viol_Exist(max=2.00, mean=1.1997) | Mu_O(max=1.0) Mu_E(max=1.0) | Lam_O(max=0.00) Lam_E(max=0.00)
  [Outer 10/20] Loss (KL=0.3563, Const=73019.3516) | Viol_Order(max=2.00, mean=0.0168) | Viol_Exist(max=2.00, mean=1.2026) | Mu_O(max=10.6) Mu_E(max=10.6) | Lam_O(max=76.79) Lam_E(max=64.03)
  [Outer 20/20] Loss (KL=2.0329, Const=1070415.0000) | Viol_Order(max=1.00, mean=0.0135) | Viol_Exist(max=2.00, mean=1.2041) | Mu_O(max=146.2) Mu_E(max=146.2) | Lam_O(max=553.13) Lam_E(max=967.95)

[Projection Start] Batch: 171, Constraints: 33
  [Outer 01/20] Loss (KL=0.0000, Const=996.5240) | Viol_Order(max=2.00, mean=0.0198) | Viol_Exist(max=2.00, mean=1.2022) | Mu_O(max=1.0) Mu_E(max=1.0) | Lam_O(max=0.00) Lam_E(max=0.00)
  [Outer 10/20] Loss (KL=0.3241, Const=73208.3203) | Viol_Order(max=2.00, mean=0.0161) | Viol_Exist(max=2.00, mean=1.2041) | Mu_O(max=10.6) Mu_E(max=10.6) | Lam_O(max=64.03) Lam_E(max=64.03)
  [Outer 20/20] Loss (KL=2.2317, Const=1063930.0000) | Viol_Order(max=1.00, mean=0.0151) | Viol_Exist(max=2.00, mean=1.2029) | Mu_O(max=146.2) Mu_E(max=146.2) | Lam_O(max=540.38) Lam_E(max=967.95)

[Projection Start] Batch: 171, Constraints: 33
  [Outer 01/20] Loss (KL=0.0000, Const=997.5419) | Viol_Order(max=3.00, mean=0.0204) | Viol_Exist(max=2.00, mean=1.2006) | Mu_O(max=1.0) Mu_E(max=1.0) | Lam_O(max=0.00) Lam_E(max=0.00)
  [Outer 10/20] Loss (KL=0.3621, Const=72884.7656) | Viol_Order(max=2.00, mean=0.0154) | Viol_Exist(max=2.00, mean=1.2047) | Mu_O(max=10.6) Mu_E(max=10.6) | Lam_O(max=64.03) Lam_E(max=64.03)
  [Outer 20/20] Loss (KL=1.6685, Const=1069954.2500) | Viol_Order(max=2.00, mean=0.0147) | Viol_Exist(max=2.00, mean=1.2033) | Mu_O(max=146.2) Mu_E(max=146.2) | Lam_O(max=526.59) Lam_E(max=967.95)

[Projection Start] Batch: 171, Constraints: 33
  [Outer 01/20] Loss (KL=0.0010, Const=986.9216) | Viol_Order(max=2.00, mean=0.0198) | Viol_Exist(max=2.00, mean=1.2008) | Mu_O(max=1.0) Mu_E(max=1.0) | Lam_O(max=0.00) Lam_E(max=0.00)
  [Outer 10/20] Loss (KL=0.3682, Const=72718.8125) | Viol_Order(max=2.00, mean=0.0172) | Viol_Exist(max=2.00, mean=1.2015) | Mu_O(max=10.6) Mu_E(max=10.6) | Lam_O(max=64.03) Lam_E(max=64.03)
  [Outer 20/20] Loss (KL=1.5989, Const=1063042.0000) | Viol_Order(max=1.00, mean=0.0149) | Viol_Exist(max=2.00, mean=1.2015) | Mu_O(max=146.2) Mu_E(max=146.2) | Lam_O(max=538.80) Lam_E(max=967.95)

[Projection Start] Batch: 171, Constraints: 33
  [Outer 01/20] Loss (KL=0.0000, Const=982.2072) | Viol_Order(max=2.00, mean=0.0202) | Viol_Exist(max=2.00, mean=1.1969) | Mu_O(max=1.0) Mu_E(max=1.0) | Lam_O(max=0.00) Lam_E(max=0.00)
  [Outer 10/20] Loss (KL=0.2019, Const=72520.5703) | Viol_Order(max=2.00, mean=0.0177) | Viol_Exist(max=2.00, mean=1.1987) | Mu_O(max=10.6) Mu_E(max=10.6) | Lam_O(max=64.03) Lam_E(max=64.03)
  [Outer 20/20] Loss (KL=2.9701, Const=1051092.0000) | Viol_Order(max=1.00, mean=0.0136) | Viol_Exist(max=2.00, mean=1.2011) | Mu_O(max=146.2) Mu_E(max=146.2) | Lam_O(max=526.59) Lam_E(max=967.95)

[Projection Start] Batch: 171, Constraints: 33
  [Outer 01/20] Loss (KL=0.0000, Const=985.1431) | Viol_Order(max=2.00, mean=0.0174) | Viol_Exist(max=2.00, mean=1.2004) | Mu_O(max=1.0) Mu_E(max=1.0) | Lam_O(max=0.00) Lam_E(max=0.00)
  [Outer 10/20] Loss (KL=0.2789, Const=72750.8047) | Viol_Order(max=2.00, mean=0.0149) | Viol_Exist(max=2.00, mean=1.2013) | Mu_O(max=10.6) Mu_E(max=10.6) | Lam_O(max=64.03) Lam_E(max=64.03)
  [Outer 20/20] Loss (KL=1.6249, Const=1065386.0000) | Viol_Order(max=1.00, mean=0.0131) | Viol_Exist(max=2.00, mean=1.2010) | Mu_O(max=146.2) Mu_E(max=146.2) | Lam_O(max=540.38) Lam_E(max=967.95)

[Projection Start] Batch: 171, Constraints: 33
  [Outer 01/20] Loss (KL=0.0000, Const=980.3365) | Viol_Order(max=2.00, mean=0.0179) | Viol_Exist(max=2.00, mean=1.1985) | Mu_O(max=1.0) Mu_E(max=1.0) | Lam_O(max=0.00) Lam_E(max=0.00)
  [Outer 10/20] Loss (KL=0.1088, Const=72678.9375) | Viol_Order(max=2.00, mean=0.0167) | Viol_Exist(max=2.00, mean=1.1985) | Mu_O(max=10.6) Mu_E(max=10.6) | Lam_O(max=64.03) Lam_E(max=64.03)
  [Outer 20/20] Loss (KL=2.4630, Const=1056250.3750) | Viol_Order(max=1.00, mean=0.0131) | Viol_Exist(max=2.00, mean=1.2018) | Mu_O(max=146.2) Mu_E(max=146.2) | Lam_O(max=515.99) Lam_E(max=967.95)

[Projection Start] Batch: 171, Constraints: 33
  [Outer 01/20] Loss (KL=0.0000, Const=984.2538) | Viol_Order(max=2.00, mean=0.0191) | Viol_Exist(max=2.00, mean=1.1976) | Mu_O(max=1.0) Mu_E(max=1.0) | Lam_O(max=0.00) Lam_E(max=0.00)
  [Outer 10/20] Loss (KL=0.3747, Const=72207.7188) | Viol_Order(max=1.00, mean=0.0151) | Viol_Exist(max=2.00, mean=1.2010) | Mu_O(max=10.6) Mu_E(max=10.6) | Lam_O(max=64.03) Lam_E(max=64.03)
  [Outer 20/20] Loss (KL=1.4423, Const=1062568.0000) | Viol_Order(max=1.00, mean=0.0129) | Viol_Exist(max=2.00, mean=1.2011) | Mu_O(max=146.2) Mu_E(max=146.2) | Lam_O(max=515.99) Lam_E(max=967.95)

[Projection Start] Batch: 171, Constraints: 33
  [Outer 01/20] Loss (KL=0.0000, Const=981.3835) | Viol_Order(max=2.00, mean=0.0161) | Viol_Exist(max=2.00, mean=1.2004) | Mu_O(max=1.0) Mu_E(max=1.0) | Lam_O(max=0.00) Lam_E(max=0.00)
  [Outer 10/20] Loss (KL=0.1318, Const=72707.0391) | Viol_Order(max=2.00, mean=0.0151) | Viol_Exist(max=2.00, mean=1.2004) | Mu_O(max=10.6) Mu_E(max=10.6) | Lam_O(max=64.03) Lam_E(max=64.03)
  [Outer 20/20] Loss (KL=2.1233, Const=1058799.2500) | Viol_Order(max=1.00, mean=0.0115) | Viol_Exist(max=2.00, mean=1.2036) | Mu_O(max=146.2) Mu_E(max=146.2) | Lam_O(max=540.38) Lam_E(max=967.95)

[Projection Start] Batch: 171, Constraints: 33
  [Outer 01/20] Loss (KL=0.0000, Const=986.0597) | Viol_Order(max=2.00, mean=0.0158) | Viol_Exist(max=2.00, mean=1.2029) | Mu_O(max=1.0) Mu_E(max=1.0) | Lam_O(max=0.00) Lam_E(max=0.00)
  [Outer 10/20] Loss (KL=0.0858, Const=73207.1562) | Viol_Order(max=2.00, mean=0.0145) | Viol_Exist(max=2.00, mean=1.2036) | Mu_O(max=10.6) Mu_E(max=10.6) | Lam_O(max=64.03) Lam_E(max=64.03)
  [Outer 20/20] Loss (KL=0.9649, Const=1076159.0000) | Viol_Order(max=1.00, mean=0.0108) | Viol_Exist(max=2.00, mean=1.2052) | Mu_O(max=146.2) Mu_E(max=146.2) | Lam_O(max=526.59) Lam_E(max=967.95)

[Projection Start] Batch: 171, Constraints: 33
  [Outer 01/20] Loss (KL=0.0000, Const=989.9072) | Viol_Order(max=2.00, mean=0.0156) | Viol_Exist(max=2.00, mean=1.2045) | Mu_O(max=1.0) Mu_E(max=1.0) | Lam_O(max=0.00) Lam_E(max=0.00)
  [Outer 10/20] Loss (KL=0.2105, Const=73313.8281) | Viol_Order(max=2.00, mean=0.0142) | Viol_Exist(max=2.00, mean=1.2050) | Mu_O(max=10.6) Mu_E(max=10.6) | Lam_O(max=64.03) Lam_E(max=64.03)
  [Outer 20/20] Loss (KL=1.2378, Const=1076895.0000) | Viol_Order(max=1.00, mean=0.0110) | Viol_Exist(max=2.00, mean=1.2050) | Mu_O(max=146.2) Mu_E(max=146.2) | Lam_O(max=540.38) Lam_E(max=967.95)

[Projection Start] Batch: 171, Constraints: 33
  [Outer 01/20] Loss (KL=-0.0000, Const=990.2748) | Viol_Order(max=2.00, mean=0.0147) | Viol_Exist(max=2.00, mean=1.2050) | Mu_O(max=1.0) Mu_E(max=1.0) | Lam_O(max=0.00) Lam_E(max=0.00)
  [Outer 10/20] Loss (KL=0.1953, Const=73195.4766) | Viol_Order(max=2.00, mean=0.0126) | Viol_Exist(max=2.00, mean=1.2056) | Mu_O(max=10.6) Mu_E(max=10.6) | Lam_O(max=64.03) Lam_E(max=64.03)
  [Outer 20/20] Loss (KL=1.7894, Const=1077260.2500) | Viol_Order(max=2.00, mean=0.0128) | Viol_Exist(max=2.00, mean=1.2031) | Mu_O(max=146.2) Mu_E(max=146.2) | Lam_O(max=558.30) Lam_E(max=967.95)

[Projection Start] Batch: 171, Constraints: 33
  [Outer 01/20] Loss (KL=0.0000, Const=988.2609) | Viol_Order(max=2.00, mean=0.0156) | Viol_Exist(max=2.00, mean=1.2031) | Mu_O(max=1.0) Mu_E(max=1.0) | Lam_O(max=0.00) Lam_E(max=0.00)
  [Outer 10/20] Loss (KL=0.0751, Const=73347.3984) | Viol_Order(max=2.00, mean=0.0140) | Viol_Exist(max=2.00, mean=1.2045) | Mu_O(max=10.6) Mu_E(max=10.6) | Lam_O(max=64.03) Lam_E(max=64.03)
  [Outer 20/20] Loss (KL=2.2805, Const=1064424.5000) | Viol_Order(max=2.00, mean=0.0119) | Viol_Exist(max=2.00, mean=1.2018) | Mu_O(max=146.2) Mu_E(max=146.2) | Lam_O(max=558.30) Lam_E(max=967.95)

[Projection Start] Batch: 171, Constraints: 33
  [Outer 01/20] Loss (KL=0.0000, Const=984.0555) | Viol_Order(max=2.00, mean=0.0165) | Viol_Exist(max=2.00, mean=1.2006) | Mu_O(max=1.0) Mu_E(max=1.0) | Lam_O(max=0.00) Lam_E(max=0.00)
  [Outer 10/20] Loss (KL=0.1946, Const=72565.5547) | Viol_Order(max=2.00, mean=0.0140) | Viol_Exist(max=2.00, mean=1.2029) | Mu_O(max=10.6) Mu_E(max=10.6) | Lam_O(max=64.03) Lam_E(max=64.03)
  [Outer 20/20] Loss (KL=1.7663, Const=1062946.3750) | Viol_Order(max=1.00, mean=0.0129) | Viol_Exist(max=2.00, mean=1.2004) | Mu_O(max=146.2) Mu_E(max=146.2) | Lam_O(max=581.60) Lam_E(max=967.95)

[Projection Start] Batch: 171, Constraints: 33
  [Outer 01/20] Loss (KL=-0.0000, Const=977.6234) | Viol_Order(max=2.00, mean=0.0172) | Viol_Exist(max=2.00, mean=1.1985) | Mu_O(max=1.0) Mu_E(max=1.0) | Lam_O(max=0.00) Lam_E(max=0.00)
  [Outer 10/20] Loss (KL=0.2268, Const=72032.8359) | Viol_Order(max=2.00, mean=0.0142) | Viol_Exist(max=2.00, mean=1.2011) | Mu_O(max=10.6) Mu_E(max=10.6) | Lam_O(max=64.03) Lam_E(max=64.03)
  [Outer 20/20] Loss (KL=1.5525, Const=1054900.5000) | Viol_Order(max=1.00, mean=0.0121) | Viol_Exist(max=2.00, mean=1.2004) | Mu_O(max=146.2) Mu_E(max=146.2) | Lam_O(max=611.89) Lam_E(max=967.95)

[Projection Start] Batch: 171, Constraints: 33
  [Outer 01/20] Loss (KL=0.0000, Const=971.2098) | Viol_Order(max=2.00, mean=0.0151) | Viol_Exist(max=2.00, mean=1.1992) | Mu_O(max=1.0) Mu_E(max=1.0) | Lam_O(max=0.00) Lam_E(max=0.00)
  [Outer 10/20] Loss (KL=0.0874, Const=72113.7500) | Viol_Order(max=2.00, mean=0.0149) | Viol_Exist(max=2.00, mean=1.1985) | Mu_O(max=10.6) Mu_E(max=10.6) | Lam_O(max=64.03) Lam_E(max=64.03)
  [Outer 20/20] Loss (KL=1.0296, Const=1060038.3750) | Viol_Order(max=1.00, mean=0.0128) | Viol_Exist(max=2.00, mean=1.1997) | Mu_O(max=146.2) Mu_E(max=146.2) | Lam_O(max=540.38) Lam_E(max=967.95)

[Projection Start] Batch: 171, Constraints: 33
  [Outer 01/20] Loss (KL=0.0000, Const=970.6033) | Viol_Order(max=2.00, mean=0.0158) | Viol_Exist(max=2.00, mean=1.1972) | Mu_O(max=1.0) Mu_E(max=1.0) | Lam_O(max=0.00) Lam_E(max=0.00)
  [Outer 10/20] Loss (KL=0.1473, Const=71958.5781) | Viol_Order(max=2.00, mean=0.0142) | Viol_Exist(max=2.00, mean=1.1979) | Mu_O(max=10.6) Mu_E(max=10.6) | Lam_O(max=64.03) Lam_E(max=64.03)
  [Outer 20/20] Loss (KL=1.9415, Const=1056383.0000) | Viol_Order(max=1.00, mean=0.0117) | Viol_Exist(max=2.00, mean=1.2008) | Mu_O(max=146.2) Mu_E(max=146.2) | Lam_O(max=540.38) Lam_E(max=967.95)

[Projection Start] Batch: 171, Constraints: 33
  [Outer 01/20] Loss (KL=-0.0000, Const=960.2900) | Viol_Order(max=2.00, mean=0.0158) | Viol_Exist(max=2.00, mean=1.1956) | Mu_O(max=1.0) Mu_E(max=1.0) | Lam_O(max=0.00) Lam_E(max=0.00)
  [Outer 10/20] Loss (KL=0.1208, Const=71374.4297) | Viol_Order(max=2.00, mean=0.0149) | Viol_Exist(max=2.00, mean=1.1956) | Mu_O(max=10.6) Mu_E(max=10.6) | Lam_O(max=64.03) Lam_E(max=64.03)
  [Outer 20/20] Loss (KL=1.5860, Const=1046187.5000) | Viol_Order(max=1.00, mean=0.0117) | Viol_Exist(max=2.00, mean=1.1992) | Mu_O(max=146.2) Mu_E(max=146.2) | Lam_O(max=483.97) Lam_E(max=967.95)

[Projection Start] Batch: 171, Constraints: 33
  [Outer 01/20] Loss (KL=0.0000, Const=968.8376) | Viol_Order(max=2.00, mean=0.0163) | Viol_Exist(max=2.00, mean=1.1985) | Mu_O(max=1.0) Mu_E(max=1.0) | Lam_O(max=0.00) Lam_E(max=0.00)
  [Outer 10/20] Loss (KL=0.1890, Const=71654.4609) | Viol_Order(max=2.00, mean=0.0154) | Viol_Exist(max=2.00, mean=1.1979) | Mu_O(max=10.6) Mu_E(max=10.6) | Lam_O(max=64.03) Lam_E(max=64.03)
  [Outer 20/20] Loss (KL=1.7413, Const=1049191.7500) | Viol_Order(max=2.00, mean=0.0126) | Viol_Exist(max=2.00, mean=1.1979) | Mu_O(max=146.2) Mu_E(max=146.2) | Lam_O(max=540.38) Lam_E(max=967.95)

[Projection Start] Batch: 171, Constraints: 33
  [Outer 01/20] Loss (KL=0.0000, Const=963.8077) | Viol_Order(max=2.00, mean=0.0159) | Viol_Exist(max=2.00, mean=1.1972) | Mu_O(max=1.0) Mu_E(max=1.0) | Lam_O(max=0.00) Lam_E(max=0.00)
  [Outer 10/20] Loss (KL=0.1135, Const=71491.4688) | Viol_Order(max=2.00, mean=0.0149) | Viol_Exist(max=2.00, mean=1.1978) | Mu_O(max=10.6) Mu_E(max=10.6) | Lam_O(max=64.03) Lam_E(max=64.03)
  [Outer 20/20] Loss (KL=1.9786, Const=1050391.0000) | Viol_Order(max=1.00, mean=0.0124) | Viol_Exist(max=2.00, mean=1.1983) | Mu_O(max=146.2) Mu_E(max=146.2) | Lam_O(max=540.38) Lam_E(max=967.95)

[Projection Start] Batch: 171, Constraints: 33
  [Outer 01/20] Loss (KL=0.0000, Const=964.9053) | Viol_Order(max=2.00, mean=0.0167) | Viol_Exist(max=2.00, mean=1.1963) | Mu_O(max=1.0) Mu_E(max=1.0) | Lam_O(max=0.00) Lam_E(max=0.00)
  [Outer 10/20] Loss (KL=0.2320, Const=71460.8672) | Viol_Order(max=2.00, mean=0.0151) | Viol_Exist(max=2.00, mean=1.1963) | Mu_O(max=10.6) Mu_E(max=10.6) | Lam_O(max=64.03) Lam_E(max=64.03)
  [Outer 20/20] Loss (KL=1.4518, Const=1048079.7500) | Viol_Order(max=2.00, mean=0.0113) | Viol_Exist(max=2.00, mean=1.1999) | Mu_O(max=146.2) Mu_E(max=146.2) | Lam_O(max=558.30) Lam_E(max=967.95)

[Projection Start] Batch: 171, Constraints: 33
  [Outer 01/20] Loss (KL=0.0017, Const=968.2338) | Viol_Order(max=2.00, mean=0.0151) | Viol_Exist(max=2.00, mean=1.1979) | Mu_O(max=1.0) Mu_E(max=1.0) | Lam_O(max=0.00) Lam_E(max=0.00)
  [Outer 10/20] Loss (KL=0.1747, Const=71542.8047) | Viol_Order(max=2.00, mean=0.0136) | Viol_Exist(max=2.00, mean=1.1987) | Mu_O(max=10.6) Mu_E(max=10.6) | Lam_O(max=64.03) Lam_E(max=64.03)
  [Outer 20/20] Loss (KL=1.7002, Const=1048202.7500) | Viol_Order(max=1.00, mean=0.0113) | Viol_Exist(max=2.00, mean=1.1985) | Mu_O(max=146.2) Mu_E(max=146.2) | Lam_O(max=540.38) Lam_E(max=967.95)

[Projection Start] Batch: 171, Constraints: 33
  [Outer 01/20] Loss (KL=0.0000, Const=955.7955) | Viol_Order(max=2.00, mean=0.0154) | Viol_Exist(max=2.00, mean=1.1946) | Mu_O(max=1.0) Mu_E(max=1.0) | Lam_O(max=0.00) Lam_E(max=0.00)
  [Outer 10/20] Loss (KL=0.2514, Const=70351.0781) | Viol_Order(max=2.00, mean=0.0135) | Viol_Exist(max=2.00, mean=1.1956) | Mu_O(max=10.6) Mu_E(max=10.6) | Lam_O(max=64.03) Lam_E(max=64.03)
  [Outer 20/20] Loss (KL=1.5259, Const=1037651.9375) | Viol_Order(max=2.00, mean=0.0126) | Viol_Exist(max=2.00, mean=1.1960) | Mu_O(max=146.2) Mu_E(max=146.2) | Lam_O(max=558.30) Lam_E(max=967.95)

[Projection Start] Batch: 171, Constraints: 33
  [Outer 01/20] Loss (KL=0.0000, Const=954.0681) | Viol_Order(max=2.00, mean=0.0158) | Viol_Exist(max=2.00, mean=1.1942) | Mu_O(max=1.0) Mu_E(max=1.0) | Lam_O(max=0.00) Lam_E(max=0.00)
  [Outer 10/20] Loss (KL=0.1338, Const=70613.9062) | Viol_Order(max=1.00, mean=0.0144) | Viol_Exist(max=2.00, mean=1.1946) | Mu_O(max=10.6) Mu_E(max=10.6) | Lam_O(max=64.03) Lam_E(max=64.03)
  [Outer 20/20] Loss (KL=1.0964, Const=1043356.8125) | Viol_Order(max=1.00, mean=0.0106) | Viol_Exist(max=2.00, mean=1.1988) | Mu_O(max=146.2) Mu_E(max=146.2) | Lam_O(max=490.16) Lam_E(max=967.95)

[Projection Start] Batch: 171, Constraints: 33
  [Outer 01/20] Loss (KL=0.0000, Const=957.5718) | Viol_Order(max=3.00, mean=0.0136) | Viol_Exist(max=2.00, mean=1.1967) | Mu_O(max=1.0) Mu_E(max=1.0) | Lam_O(max=0.00) Lam_E(max=0.00)
  [Outer 10/20] Loss (KL=0.2302, Const=70799.9062) | Viol_Order(max=2.00, mean=0.0122) | Viol_Exist(max=2.00, mean=1.1967) | Mu_O(max=10.6) Mu_E(max=10.6) | Lam_O(max=67.18) Lam_E(max=64.03)
  [Outer 20/20] Loss (KL=2.8566, Const=1039186.3750) | Viol_Order(max=1.00, mean=0.0113) | Viol_Exist(max=2.00, mean=1.1974) | Mu_O(max=146.2) Mu_E(max=146.2) | Lam_O(max=540.38) Lam_E(max=967.95)

[Projection Start] Batch: 171, Constraints: 33
  [Outer 01/20] Loss (KL=0.0000, Const=954.2516) | Viol_Order(max=2.00, mean=0.0131) | Viol_Exist(max=2.00, mean=1.1971) | Mu_O(max=1.0) Mu_E(max=1.0) | Lam_O(max=0.00) Lam_E(max=0.00)
  [Outer 10/20] Loss (KL=0.0378, Const=71112.3516) | Viol_Order(max=2.00, mean=0.0133) | Viol_Exist(max=2.00, mean=1.1965) | Mu_O(max=10.6) Mu_E(max=10.6) | Lam_O(max=64.03) Lam_E(max=64.03)
  [Outer 20/20] Loss (KL=0.7783, Const=1044503.8750) | Viol_Order(max=1.00, mean=0.0112) | Viol_Exist(max=2.00, mean=1.1974) | Mu_O(max=146.2) Mu_E(max=146.2) | Lam_O(max=526.59) Lam_E(max=967.95)

[Projection Start] Batch: 171, Constraints: 33
  [Outer 01/20] Loss (KL=0.0000, Const=958.8257) | Viol_Order(max=2.00, mean=0.0144) | Viol_Exist(max=2.00, mean=1.1967) | Mu_O(max=1.0) Mu_E(max=1.0) | Lam_O(max=0.00) Lam_E(max=0.00)
  [Outer 10/20] Loss (KL=0.1245, Const=71087.1641) | Viol_Order(max=2.00, mean=0.0129) | Viol_Exist(max=2.00, mean=1.1974) | Mu_O(max=10.6) Mu_E(max=10.6) | Lam_O(max=64.03) Lam_E(max=64.03)
  [Outer 20/20] Loss (KL=1.0011, Const=1048628.7500) | Viol_Order(max=1.00, mean=0.0105) | Viol_Exist(max=2.00, mean=1.1994) | Mu_O(max=146.2) Mu_E(max=146.2) | Lam_O(max=483.97) Lam_E(max=967.95)

[Projection Start] Batch: 171, Constraints: 33
  [Outer 01/20] Loss (KL=0.0000, Const=962.0408) | Viol_Order(max=3.00, mean=0.0136) | Viol_Exist(max=2.00, mean=1.1987) | Mu_O(max=1.0) Mu_E(max=1.0) | Lam_O(max=0.00) Lam_E(max=0.00)
  [Outer 10/20] Loss (KL=0.1551, Const=71168.6484) | Viol_Order(max=1.00, mean=0.0121) | Viol_Exist(max=2.00, mean=1.1995) | Mu_O(max=10.6) Mu_E(max=10.6) | Lam_O(max=68.63) Lam_E(max=64.03)
  [Outer 20/20] Loss (KL=0.5510, Const=1051560.2500) | Viol_Order(max=1.00, mean=0.0110) | Viol_Exist(max=2.00, mean=1.1981) | Mu_O(max=146.2) Mu_E(max=146.2) | Lam_O(max=520.59) Lam_E(max=967.95)

[Projection Start] Batch: 171, Constraints: 33
  [Outer 01/20] Loss (KL=0.0000, Const=952.7225) | Viol_Order(max=2.00, mean=0.0131) | Viol_Exist(max=2.00, mean=1.1960) | Mu_O(max=1.0) Mu_E(max=1.0) | Lam_O(max=0.00) Lam_E(max=0.00)
  [Outer 10/20] Loss (KL=0.0937, Const=70617.4453) | Viol_Order(max=2.00, mean=0.0115) | Viol_Exist(max=2.00, mean=1.1967) | Mu_O(max=10.6) Mu_E(max=10.6) | Lam_O(max=64.03) Lam_E(max=64.03)
  [Outer 20/20] Loss (KL=1.9519, Const=1040756.5000) | Viol_Order(max=2.00, mean=0.0122) | Viol_Exist(max=2.00, mean=1.1967) | Mu_O(max=146.2) Mu_E(max=146.2) | Lam_O(max=611.89) Lam_E(max=967.95)

[Projection Start] Batch: 171, Constraints: 33
  [Outer 01/20] Loss (KL=0.0000, Const=957.2703) | Viol_Order(max=2.00, mean=0.0140) | Viol_Exist(max=2.00, mean=1.1953) | Mu_O(max=1.0) Mu_E(max=1.0) | Lam_O(max=0.00) Lam_E(max=0.00)
  [Outer 10/20] Loss (KL=0.2296, Const=70681.7188) | Viol_Order(max=2.00, mean=0.0110) | Viol_Exist(max=2.00, mean=1.1979) | Mu_O(max=10.6) Mu_E(max=10.6) | Lam_O(max=64.03) Lam_E(max=64.03)
  [Outer 20/20] Loss (KL=0.5176, Const=1048559.5000) | Viol_Order(max=2.00, mean=0.0115) | Viol_Exist(max=2.00, mean=1.1978) | Mu_O(max=146.2) Mu_E(max=146.2) | Lam_O(max=581.60) Lam_E(max=967.95)

[Projection Start] Batch: 171, Constraints: 33
  [Outer 01/20] Loss (KL=0.0000, Const=959.0343) | Viol_Order(max=2.00, mean=0.0133) | Viol_Exist(max=2.00, mean=1.1972) | Mu_O(max=1.0) Mu_E(max=1.0) | Lam_O(max=0.00) Lam_E(max=0.00)
  [Outer 10/20] Loss (KL=0.0780, Const=71218.5156) | Viol_Order(max=2.00, mean=0.0119) | Viol_Exist(max=2.00, mean=1.1979) | Mu_O(max=10.6) Mu_E(max=10.6) | Lam_O(max=64.03) Lam_E(max=64.03)
  [Outer 20/20] Loss (KL=0.8435, Const=1055184.8750) | Viol_Order(max=1.00, mean=0.0099) | Viol_Exist(max=2.00, mean=1.1995) | Mu_O(max=146.2) Mu_E(max=146.2) | Lam_O(max=651.26) Lam_E(max=967.95)

[Projection Start] Batch: 171, Constraints: 33
  [Outer 01/20] Loss (KL=0.0000, Const=959.5525) | Viol_Order(max=2.00, mean=0.0128) | Viol_Exist(max=2.00, mean=1.1974) | Mu_O(max=1.0) Mu_E(max=1.0) | Lam_O(max=0.00) Lam_E(max=0.00)
  [Outer 10/20] Loss (KL=0.1861, Const=71196.7188) | Viol_Order(max=2.00, mean=0.0110) | Viol_Exist(max=2.00, mean=1.1994) | Mu_O(max=10.6) Mu_E(max=10.6) | Lam_O(max=64.03) Lam_E(max=64.03)
  [Outer 20/20] Loss (KL=0.5731, Const=1056797.8750) | Viol_Order(max=2.00, mean=0.0112) | Viol_Exist(max=2.00, mean=1.1985) | Mu_O(max=146.2) Mu_E(max=146.2) | Lam_O(max=526.59) Lam_E(max=967.95)

[Projection Start] Batch: 171, Constraints: 33
  [Outer 01/20] Loss (KL=0.0000, Const=967.7744) | Viol_Order(max=2.00, mean=0.0122) | Viol_Exist(max=2.00, mean=1.1995) | Mu_O(max=1.0) Mu_E(max=1.0) | Lam_O(max=0.00) Lam_E(max=0.00)
  [Outer 10/20] Loss (KL=0.1085, Const=71691.7344) | Viol_Order(max=2.00, mean=0.0110) | Viol_Exist(max=2.00, mean=1.2004) | Mu_O(max=10.6) Mu_E(max=10.6) | Lam_O(max=64.03) Lam_E(max=64.03)
  [Outer 20/20] Loss (KL=0.9007, Const=1060705.0000) | Viol_Order(max=2.00, mean=0.0115) | Viol_Exist(max=2.00, mean=1.1999) | Mu_O(max=146.2) Mu_E(max=146.2) | Lam_O(max=540.38) Lam_E(max=967.95)

[Projection Start] Batch: 171, Constraints: 33
  [Outer 01/20] Loss (KL=0.0000, Const=971.2694) | Viol_Order(max=2.00, mean=0.0128) | Viol_Exist(max=2.00, mean=1.1999) | Mu_O(max=1.0) Mu_E(max=1.0) | Lam_O(max=0.00) Lam_E(max=0.00)
  [Outer 10/20] Loss (KL=0.0407, Const=72306.9844) | Viol_Order(max=2.00, mean=0.0124) | Viol_Exist(max=2.00, mean=1.1999) | Mu_O(max=10.6) Mu_E(max=10.6) | Lam_O(max=64.03) Lam_E(max=64.03)
  [Outer 20/20] Loss (KL=0.9667, Const=1062728.0000) | Viol_Order(max=1.00, mean=0.0099) | Viol_Exist(max=2.00, mean=1.2010) | Mu_O(max=146.2) Mu_E(max=146.2) | Lam_O(max=611.89) Lam_E(max=967.95)

[Projection Start] Batch: 171, Constraints: 33
  [Outer 01/20] Loss (KL=0.0000, Const=962.8665) | Viol_Order(max=1.00, mean=0.0122) | Viol_Exist(max=2.00, mean=1.1990) | Mu_O(max=1.0) Mu_E(max=1.0) | Lam_O(max=0.00) Lam_E(max=0.00)
  [Outer 10/20] Loss (KL=0.0526, Const=71631.2344) | Viol_Order(max=1.00, mean=0.0112) | Viol_Exist(max=2.00, mean=1.1997) | Mu_O(max=10.6) Mu_E(max=10.6) | Lam_O(max=32.01) Lam_E(max=64.03)
  [Outer 20/20] Loss (KL=0.6901, Const=1062841.0000) | Viol_Order(max=1.00, mean=0.0099) | Viol_Exist(max=2.00, mean=1.2010) | Mu_O(max=146.2) Mu_E(max=146.2) | Lam_O(max=483.97) Lam_E(max=967.95)

[Projection Start] Batch: 171, Constraints: 33
  [Outer 01/20] Loss (KL=0.0000, Const=965.9644) | Viol_Order(max=2.00, mean=0.0128) | Viol_Exist(max=2.00, mean=1.1988) | Mu_O(max=1.0) Mu_E(max=1.0) | Lam_O(max=0.00) Lam_E(max=0.00)
  [Outer 10/20] Loss (KL=0.0318, Const=71951.0781) | Viol_Order(max=2.00, mean=0.0128) | Viol_Exist(max=2.00, mean=1.1988) | Mu_O(max=10.6) Mu_E(max=10.6) | Lam_O(max=64.03) Lam_E(max=64.03)
  [Outer 20/20] Loss (KL=0.6200, Const=1056641.5000) | Viol_Order(max=2.00, mean=0.0105) | Viol_Exist(max=2.00, mean=1.2002) | Mu_O(max=146.2) Mu_E(max=146.2) | Lam_O(max=538.80) Lam_E(max=967.95)

[Projection Start] Batch: 171, Constraints: 33
  [Outer 01/20] Loss (KL=0.0000, Const=967.5460) | Viol_Order(max=2.00, mean=0.0128) | Viol_Exist(max=2.00, mean=1.1990) | Mu_O(max=1.0) Mu_E(max=1.0) | Lam_O(max=0.00) Lam_E(max=0.00)
  [Outer 10/20] Loss (KL=0.1092, Const=71735.7344) | Viol_Order(max=2.00, mean=0.0117) | Viol_Exist(max=2.00, mean=1.1997) | Mu_O(max=10.6) Mu_E(max=10.6) | Lam_O(max=64.03) Lam_E(max=64.03)
  [Outer 20/20] Loss (KL=0.6486, Const=1058276.6250) | Viol_Order(max=1.00, mean=0.0103) | Viol_Exist(max=2.00, mean=1.2002) | Mu_O(max=146.2) Mu_E(max=146.2) | Lam_O(max=558.30) Lam_E(max=967.95)

[Projection Start] Batch: 171, Constraints: 33
  [Outer 01/20] Loss (KL=0.0000, Const=965.5995) | Viol_Order(max=2.00, mean=0.0122) | Viol_Exist(max=2.00, mean=1.1988) | Mu_O(max=1.0) Mu_E(max=1.0) | Lam_O(max=0.00) Lam_E(max=0.00)
  [Outer 10/20] Loss (KL=0.0945, Const=71772.6953) | Viol_Order(max=2.00, mean=0.0115) | Viol_Exist(max=2.00, mean=1.1995) | Mu_O(max=10.6) Mu_E(max=10.6) | Lam_O(max=64.03) Lam_E(max=64.03)
  [Outer 20/20] Loss (KL=1.4040, Const=1057691.2500) | Viol_Order(max=1.00, mean=0.0096) | Viol_Exist(max=2.00, mean=1.2013) | Mu_O(max=146.2) Mu_E(max=146.2) | Lam_O(max=581.60) Lam_E(max=967.95)

[Projection Start] Batch: 171, Constraints: 33
  [Outer 01/20] Loss (KL=0.0000, Const=968.8607) | Viol_Order(max=2.00, mean=0.0126) | Viol_Exist(max=2.00, mean=1.1999) | Mu_O(max=1.0) Mu_E(max=1.0) | Lam_O(max=0.00) Lam_E(max=0.00)
  [Outer 10/20] Loss (KL=0.0794, Const=71895.6953) | Viol_Order(max=2.00, mean=0.0113) | Viol_Exist(max=2.00, mean=1.1999) | Mu_O(max=10.6) Mu_E(max=10.6) | Lam_O(max=64.03) Lam_E(max=64.03)
  [Outer 20/20] Loss (KL=1.9839, Const=1057672.8750) | Viol_Order(max=1.00, mean=0.0103) | Viol_Exist(max=2.00, mean=1.2002) | Mu_O(max=146.2) Mu_E(max=146.2) | Lam_O(max=493.02) Lam_E(max=967.95)

[Projection Start] Batch: 171, Constraints: 33
  [Outer 01/20] Loss (KL=0.0000, Const=966.1481) | Viol_Order(max=2.00, mean=0.0126) | Viol_Exist(max=2.00, mean=1.1995) | Mu_O(max=1.0) Mu_E(max=1.0) | Lam_O(max=0.00) Lam_E(max=0.00)
  [Outer 10/20] Loss (KL=0.1094, Const=71548.7031) | Viol_Order(max=1.00, mean=0.0113) | Viol_Exist(max=2.00, mean=1.1997) | Mu_O(max=10.6) Mu_E(max=10.6) | Lam_O(max=35.17) Lam_E(max=64.03)
  [Outer 20/20] Loss (KL=0.4618, Const=1059793.6250) | Viol_Order(max=1.00, mean=0.0101) | Viol_Exist(max=2.00, mean=1.2001) | Mu_O(max=146.2) Mu_E(max=146.2) | Lam_O(max=483.97) Lam_E(max=967.95)

[Projection Start] Batch: 171, Constraints: 33
  [Outer 01/20] Loss (KL=0.0000, Const=962.6921) | Viol_Order(max=1.00, mean=0.0113) | Viol_Exist(max=2.00, mean=1.2001) | Mu_O(max=1.0) Mu_E(max=1.0) | Lam_O(max=0.00) Lam_E(max=0.00)
  [Outer 10/20] Loss (KL=0.0331, Const=71794.9219) | Viol_Order(max=1.00, mean=0.0112) | Viol_Exist(max=2.00, mean=1.2001) | Mu_O(max=10.6) Mu_E(max=10.6) | Lam_O(max=32.01) Lam_E(max=64.03)
  [Outer 20/20] Loss (KL=0.7687, Const=1060555.1250) | Viol_Order(max=2.00, mean=0.0103) | Viol_Exist(max=2.00, mean=1.1999) | Mu_O(max=146.2) Mu_E(max=146.2) | Lam_O(max=483.97) Lam_E(max=967.95)

[Projection Start] Batch: 171, Constraints: 33
  [Outer 01/20] Loss (KL=0.0000, Const=962.4931) | Viol_Order(max=2.00, mean=0.0119) | Viol_Exist(max=2.00, mean=1.1988) | Mu_O(max=1.0) Mu_E(max=1.0) | Lam_O(max=0.00) Lam_E(max=0.00)
  [Outer 10/20] Loss (KL=0.0443, Const=71572.3281) | Viol_Order(max=1.00, mean=0.0110) | Viol_Exist(max=2.00, mean=1.1995) | Mu_O(max=10.6) Mu_E(max=10.6) | Lam_O(max=32.01) Lam_E(max=64.03)
  [Outer 20/20] Loss (KL=0.6713, Const=1057249.6250) | Viol_Order(max=1.00, mean=0.0094) | Viol_Exist(max=2.00, mean=1.2002) | Mu_O(max=146.2) Mu_E(max=146.2) | Lam_O(max=483.97) Lam_E(max=967.95)

[Projection Start] Batch: 171, Constraints: 33
  [Outer 01/20] Loss (KL=0.0000, Const=962.6618) | Viol_Order(max=2.00, mean=0.0119) | Viol_Exist(max=2.00, mean=1.1981) | Mu_O(max=1.0) Mu_E(max=1.0) | Lam_O(max=0.00) Lam_E(max=0.00)
  [Outer 10/20] Loss (KL=0.0216, Const=71677.9141) | Viol_Order(max=2.00, mean=0.0112) | Viol_Exist(max=2.00, mean=1.1988) | Mu_O(max=10.6) Mu_E(max=10.6) | Lam_O(max=64.03) Lam_E(max=64.03)
  [Outer 20/20] Loss (KL=0.9981, Const=1054428.1250) | Viol_Order(max=1.00, mean=0.0094) | Viol_Exist(max=2.00, mean=1.1995) | Mu_O(max=146.2) Mu_E(max=146.2) | Lam_O(max=581.60) Lam_E(max=967.95)

[Projection Start] Batch: 171, Constraints: 33
  [Outer 01/20] Loss (KL=0.0000, Const=959.7460) | Viol_Order(max=1.00, mean=0.0115) | Viol_Exist(max=2.00, mean=1.1981) | Mu_O(max=1.0) Mu_E(max=1.0) | Lam_O(max=0.00) Lam_E(max=0.00)
  [Outer 10/20] Loss (KL=0.0648, Const=71475.3516) | Viol_Order(max=1.00, mean=0.0112) | Viol_Exist(max=2.00, mean=1.1981) | Mu_O(max=10.6) Mu_E(max=10.6) | Lam_O(max=32.01) Lam_E(max=64.03)
  [Outer 20/20] Loss (KL=2.1765, Const=1047486.8125) | Viol_Order(max=1.00, mean=0.0105) | Viol_Exist(max=2.00, mean=1.1979) | Mu_O(max=146.2) Mu_E(max=146.2) | Lam_O(max=483.97) Lam_E(max=967.95)

[Projection Start] Batch: 171, Constraints: 33
  [Outer 01/20] Loss (KL=0.0000, Const=955.6985) | Viol_Order(max=1.00, mean=0.0121) | Viol_Exist(max=2.00, mean=1.1960) | Mu_O(max=1.0) Mu_E(max=1.0) | Lam_O(max=0.00) Lam_E(max=0.00)
  [Outer 10/20] Loss (KL=0.0289, Const=71225.8281) | Viol_Order(max=1.00, mean=0.0117) | Viol_Exist(max=2.00, mean=1.1967) | Mu_O(max=10.6) Mu_E(max=10.6) | Lam_O(max=32.01) Lam_E(max=64.03)
  [Outer 20/20] Loss (KL=1.3825, Const=1051668.3750) | Viol_Order(max=1.00, mean=0.0099) | Viol_Exist(max=2.00, mean=1.1987) | Mu_O(max=146.2) Mu_E(max=146.2) | Lam_O(max=483.97) Lam_E(max=967.95)

[Projection Start] Batch: 171, Constraints: 33
  [Outer 01/20] Loss (KL=0.0000, Const=962.1675) | Viol_Order(max=1.00, mean=0.0117) | Viol_Exist(max=2.00, mean=1.1994) | Mu_O(max=1.0) Mu_E(max=1.0) | Lam_O(max=0.00) Lam_E(max=0.00)
  [Outer 10/20] Loss (KL=0.0730, Const=71379.4922) | Viol_Order(max=1.00, mean=0.0112) | Viol_Exist(max=2.00, mean=1.1987) | Mu_O(max=10.6) Mu_E(max=10.6) | Lam_O(max=32.01) Lam_E(max=64.03)
  [Outer 20/20] Loss (KL=1.3327, Const=1053531.5000) | Viol_Order(max=1.00, mean=0.0101) | Viol_Exist(max=2.00, mean=1.1990) | Mu_O(max=146.2) Mu_E(max=146.2) | Lam_O(max=483.97) Lam_E(max=967.95)

[Projection Start] Batch: 171, Constraints: 33
  [Outer 01/20] Loss (KL=0.0000, Const=958.4523) | Viol_Order(max=2.00, mean=0.0117) | Viol_Exist(max=2.00, mean=1.1972) | Mu_O(max=1.0) Mu_E(max=1.0) | Lam_O(max=0.00) Lam_E(max=0.00)
  [Outer 10/20] Loss (KL=0.0341, Const=71243.6875) | Viol_Order(max=1.00, mean=0.0108) | Viol_Exist(max=2.00, mean=1.1979) | Mu_O(max=10.6) Mu_E(max=10.6) | Lam_O(max=64.03) Lam_E(max=64.03)
  [Outer 20/20] Loss (KL=1.5006, Const=1052009.3750) | Viol_Order(max=1.00, mean=0.0099) | Viol_Exist(max=2.00, mean=1.1985) | Mu_O(max=146.2) Mu_E(max=146.2) | Lam_O(max=483.97) Lam_E(max=967.95)

[Projection Start] Batch: 171, Constraints: 33
  [Outer 01/20] Loss (KL=-0.0000, Const=957.0303) | Viol_Order(max=1.00, mean=0.0106) | Viol_Exist(max=2.00, mean=1.1985) | Mu_O(max=1.0) Mu_E(max=1.0) | Lam_O(max=0.00) Lam_E(max=0.00)
  [Outer 10/20] Loss (KL=0.0513, Const=71304.5000) | Viol_Order(max=1.00, mean=0.0103) | Viol_Exist(max=2.00, mean=1.1985) | Mu_O(max=10.6) Mu_E(max=10.6) | Lam_O(max=32.01) Lam_E(max=64.03)
  [Outer 20/20] Loss (KL=0.5764, Const=1057206.0000) | Viol_Order(max=1.00, mean=0.0099) | Viol_Exist(max=2.00, mean=1.1994) | Mu_O(max=146.2) Mu_E(max=146.2) | Lam_O(max=483.97) Lam_E(max=967.95)

[Projection Start] Batch: 171, Constraints: 33
  [Outer 01/20] Loss (KL=0.0000, Const=958.6472) | Viol_Order(max=1.00, mean=0.0105) | Viol_Exist(max=2.00, mean=1.1987) | Mu_O(max=1.0) Mu_E(max=1.0) | Lam_O(max=0.00) Lam_E(max=0.00)
  [Outer 10/20] Loss (KL=0.0321, Const=71378.1484) | Viol_Order(max=1.00, mean=0.0097) | Viol_Exist(max=2.00, mean=1.1994) | Mu_O(max=10.6) Mu_E(max=10.6) | Lam_O(max=32.01) Lam_E(max=64.03)
  [Outer 20/20] Loss (KL=1.7051, Const=1053397.8750) | Viol_Order(max=1.00, mean=0.0103) | Viol_Exist(max=2.00, mean=1.1981) | Mu_O(max=146.2) Mu_E(max=146.2) | Lam_O(max=483.97) Lam_E(max=967.95)

[Projection Start] Batch: 171, Constraints: 33
  [Outer 01/20] Loss (KL=0.0000, Const=956.8816) | Viol_Order(max=1.00, mean=0.0115) | Viol_Exist(max=2.00, mean=1.1969) | Mu_O(max=1.0) Mu_E(max=1.0) | Lam_O(max=0.00) Lam_E(max=0.00)
  [Outer 10/20] Loss (KL=0.0470, Const=71259.0000) | Viol_Order(max=1.00, mean=0.0108) | Viol_Exist(max=2.00, mean=1.1976) | Mu_O(max=10.6) Mu_E(max=10.6) | Lam_O(max=32.01) Lam_E(max=64.03)
  [Outer 20/20] Loss (KL=0.9112, Const=1056405.3750) | Viol_Order(max=2.00, mean=0.0103) | Viol_Exist(max=2.00, mean=1.1992) | Mu_O(max=146.2) Mu_E(max=146.2) | Lam_O(max=483.97) Lam_E(max=967.95)

[Projection Start] Batch: 171, Constraints: 33
  [Outer 01/20] Loss (KL=0.0000, Const=961.7090) | Viol_Order(max=2.00, mean=0.0122) | Viol_Exist(max=2.00, mean=1.1978) | Mu_O(max=1.0) Mu_E(max=1.0) | Lam_O(max=0.00) Lam_E(max=0.00)
  [Outer 10/20] Loss (KL=0.0486, Const=71595.7969) | Viol_Order(max=1.00, mean=0.0117) | Viol_Exist(max=2.00, mean=1.1983) | Mu_O(max=10.6) Mu_E(max=10.6) | Lam_O(max=32.01) Lam_E(max=64.03)
  [Outer 20/20] Loss (KL=0.8108, Const=1051921.6250) | Viol_Order(max=2.00, mean=0.0110) | Viol_Exist(max=2.00, mean=1.1994) | Mu_O(max=146.2) Mu_E(max=146.2) | Lam_O(max=483.97) Lam_E(max=967.95)

[Projection Start] Batch: 171, Constraints: 33
  [Outer 01/20] Loss (KL=0.0000, Const=960.5295) | Viol_Order(max=2.00, mean=0.0135) | Viol_Exist(max=2.00, mean=1.1962) | Mu_O(max=1.0) Mu_E(max=1.0) | Lam_O(max=0.00) Lam_E(max=0.00)
  [Outer 10/20] Loss (KL=0.1730, Const=70689.0391) | Viol_Order(max=2.00, mean=0.0124) | Viol_Exist(max=2.00, mean=1.1956) | Mu_O(max=10.6) Mu_E(max=10.6) | Lam_O(max=64.03) Lam_E(max=64.03)
  [Outer 20/20] Loss (KL=1.6229, Const=1040823.2500) | Viol_Order(max=1.00, mean=0.0108) | Viol_Exist(max=2.00, mean=1.1969) | Mu_O(max=146.2) Mu_E(max=146.2) | Lam_O(max=483.97) Lam_E(max=967.95)

[Projection Start] Batch: 171, Constraints: 33
  [Outer 01/20] Loss (KL=0.0002, Const=949.5521) | Viol_Order(max=2.00, mean=0.0131) | Viol_Exist(max=2.00, mean=1.1944) | Mu_O(max=1.0) Mu_E(max=1.0) | Lam_O(max=0.00) Lam_E(max=0.00)
  [Outer 10/20] Loss (KL=0.1309, Const=70388.0938) | Viol_Order(max=1.00, mean=0.0122) | Viol_Exist(max=2.00, mean=1.1951) | Mu_O(max=10.6) Mu_E(max=10.6) | Lam_O(max=55.87) Lam_E(max=64.03)
  [Outer 20/20] Loss (KL=0.7359, Const=1038158.2500) | Viol_Order(max=2.00, mean=0.0108) | Viol_Exist(max=2.00, mean=1.1962) | Mu_O(max=146.2) Mu_E(max=146.2) | Lam_O(max=483.97) Lam_E(max=967.95)

[Projection Start] Batch: 171, Constraints: 33
  [Outer 01/20] Loss (KL=-0.0000, Const=953.8002) | Viol_Order(max=2.00, mean=0.0122) | Viol_Exist(max=2.00, mean=1.1962) | Mu_O(max=1.0) Mu_E(max=1.0) | Lam_O(max=0.00) Lam_E(max=0.00)
  [Outer 10/20] Loss (KL=0.0612, Const=71020.6875) | Viol_Order(max=2.00, mean=0.0119) | Viol_Exist(max=2.00, mean=1.1965) | Mu_O(max=10.6) Mu_E(max=10.6) | Lam_O(max=64.03) Lam_E(max=64.03)
  [Outer 20/20] Loss (KL=1.1892, Const=1041655.2500) | Viol_Order(max=1.00, mean=0.0103) | Viol_Exist(max=2.00, mean=1.1963) | Mu_O(max=146.2) Mu_E(max=146.2) | Lam_O(max=581.60) Lam_E(max=967.95)

[Projection Start] Batch: 171, Constraints: 33
  [Outer 01/20] Loss (KL=0.0009, Const=948.6436) | Viol_Order(max=2.00, mean=0.0117) | Viol_Exist(max=2.00, mean=1.1953) | Mu_O(max=1.0) Mu_E(max=1.0) | Lam_O(max=0.00) Lam_E(max=0.00)
  [Outer 10/20] Loss (KL=0.0339, Const=70609.5469) | Viol_Order(max=2.00, mean=0.0110) | Viol_Exist(max=2.00, mean=1.1960) | Mu_O(max=10.6) Mu_E(max=10.6) | Lam_O(max=64.03) Lam_E(max=64.03)
  [Outer 20/20] Loss (KL=0.6821, Const=1042634.9375) | Viol_Order(max=1.00, mean=0.0096) | Viol_Exist(max=2.00, mean=1.1976) | Mu_O(max=146.2) Mu_E(max=146.2) | Lam_O(max=483.97) Lam_E(max=967.95)

[Projection Start] Batch: 171, Constraints: 33
  [Outer 01/20] Loss (KL=0.0000, Const=949.3352) | Viol_Order(max=1.00, mean=0.0117) | Viol_Exist(max=2.00, mean=1.1962) | Mu_O(max=1.0) Mu_E(max=1.0) | Lam_O(max=0.00) Lam_E(max=0.00)
  [Outer 10/20] Loss (KL=0.0904, Const=70648.4375) | Viol_Order(max=1.00, mean=0.0110) | Viol_Exist(max=2.00, mean=1.1969) | Mu_O(max=10.6) Mu_E(max=10.6) | Lam_O(max=32.01) Lam_E(max=64.03)
  [Outer 20/20] Loss (KL=0.7537, Const=1044932.6250) | Viol_Order(max=1.00, mean=0.0097) | Viol_Exist(max=2.00, mean=1.1971) | Mu_O(max=146.2) Mu_E(max=146.2) | Lam_O(max=483.97) Lam_E(max=967.95)

[Projection Start] Batch: 171, Constraints: 33
  [Outer 01/20] Loss (KL=0.0000, Const=948.0183) | Viol_Order(max=1.00, mean=0.0122) | Viol_Exist(max=2.00, mean=1.1949) | Mu_O(max=1.0) Mu_E(max=1.0) | Lam_O(max=0.00) Lam_E(max=0.00)
  [Outer 10/20] Loss (KL=0.0000, Const=70734.7891) | Viol_Order(max=1.00, mean=0.0122) | Viol_Exist(max=2.00, mean=1.1949) | Mu_O(max=10.6) Mu_E(max=10.6) | Lam_O(max=32.01) Lam_E(max=64.03)
  [Outer 20/20] Loss (KL=1.7963, Const=1038886.5000) | Viol_Order(max=1.00, mean=0.0090) | Viol_Exist(max=2.00, mean=1.1978) | Mu_O(max=146.2) Mu_E(max=146.2) | Lam_O(max=483.97) Lam_E(max=967.95)

[Projection Start] Batch: 171, Constraints: 33
  [Outer 01/20] Loss (KL=0.0000, Const=947.8385) | Viol_Order(max=1.00, mean=0.0110) | Viol_Exist(max=2.00, mean=1.1963) | Mu_O(max=1.0) Mu_E(max=1.0) | Lam_O(max=0.00) Lam_E(max=0.00)
  [Outer 10/20] Loss (KL=0.0319, Const=70553.8125) | Viol_Order(max=1.00, mean=0.0108) | Viol_Exist(max=2.00, mean=1.1963) | Mu_O(max=10.6) Mu_E(max=10.6) | Lam_O(max=32.01) Lam_E(max=64.03)
  [Outer 20/20] Loss (KL=0.6661, Const=1043543.1875) | Viol_Order(max=1.00, mean=0.0097) | Viol_Exist(max=2.00, mean=1.1971) | Mu_O(max=146.2) Mu_E(max=146.2) | Lam_O(max=483.97) Lam_E(max=967.95)

[Projection Start] Batch: 171, Constraints: 33
  [Outer 01/20] Loss (KL=0.0000, Const=947.6461) | Viol_Order(max=1.00, mean=0.0110) | Viol_Exist(max=2.00, mean=1.1963) | Mu_O(max=1.0) Mu_E(max=1.0) | Lam_O(max=0.00) Lam_E(max=0.00)
  [Outer 10/20] Loss (KL=0.0519, Const=70475.4062) | Viol_Order(max=1.00, mean=0.0110) | Viol_Exist(max=2.00, mean=1.1963) | Mu_O(max=10.6) Mu_E(max=10.6) | Lam_O(max=32.01) Lam_E(max=64.03)
  [Outer 20/20] Loss (KL=0.6509, Const=1042243.5625) | Viol_Order(max=1.00, mean=0.0113) | Viol_Exist(max=2.00, mean=1.1978) | Mu_O(max=146.2) Mu_E(max=146.2) | Lam_O(max=483.97) Lam_E(max=967.95)

[Projection Start] Batch: 171, Constraints: 33
  [Outer 01/20] Loss (KL=0.0000, Const=953.2111) | Viol_Order(max=1.00, mean=0.0124) | Viol_Exist(max=2.00, mean=1.1971) | Mu_O(max=1.0) Mu_E(max=1.0) | Lam_O(max=0.00) Lam_E(max=0.00)
  [Outer 10/20] Loss (KL=0.1105, Const=70816.9062) | Viol_Order(max=2.00, mean=0.0128) | Viol_Exist(max=2.00, mean=1.1978) | Mu_O(max=10.6) Mu_E(max=10.6) | Lam_O(max=32.01) Lam_E(max=64.03)
  [Outer 20/20] Loss (KL=1.0746, Const=1041287.2500) | Viol_Order(max=2.00, mean=0.0106) | Viol_Exist(max=2.00, mean=1.1971) | Mu_O(max=146.2) Mu_E(max=146.2) | Lam_O(max=483.97) Lam_E(max=967.95)

[Projection Start] Batch: 171, Constraints: 33
  [Outer 01/20] Loss (KL=0.0000, Const=954.1766) | Viol_Order(max=2.00, mean=0.0124) | Viol_Exist(max=2.00, mean=1.1965) | Mu_O(max=1.0) Mu_E(max=1.0) | Lam_O(max=0.00) Lam_E(max=0.00)
  [Outer 10/20] Loss (KL=0.0000, Const=71189.6094) | Viol_Order(max=2.00, mean=0.0124) | Viol_Exist(max=2.00, mean=1.1965) | Mu_O(max=10.6) Mu_E(max=10.6) | Lam_O(max=64.03) Lam_E(max=64.03)
  [Outer 20/20] Loss (KL=1.2005, Const=1048453.3125) | Viol_Order(max=1.00, mean=0.0092) | Viol_Exist(max=2.00, mean=1.1992) | Mu_O(max=146.2) Mu_E(max=146.2) | Lam_O(max=540.38) Lam_E(max=967.95)

[Projection Start] Batch: 171, Constraints: 33
  [Outer 01/20] Loss (KL=0.0000, Const=956.7104) | Viol_Order(max=2.00, mean=0.0115) | Viol_Exist(max=2.00, mean=1.1985) | Mu_O(max=1.0) Mu_E(max=1.0) | Lam_O(max=0.00) Lam_E(max=0.00)
  [Outer 10/20] Loss (KL=0.0779, Const=71163.1328) | Viol_Order(max=2.00, mean=0.0113) | Viol_Exist(max=2.00, mean=1.1978) | Mu_O(max=10.6) Mu_E(max=10.6) | Lam_O(max=64.03) Lam_E(max=64.03)
  [Outer 20/20] Loss (KL=1.0267, Const=1048357.2500) | Viol_Order(max=1.00, mean=0.0099) | Viol_Exist(max=2.00, mean=1.1971) | Mu_O(max=146.2) Mu_E(max=146.2) | Lam_O(max=611.89) Lam_E(max=967.95)

[Projection Start] Batch: 171, Constraints: 33
  [Outer 01/20] Loss (KL=0.0000, Const=951.2245) | Viol_Order(max=2.00, mean=0.0113) | Viol_Exist(max=2.00, mean=1.1963) | Mu_O(max=1.0) Mu_E(max=1.0) | Lam_O(max=0.00) Lam_E(max=0.00)
  [Outer 10/20] Loss (KL=0.0467, Const=70598.2969) | Viol_Order(max=2.00, mean=0.0110) | Viol_Exist(max=2.00, mean=1.1963) | Mu_O(max=10.6) Mu_E(max=10.6) | Lam_O(max=64.03) Lam_E(max=64.03)
  [Outer 20/20] Loss (KL=0.7358, Const=1043689.8750) | Viol_Order(max=1.00, mean=0.0099) | Viol_Exist(max=2.00, mean=1.1972) | Mu_O(max=146.2) Mu_E(max=146.2) | Lam_O(max=651.26) Lam_E(max=967.95)

[Projection Start] Batch: 171, Constraints: 33
  [Outer 01/20] Loss (KL=-0.0000, Const=951.3929) | Viol_Order(max=2.00, mean=0.0110) | Viol_Exist(max=2.00, mean=1.1972) | Mu_O(max=1.0) Mu_E(max=1.0) | Lam_O(max=0.00) Lam_E(max=0.00)
  [Outer 10/20] Loss (KL=0.0477, Const=70754.3047) | Viol_Order(max=1.00, mean=0.0108) | Viol_Exist(max=2.00, mean=1.1967) | Mu_O(max=10.6) Mu_E(max=10.6) | Lam_O(max=64.03) Lam_E(max=64.03)
  [Outer 20/20] Loss (KL=0.5446, Const=1047135.5000) | Viol_Order(max=1.00, mean=0.0099) | Viol_Exist(max=2.00, mean=1.1969) | Mu_O(max=146.2) Mu_E(max=146.2) | Lam_O(max=483.97) Lam_E(max=967.95)

[Projection Start] Batch: 171, Constraints: 33
  [Outer 01/20] Loss (KL=0.0000, Const=948.2913) | Viol_Order(max=1.00, mean=0.0121) | Viol_Exist(max=2.00, mean=1.1949) | Mu_O(max=1.0) Mu_E(max=1.0) | Lam_O(max=0.00) Lam_E(max=0.00)
  [Outer 10/20] Loss (KL=0.0001, Const=70756.3750) | Viol_Order(max=1.00, mean=0.0121) | Viol_Exist(max=2.00, mean=1.1949) | Mu_O(max=10.6) Mu_E(max=10.6) | Lam_O(max=32.01) Lam_E(max=64.03)
  [Outer 20/20] Loss (KL=0.6294, Const=1046014.3125) | Viol_Order(max=2.00, mean=0.0103) | Viol_Exist(max=2.00, mean=1.1965) | Mu_O(max=146.2) Mu_E(max=146.2) | Lam_O(max=483.97) Lam_E(max=967.95)

[Projection Start] Batch: 171, Constraints: 33
  [Outer 01/20] Loss (KL=0.0000, Const=952.2732) | Viol_Order(max=2.00, mean=0.0122) | Viol_Exist(max=2.00, mean=1.1960) | Mu_O(max=1.0) Mu_E(max=1.0) | Lam_O(max=0.00) Lam_E(max=0.00)
  [Outer 10/20] Loss (KL=0.1080, Const=70700.7656) | Viol_Order(max=1.00, mean=0.0115) | Viol_Exist(max=2.00, mean=1.1955) | Mu_O(max=10.6) Mu_E(max=10.6) | Lam_O(max=44.77) Lam_E(max=64.03)
  [Outer 20/20] Loss (KL=0.7552, Const=1044071.6250) | Viol_Order(max=2.00, mean=0.0097) | Viol_Exist(max=2.00, mean=1.1967) | Mu_O(max=146.2) Mu_E(max=146.2) | Lam_O(max=483.97) Lam_E(max=967.95)

[Projection Start] Batch: 171, Constraints: 33
  [Outer 01/20] Loss (KL=0.0000, Const=953.6048) | Viol_Order(max=2.00, mean=0.0129) | Viol_Exist(max=2.00, mean=1.1953) | Mu_O(max=1.0) Mu_E(max=1.0) | Lam_O(max=0.00) Lam_E(max=0.00)
  [Outer 10/20] Loss (KL=0.0235, Const=70992.5156) | Viol_Order(max=2.00, mean=0.0129) | Viol_Exist(max=2.00, mean=1.1960) | Mu_O(max=10.6) Mu_E(max=10.6) | Lam_O(max=64.03) Lam_E(max=64.03)
  [Outer 20/20] Loss (KL=1.8262, Const=1041499.8750) | Viol_Order(max=2.00, mean=0.0103) | Viol_Exist(max=2.00, mean=1.1969) | Mu_O(max=146.2) Mu_E(max=146.2) | Lam_O(max=483.97) Lam_E(max=967.95)

[Projection Start] Batch: 171, Constraints: 33
  [Outer 01/20] Loss (KL=0.0002, Const=953.0862) | Viol_Order(max=2.00, mean=0.0124) | Viol_Exist(max=2.00, mean=1.1962) | Mu_O(max=1.0) Mu_E(max=1.0) | Lam_O(max=0.00) Lam_E(max=0.00)
  [Outer 10/20] Loss (KL=0.0352, Const=71017.4062) | Viol_Order(max=2.00, mean=0.0124) | Viol_Exist(max=2.00, mean=1.1962) | Mu_O(max=10.6) Mu_E(max=10.6) | Lam_O(max=64.03) Lam_E(max=64.03)
  [Outer 20/20] Loss (KL=1.5898, Const=1043006.3125) | Viol_Order(max=1.00, mean=0.0103) | Viol_Exist(max=2.00, mean=1.1974) | Mu_O(max=146.2) Mu_E(max=146.2) | Lam_O(max=483.97) Lam_E(max=967.95)

[Projection Start] Batch: 171, Constraints: 33
  [Outer 01/20] Loss (KL=0.0003, Const=957.5389) | Viol_Order(max=2.00, mean=0.0119) | Viol_Exist(max=2.00, mean=1.1974) | Mu_O(max=1.0) Mu_E(max=1.0) | Lam_O(max=0.00) Lam_E(max=0.00)
  [Outer 10/20] Loss (KL=0.0794, Const=70898.0000) | Viol_Order(max=2.00, mean=0.0113) | Viol_Exist(max=2.00, mean=1.1974) | Mu_O(max=10.6) Mu_E(max=10.6) | Lam_O(max=64.03) Lam_E(max=64.03)
  [Outer 20/20] Loss (KL=1.0386, Const=1044689.8750) | Viol_Order(max=1.00, mean=0.0105) | Viol_Exist(max=2.00, mean=1.1965) | Mu_O(max=146.2) Mu_E(max=146.2) | Lam_O(max=483.97) Lam_E(max=967.95)

[Projection Start] Batch: 171, Constraints: 33
  [Outer 01/20] Loss (KL=0.0000, Const=950.8397) | Viol_Order(max=2.00, mean=0.0129) | Viol_Exist(max=2.00, mean=1.1940) | Mu_O(max=1.0) Mu_E(max=1.0) | Lam_O(max=0.00) Lam_E(max=0.00)
  [Outer 10/20] Loss (KL=0.0003, Const=70852.0234) | Viol_Order(max=2.00, mean=0.0129) | Viol_Exist(max=2.00, mean=1.1940) | Mu_O(max=10.6) Mu_E(max=10.6) | Lam_O(max=64.03) Lam_E(max=64.03)
  [Outer 20/20] Loss (KL=1.1274, Const=1042045.5625) | Viol_Order(max=1.00, mean=0.0105) | Viol_Exist(max=2.00, mean=1.1987) | Mu_O(max=146.2) Mu_E(max=146.2) | Lam_O(max=558.30) Lam_E(max=967.95)

[Projection Start] Batch: 171, Constraints: 33
  [Outer 01/20] Loss (KL=-0.0000, Const=959.7311) | Viol_Order(max=2.00, mean=0.0131) | Viol_Exist(max=2.00, mean=1.1972) | Mu_O(max=1.0) Mu_E(max=1.0) | Lam_O(max=0.00) Lam_E(max=0.00)
  [Outer 10/20] Loss (KL=0.0716, Const=71434.4297) | Viol_Order(max=2.00, mean=0.0135) | Viol_Exist(max=2.00, mean=1.1965) | Mu_O(max=10.6) Mu_E(max=10.6) | Lam_O(max=64.03) Lam_E(max=64.03)
  [Outer 20/20] Loss (KL=2.5195, Const=1046185.9375) | Viol_Order(max=1.00, mean=0.0112) | Viol_Exist(max=2.00, mean=1.1972) | Mu_O(max=146.2) Mu_E(max=146.2) | Lam_O(max=483.97) Lam_E(max=967.95)

[Projection Start] Batch: 171, Constraints: 33
  [Outer 01/20] Loss (KL=0.0000, Const=959.7731) | Viol_Order(max=2.00, mean=0.0128) | Viol_Exist(max=2.00, mean=1.1972) | Mu_O(max=1.0) Mu_E(max=1.0) | Lam_O(max=0.00) Lam_E(max=0.00)
  [Outer 10/20] Loss (KL=0.0446, Const=71486.3906) | Viol_Order(max=2.00, mean=0.0124) | Viol_Exist(max=2.00, mean=1.1978) | Mu_O(max=10.6) Mu_E(max=10.6) | Lam_O(max=64.03) Lam_E(max=64.03)
  [Outer 20/20] Loss (KL=1.3077, Const=1051857.3750) | Viol_Order(max=2.00, mean=0.0103) | Viol_Exist(max=2.00, mean=1.1981) | Mu_O(max=146.2) Mu_E(max=146.2) | Lam_O(max=558.30) Lam_E(max=967.95)

[Projection Start] Batch: 171, Constraints: 33
  [Outer 01/20] Loss (KL=0.0000, Const=955.0760) | Viol_Order(max=2.00, mean=0.0117) | Viol_Exist(max=2.00, mean=1.1969) | Mu_O(max=1.0) Mu_E(max=1.0) | Lam_O(max=0.00) Lam_E(max=0.00)
  [Outer 10/20] Loss (KL=0.0366, Const=71033.6562) | Viol_Order(max=2.00, mean=0.0117) | Viol_Exist(max=2.00, mean=1.1969) | Mu_O(max=10.6) Mu_E(max=10.6) | Lam_O(max=64.03) Lam_E(max=64.03)
  [Outer 20/20] Loss (KL=0.8511, Const=1050152.6250) | Viol_Order(max=1.00, mean=0.0106) | Viol_Exist(max=2.00, mean=1.1985) | Mu_O(max=146.2) Mu_E(max=146.2) | Lam_O(max=483.97) Lam_E(max=967.95)

[Projection Start] Batch: 171, Constraints: 33
  [Outer 01/20] Loss (KL=0.0000, Const=956.1932) | Viol_Order(max=2.00, mean=0.0117) | Viol_Exist(max=2.00, mean=1.1974) | Mu_O(max=1.0) Mu_E(max=1.0) | Lam_O(max=0.00) Lam_E(max=0.00)
  [Outer 10/20] Loss (KL=0.0500, Const=71216.3828) | Viol_Order(max=1.00, mean=0.0113) | Viol_Exist(max=2.00, mean=1.1978) | Mu_O(max=10.6) Mu_E(max=10.6) | Lam_O(max=32.01) Lam_E(max=64.03)
  [Outer 20/20] Loss (KL=0.9903, Const=1049914.5000) | Viol_Order(max=2.00, mean=0.0124) | Viol_Exist(max=2.00, mean=1.1978) | Mu_O(max=146.2) Mu_E(max=146.2) | Lam_O(max=483.97) Lam_E(max=967.95)

[Projection Start] Batch: 171, Constraints: 33
  [Outer 01/20] Loss (KL=0.0000, Const=966.9293) | Viol_Order(max=2.00, mean=0.0136) | Viol_Exist(max=2.00, mean=1.1971) | Mu_O(max=1.0) Mu_E(max=1.0) | Lam_O(max=0.00) Lam_E(max=0.00)
  [Outer 10/20] Loss (KL=0.1110, Const=71682.5859) | Viol_Order(max=2.00, mean=0.0131) | Viol_Exist(max=2.00, mean=1.1972) | Mu_O(max=10.6) Mu_E(max=10.6) | Lam_O(max=64.03) Lam_E(max=64.03)
  [Outer 20/20] Loss (KL=2.0527, Const=1045376.8750) | Viol_Order(max=2.00, mean=0.0106) | Viol_Exist(max=2.00, mean=1.1994) | Mu_O(max=146.2) Mu_E(max=146.2) | Lam_O(max=483.97) Lam_E(max=967.95)

[Projection Start] Batch: 171, Constraints: 33
  [Outer 01/20] Loss (KL=0.0000, Const=971.6907) | Viol_Order(max=2.00, mean=0.0128) | Viol_Exist(max=2.00, mean=1.1994) | Mu_O(max=1.0) Mu_E(max=1.0) | Lam_O(max=0.00) Lam_E(max=0.00)
  [Outer 10/20] Loss (KL=0.0596, Const=72190.1406) | Viol_Order(max=2.00, mean=0.0119) | Viol_Exist(max=2.00, mean=1.1994) | Mu_O(max=10.6) Mu_E(max=10.6) | Lam_O(max=64.03) Lam_E(max=64.03)
  [Outer 20/20] Loss (KL=1.3010, Const=1060370.2500) | Viol_Order(max=2.00, mean=0.0106) | Viol_Exist(max=2.00, mean=1.2001) | Mu_O(max=146.2) Mu_E(max=146.2) | Lam_O(max=702.45) Lam_E(max=967.95)

[Projection Start] Batch: 171, Constraints: 33
  [Outer 01/20] Loss (KL=-0.0000, Const=976.7719) | Viol_Order(max=2.00, mean=0.0138) | Viol_Exist(max=2.00, mean=1.1995) | Mu_O(max=1.0) Mu_E(max=1.0) | Lam_O(max=0.00) Lam_E(max=0.00)
  [Outer 10/20] Loss (KL=0.1056, Const=72283.3203) | Viol_Order(max=2.00, mean=0.0122) | Viol_Exist(max=2.00, mean=1.1999) | Mu_O(max=10.6) Mu_E(max=10.6) | Lam_O(max=64.03) Lam_E(max=64.03)
  [Outer 20/20] Loss (KL=1.4088, Const=1060207.8750) | Viol_Order(max=1.00, mean=0.0094) | Viol_Exist(max=2.00, mean=1.1999) | Mu_O(max=146.2) Mu_E(max=146.2) | Lam_O(max=483.97) Lam_E(max=967.95)

[Projection Start] Batch: 171, Constraints: 33
  [Outer 01/20] Loss (KL=0.0000, Const=972.0391) | Viol_Order(max=2.00, mean=0.0126) | Viol_Exist(max=2.00, mean=1.1999) | Mu_O(max=1.0) Mu_E(max=1.0) | Lam_O(max=0.00) Lam_E(max=0.00)
  [Outer 10/20] Loss (KL=0.0002, Const=72540.0000) | Viol_Order(max=2.00, mean=0.0126) | Viol_Exist(max=2.00, mean=1.1999) | Mu_O(max=10.6) Mu_E(max=10.6) | Lam_O(max=64.03) Lam_E(max=64.03)
  [Outer 20/20] Loss (KL=1.1940, Const=1063598.2500) | Viol_Order(max=1.00, mean=0.0101) | Viol_Exist(max=2.00, mean=1.1987) | Mu_O(max=146.2) Mu_E(max=146.2) | Lam_O(max=651.26) Lam_E(max=967.95)

[Projection Start] Batch: 171, Constraints: 33
  [Outer 01/20] Loss (KL=0.0000, Const=964.6501) | Viol_Order(max=2.00, mean=0.0126) | Viol_Exist(max=2.00, mean=1.1979) | Mu_O(max=1.0) Mu_E(max=1.0) | Lam_O(max=0.00) Lam_E(max=0.00)
  [Outer 10/20] Loss (KL=0.0653, Const=71595.2969) | Viol_Order(max=2.00, mean=0.0124) | Viol_Exist(max=2.00, mean=1.1965) | Mu_O(max=10.6) Mu_E(max=10.6) | Lam_O(max=64.03) Lam_E(max=64.03)
  [Outer 20/20] Loss (KL=1.2268, Const=1050562.5000) | Viol_Order(max=1.00, mean=0.0094) | Viol_Exist(max=2.00, mean=1.1985) | Mu_O(max=146.2) Mu_E(max=146.2) | Lam_O(max=483.97) Lam_E(max=967.95)

[Projection Start] Batch: 171, Constraints: 33
  [Outer 01/20] Loss (KL=0.0000, Const=956.5895) | Viol_Order(max=1.00, mean=0.0119) | Viol_Exist(max=2.00, mean=1.1967) | Mu_O(max=1.0) Mu_E(max=1.0) | Lam_O(max=0.00) Lam_E(max=0.00)
  [Outer 10/20] Loss (KL=0.0002, Const=71375.5938) | Viol_Order(max=1.00, mean=0.0119) | Viol_Exist(max=2.00, mean=1.1967) | Mu_O(max=10.6) Mu_E(max=10.6) | Lam_O(max=32.01) Lam_E(max=64.03)
  [Outer 20/20] Loss (KL=0.9378, Const=1053464.7500) | Viol_Order(max=2.00, mean=0.0112) | Viol_Exist(max=2.00, mean=1.1958) | Mu_O(max=146.2) Mu_E(max=146.2) | Lam_O(max=483.97) Lam_E(max=967.95)

[Projection Start] Batch: 171, Constraints: 33
  [Outer 01/20] Loss (KL=0.0000, Const=957.2687) | Viol_Order(max=2.00, mean=0.0129) | Viol_Exist(max=2.00, mean=1.1953) | Mu_O(max=1.0) Mu_E(max=1.0) | Lam_O(max=0.00) Lam_E(max=0.00)
  [Outer 10/20] Loss (KL=0.0410, Const=71285.6719) | Viol_Order(max=2.00, mean=0.0129) | Viol_Exist(max=2.00, mean=1.1953) | Mu_O(max=10.6) Mu_E(max=10.6) | Lam_O(max=64.03) Lam_E(max=64.03)
  [Outer 20/20] Loss (KL=1.4241, Const=1047004.3125) | Viol_Order(max=1.00, mean=0.0092) | Viol_Exist(max=2.00, mean=1.1974) | Mu_O(max=146.2) Mu_E(max=146.2) | Lam_O(max=483.97) Lam_E(max=967.95)

[Projection Start] Batch: 171, Constraints: 33
  [Outer 01/20] Loss (KL=0.0000, Const=955.3356) | Viol_Order(max=2.00, mean=0.0115) | Viol_Exist(max=2.00, mean=1.1962) | Mu_O(max=1.0) Mu_E(max=1.0) | Lam_O(max=0.00) Lam_E(max=0.00)
  [Outer 10/20] Loss (KL=0.0409, Const=71173.2969) | Viol_Order(max=2.00, mean=0.0122) | Viol_Exist(max=2.00, mean=1.1955) | Mu_O(max=10.6) Mu_E(max=10.6) | Lam_O(max=64.03) Lam_E(max=64.03)
  [Outer 20/20] Loss (KL=1.6463, Const=1047035.7500) | Viol_Order(max=1.00, mean=0.0096) | Viol_Exist(max=2.00, mean=1.1969) | Mu_O(max=146.2) Mu_E(max=146.2) | Lam_O(max=581.60) Lam_E(max=967.95)

[Projection Start] Batch: 171, Constraints: 33
  [Outer 01/20] Loss (KL=0.0000, Const=955.1167) | Viol_Order(max=2.00, mean=0.0112) | Viol_Exist(max=2.00, mean=1.1965) | Mu_O(max=1.0) Mu_E(max=1.0) | Lam_O(max=0.00) Lam_E(max=0.00)
  [Outer 10/20] Loss (KL=0.0139, Const=71172.0000) | Viol_Order(max=2.00, mean=0.0119) | Viol_Exist(max=2.00, mean=1.1972) | Mu_O(max=10.6) Mu_E(max=10.6) | Lam_O(max=64.03) Lam_E(max=64.03)
  [Outer 20/20] Loss (KL=1.0016, Const=1055290.7500) | Viol_Order(max=2.00, mean=0.0090) | Viol_Exist(max=2.00, mean=1.1983) | Mu_O(max=146.2) Mu_E(max=146.2) | Lam_O(max=743.04) Lam_E(max=967.95)

[Projection Start] Batch: 171, Constraints: 33
  [Outer 01/20] Loss (KL=0.0000, Const=955.2482) | Viol_Order(max=2.00, mean=0.0108) | Viol_Exist(max=2.00, mean=1.1971) | Mu_O(max=1.0) Mu_E(max=1.0) | Lam_O(max=0.00) Lam_E(max=0.00)
  [Outer 10/20] Loss (KL=0.0074, Const=71275.2656) | Viol_Order(max=2.00, mean=0.0115) | Viol_Exist(max=2.00, mean=1.1978) | Mu_O(max=10.6) Mu_E(max=10.6) | Lam_O(max=64.03) Lam_E(max=64.03)
  [Outer 20/20] Loss (KL=1.1588, Const=1050625.7500) | Viol_Order(max=1.00, mean=0.0119) | Viol_Exist(max=2.00, mean=1.1946) | Mu_O(max=146.2) Mu_E(max=146.2) | Lam_O(max=483.97) Lam_E(max=967.95)

[Projection Start] Batch: 171, Constraints: 33
  [Outer 01/20] Loss (KL=0.0000, Const=950.4434) | Viol_Order(max=1.00, mean=0.0126) | Viol_Exist(max=2.00, mean=1.1942) | Mu_O(max=1.0) Mu_E(max=1.0) | Lam_O(max=0.00) Lam_E(max=0.00)
  [Outer 10/20] Loss (KL=0.0380, Const=70786.6016) | Viol_Order(max=1.00, mean=0.0119) | Viol_Exist(max=2.00, mean=1.1949) | Mu_O(max=10.6) Mu_E(max=10.6) | Lam_O(max=32.01) Lam_E(max=64.03)
  [Outer 20/20] Loss (KL=1.3551, Const=1043153.0000) | Viol_Order(max=1.00, mean=0.0106) | Viol_Exist(max=2.00, mean=1.1969) | Mu_O(max=146.2) Mu_E(max=146.2) | Lam_O(max=483.97) Lam_E(max=967.95)

[Projection Start] Batch: 171, Constraints: 33
  [Outer 01/20] Loss (KL=0.0000, Const=953.8795) | Viol_Order(max=1.00, mean=0.0117) | Viol_Exist(max=2.00, mean=1.1969) | Mu_O(max=1.0) Mu_E(max=1.0) | Lam_O(max=0.00) Lam_E(max=0.00)
  [Outer 10/20] Loss (KL=0.0002, Const=71177.8594) | Viol_Order(max=1.00, mean=0.0117) | Viol_Exist(max=2.00, mean=1.1969) | Mu_O(max=10.6) Mu_E(max=10.6) | Lam_O(max=32.01) Lam_E(max=64.03)
  [Outer 20/20] Loss (KL=1.6219, Const=1042404.7500) | Viol_Order(max=1.00, mean=0.0092) | Viol_Exist(max=2.00, mean=1.1981) | Mu_O(max=146.2) Mu_E(max=146.2) | Lam_O(max=483.97) Lam_E(max=967.95)

[Projection Start] Batch: 171, Constraints: 33
  [Outer 01/20] Loss (KL=0.0000, Const=953.0141) | Viol_Order(max=2.00, mean=0.0105) | Viol_Exist(max=2.00, mean=1.1976) | Mu_O(max=1.0) Mu_E(max=1.0) | Lam_O(max=0.00) Lam_E(max=0.00)
  [Outer 10/20] Loss (KL=0.0604, Const=70938.2656) | Viol_Order(max=2.00, mean=0.0112) | Viol_Exist(max=2.00, mean=1.1983) | Mu_O(max=10.6) Mu_E(max=10.6) | Lam_O(max=64.03) Lam_E(max=64.03)
  [Outer 20/20] Loss (KL=1.8494, Const=1045437.1875) | Viol_Order(max=1.00, mean=0.0103) | Viol_Exist(max=2.00, mean=1.1971) | Mu_O(max=146.2) Mu_E(max=146.2) | Lam_O(max=538.80) Lam_E(max=967.95)

[Projection Start] Batch: 171, Constraints: 33
  [Outer 01/20] Loss (KL=0.0000, Const=951.7272) | Viol_Order(max=1.00, mean=0.0105) | Viol_Exist(max=2.00, mean=1.1971) | Mu_O(max=1.0) Mu_E(max=1.0) | Lam_O(max=0.00) Lam_E(max=0.00)
  [Outer 10/20] Loss (KL=0.0372, Const=70880.0938) | Viol_Order(max=1.00, mean=0.0105) | Viol_Exist(max=2.00, mean=1.1969) | Mu_O(max=10.6) Mu_E(max=10.6) | Lam_O(max=32.01) Lam_E(max=64.03)
  [Outer 20/20] Loss (KL=0.4449, Const=1052123.0000) | Viol_Order(max=1.00, mean=0.0094) | Viol_Exist(max=2.00, mean=1.1988) | Mu_O(max=146.2) Mu_E(max=146.2) | Lam_O(max=483.97) Lam_E(max=967.95)

[Projection Start] Batch: 171, Constraints: 33
  [Outer 01/20] Loss (KL=0.0000, Const=954.1703) | Viol_Order(max=1.00, mean=0.0108) | Viol_Exist(max=2.00, mean=1.1981) | Mu_O(max=1.0) Mu_E(max=1.0) | Lam_O(max=0.00) Lam_E(max=0.00)
  [Outer 10/20] Loss (KL=0.0245, Const=71162.4688) | Viol_Order(max=1.00, mean=0.0106) | Viol_Exist(max=2.00, mean=1.1981) | Mu_O(max=10.6) Mu_E(max=10.6) | Lam_O(max=32.01) Lam_E(max=64.03)
  [Outer 20/20] Loss (KL=0.6581, Const=1056939.5000) | Viol_Order(max=1.00, mean=0.0096) | Viol_Exist(max=2.00, mean=1.1981) | Mu_O(max=146.2) Mu_E(max=146.2) | Lam_O(max=483.97) Lam_E(max=967.95)

[Projection Start] Batch: 171, Constraints: 33
  [Outer 01/20] Loss (KL=0.0000, Const=952.1367) | Viol_Order(max=1.00, mean=0.0106) | Viol_Exist(max=2.00, mean=1.1974) | Mu_O(max=1.0) Mu_E(max=1.0) | Lam_O(max=0.00) Lam_E(max=0.00)
  [Outer 10/20] Loss (KL=0.0055, Const=71042.6719) | Viol_Order(max=2.00, mean=0.0113) | Viol_Exist(max=2.00, mean=1.1981) | Mu_O(max=10.6) Mu_E(max=10.6) | Lam_O(max=32.01) Lam_E(max=64.03)
  [Outer 20/20] Loss (KL=0.9801, Const=1050354.5000) | Viol_Order(max=1.00, mean=0.0085) | Viol_Exist(max=2.00, mean=1.1988) | Mu_O(max=146.2) Mu_E(max=146.2) | Lam_O(max=483.97) Lam_E(max=967.95)

[Projection Start] Batch: 171, Constraints: 33
  [Outer 01/20] Loss (KL=0.0000, Const=952.0835) | Viol_Order(max=1.00, mean=0.0101) | Viol_Exist(max=2.00, mean=1.1981) | Mu_O(max=1.0) Mu_E(max=1.0) | Lam_O(max=0.00) Lam_E(max=0.00)
  [Outer 10/20] Loss (KL=0.0979, Const=70632.2578) | Viol_Order(max=1.00, mean=0.0101) | Viol_Exist(max=2.00, mean=1.1981) | Mu_O(max=10.6) Mu_E(max=10.6) | Lam_O(max=32.01) Lam_E(max=64.03)
  [Outer 20/20] Loss (KL=1.5169, Const=1040103.1250) | Viol_Order(max=1.00, mean=0.0110) | Viol_Exist(max=2.00, mean=1.1958) | Mu_O(max=146.2) Mu_E(max=146.2) | Lam_O(max=483.97) Lam_E(max=967.95)

[Projection Start] Batch: 171, Constraints: 33
  [Outer 01/20] Loss (KL=0.0000, Const=951.7003) | Viol_Order(max=1.00, mean=0.0117) | Viol_Exist(max=2.00, mean=1.1958) | Mu_O(max=1.0) Mu_E(max=1.0) | Lam_O(max=0.00) Lam_E(max=0.00)
  [Outer 10/20] Loss (KL=0.0039, Const=70996.7891) | Viol_Order(max=1.00, mean=0.0117) | Viol_Exist(max=2.00, mean=1.1958) | Mu_O(max=10.6) Mu_E(max=10.6) | Lam_O(max=32.01) Lam_E(max=64.03)
  [Outer 20/20] Loss (KL=0.5231, Const=1050338.6250) | Viol_Order(max=1.00, mean=0.0117) | Viol_Exist(max=2.00, mean=1.1958) | Mu_O(max=146.2) Mu_E(max=146.2) | Lam_O(max=483.97) Lam_E(max=967.95)
[DEBUG][shape] time torch.Size([171, 12])
[DEBUG][shape] mask torch.Size([171, 12])
[DEBUG][shape] tau  torch.Size([171, 12])
[DEBUG][shape] cond1 torch.Size([171, 12])
[DEBUG][shape] unpadded_length torch.Size([171]) 11
[DEBUG][shape] content_token torch.Size([171, 25])
[GPU 3] Saved part file to ./data/Istanbul_PO1/Istanbul_PO1_ihfzzq9m_generated_part3.pkl
